rank,symbol,code,name,market,sector,median_turnover,n_obs,sigma,sigma_sq,g,mu,drag,drag_ratio,se_g,se_drag,sigma_sq_lo,sigma_sq_hi,realized_qv,simple_mean,total_log_return,skew,excess_kurtosis,jarque_bera,jb_pvalue,lb_sq_stat,lb_sq_pvalue,normal_ok,no_arch_ok,gbm_score
1,091810.KS,091810,트리니티항공,KOSPI,항공 여객 운송업,1171601636.0,502,1.7388467198914042,3.023587915277095,-0.7456818262944163,0.7661121313441313,1.5117939576385475,1.9733324872249831,1.2319971757821184,0.09551877411792775,2.6815035289854388,3.4359419459481133,3.019771345217297,1.0423372526285883,-1.4854455428563371,-0.7232001859192942,200.79296141694005,826589.4519881808,0.0,125.87680807971928,3.233588779125139e-22,False,False,0.15178665427204707
2,042940.KQ,042940,상지건설,KOSDAQ,건물 건설업,744547055.0,502,1.4038524102214496,1.9708015896845734,0.3544317679676398,1.3398325628099266,0.9854007948422867,0.735465626223983,0.9946490307758469,0.06225998950623592,1.7478279334851032,2.2395776272699757,1.9673741896199752,1.5017532879283848,0.7060505853958539,4.372359711388157,43.08463654679129,39628.51007571074,0.0,2.4910885768364426,0.9910049459901058,False,True,0.35
3,101000.KQ,101000,KS인더스트리,KOSDAQ,특수 목적용 기계 제조업,574019415.0,502,1.3340452039899406,1.7796766062885623,-0.40725982183619713,0.482578481308084,0.8898383031442811,1.8439245378954174,0.9451896506346059,0.05622212170518566,1.578326555713285,2.0223872012694772,1.7767896106013208,0.8093418271971472,-0.8112874228641704,9.029211821761853,149.46412964956087,464738.7920702515,0.0,0.087312703870536,0.9999999987257213,False,True,0.35
4,069460.KS,069460,대호에이엘,KOSPI,1차 비철금속 제조업,545511715.5,502,1.266610102983609,1.6043011529801483,0.3950073184703358,1.19715789496041,0.8021505764900742,0.6700457641108413,0.8974109401605906,0.050681800477628304,1.4227928288559215,1.8230942112203283,1.6017245037187415,1.7399838692022183,0.7868796582226532,16.08200849731309,331.9023981611222,2279964.367777888,0.0,0.03770712129610627,0.9999999999804582,False,True,0.35
5,003620.KS,003620,KG모빌리티,KOSPI,자동차용 엔진 및 자동차 제조업,1306060740.0,502,1.2259508788173459,1.5029555572730229,-1.190800175712647,-0.4393223970761355,0.7514777786365114,,0.8686033122257624,0.047480171374904304,1.3329133280275542,1.7079272000122883,1.5055886261002758,-0.6823753346584297,-2.3721495563799557,-17.986534162697172,373.7789146990114,2891240.431526238,0.0,0.027856125277626355,0.9999999999956825,False,True,0.35
6,376900.KQ,376900,로킷헬스케어,KOSDAQ,의료용품 및 기타 의약 관련제품 제조업,22690847050.0,307,1.2237830593603003,1.4976449763772564,0.5982451471396324,1.3470676353282607,0.7488224881886282,0.5558907871809652,1.108754817104752,0.06053871007136367,1.286028280226008,1.7664559912058713,1.494186881185285,1.3586985459703638,0.7288145244915363,0.4971446828745155,2.654134249820835,98.43792949961401,4.211872385873851e-22,13.277871287790715,0.20854802731995353,False,True,0.8474209798997614
7,288330.KQ,288330,파라택시스코리아,KOSDAQ,"그외 기타 전문, 과학 및 기술 서비스업",1782562590.0,502,1.2049930853409994,1.4520083357196207,-0.8379793474074818,-0.11197517954767144,0.7260041678598104,,0.8537544229716846,0.04587068744923202,1.287730201816081,1.6500318450664728,1.451902434020961,-0.11852905836766622,-1.6693080650736345,-0.3885244981444113,5.879828317956129,718.4974827363285,9.555512679717656e-157,379.0433420439761,2.7003660962299706e-75,False,False,0.3595060924823468
8,069540.KQ,069540,빛과전자,KOSDAQ,통신 및 방송 장비 제조업,870787415.0,502,1.1894433716569184,1.4147755343785782,-0.05874656727524079,0.6486411999140483,0.7073877671892891,1.0905686645914956,0.8427372337485858,0.044694458531559955,1.2547098660469225,1.6077212698566505,1.4119709514977066,0.6667229293997291,-0.11702689195305904,0.9834997162893653,4.110989191090461,424.9262703231376,5.3509733924769574e-93,88.50446614209812,1.0596370357934816e-14,False,False,0.399438838648305
9,187660.KQ,187660,페니트리움바이오,KOSDAQ,자연과학 및 공학 연구개발업,1812206910.0,502,1.1663364729206571,1.3603407680649988,0.10754384445181968,0.787714228484319,0.6801703840324994,0.8634735281362758,0.8263656734158067,0.04297479887774352,1.2064337708714385,1.5458627421288171,1.3576768214470607,0.7785743292398133,0.2142341663286249,-0.848968175714063,18.532138706283884,7092.420128849461,0.0,11.925865709794046,0.29004868518888427,False,True,0.4934021216190625
10,062970.KQ,062970,한국첨단소재,KOSDAQ,통신 및 방송 장비 제조업,1858486971.675293,502,1.1640846428623373,1.355093055747935,-0.037610800101339034,0.6399357277726285,0.6775465278739675,1.058772777435396,0.8247702203833711,0.04280901734219867,1.2017797771753371,1.5398993518204467,1.3523992805727483,0.6594684873876193,-0.07492310178917538,1.1091433972825162,5.876030185275482,807.3416841326251,4.8750692069158956e-176,158.5106138907301,6.575859360693268e-29,False,False,0.3116357485104355
11,299660.KQ,299660,셀리드,KOSDAQ,자연과학 및 공학 연구개발업,1629718170.0,502,1.1494027317323534,1.3211266397137962,-0.01841385416717211,0.642149465689726,0.6605633198568981,1.0286753398562654,0.8143678813845927,0.04173597745988947,1.1716562725792476,1.5013006284244623,1.3184962588558373,0.6599779263829868,-0.036681566634604756,1.0265470792841445,7.112465075480115,1121.3302131012324,3.2080271074794854e-244,97.56289061678723,1.6734979456384495e-16,False,False,0.26150259965111855
12,468530.KQ,468530,프로티나,KOSDAQ,자연과학 및 공학 연구개발업,13783005000.0,254,1.1469374354554571,1.315465480849141,0.7559504933935488,1.4136832338181193,0.6577327404245705,0.4652617536165762,1.1424130097897796,0.05847957366617165,1.1132686337298794,1.5785426805036962,1.312554185863129,1.4248753631808544,0.7619501004839737,0.6039043789534214,1.1582259371463781,28.34415573828726,7.000753469863938e-07,11.377085644622781,0.32890379707993206,False,True,0.9076195408981849
13,010170.KQ,010170,대한광통신,KOSDAQ,절연선 및 케이블 제조업,1664332379.5,502,1.1223179353055788,1.2595975479085775,1.2151932806448131,1.8449920545991019,0.6297987739542887,0.3413558190586017,0.7951779250056291,0.03979219954222792,1.1170884936906873,1.4313802578734809,1.262948289086784,1.8626904089618537,2.4207421701733978,0.7628306164076399,3.278445158777462,267.1518210705128,9.743593103194587e-59,47.198838463461,8.687946640270823e-07,False,False,0.45161459342783816
14,357880.KQ,357880,SKAI,KOSDAQ,소프트웨어 개발 및 공급업,1513631320.0,502,1.1071171554858072,1.2257083959709851,-0.16099516878151837,0.4518590292039742,0.6128541979854926,1.3562951238689165,0.7844079602965984,0.038721600525536734,1.087033511642431,1.3928693357776996,1.2233696007177877,0.4579838922907711,-0.3207125981282628,0.3687320147169519,7.154821039641524,1057.3658475222348,2.4884191454609496e-230,87.42176444159233,1.735353829921484e-14,False,False,0.303450918901668
15,347700.KQ,347700,스피어,KOSDAQ,소프트웨어 개발 및 공급업,3469739100.0,502,1.1064821076810603,1.2243026546183216,1.3496463506140037,1.9617976779231645,0.6121513273091608,0.31203591185672525,0.7839580200615075,0.03867719146765723,1.0857868138437787,1.3912718807626279,1.2290921589616028,1.9786987118875823,2.6885812222548804,0.6884352468145076,2.6966478387549806,187.18471263137928,2.2560883544291427e-41,6.688004674427683,0.7545342615381556,False,True,0.8327551641350587
16,093240.KS,093240,형지엘리트,KOSPI,봉제의복 제조업,1430336927.5,502,1.104008065698205,1.2188338091266921,-0.5596224863296585,0.049794418233687576,0.6094169045633461,12.238658993932281,0.782205126778404,0.038504424069507034,1.0809367056623083,1.3850571993486502,1.2176486205030705,0.05844283931446329,-1.1148035243551133,0.6063037380871026,5.54780343306032,658.8853706306799,8.41123301166649e-144,92.5065569758216,1.702832703745715e-15,False,False,0.3599285963064788
17,210120.KQ,210120,캔버스엔,KOSDAQ,"영화, 비디오물, 방송프로그램 제작 및 배급업",686014650.0,502,1.0947540454179152,1.198486419958891,-0.33260843196766404,0.2666347780117814,0.5992432099794455,2.2474307907161593,0.7756485242213601,0.0378616256048126,1.0628913908284254,1.3619348526892607,1.1965379982759115,0.2538126878815813,-0.6625771144752672,-0.9933783388852558,8.192014222873159,1453.9777926575284,0.0,89.68651914465194,6.179957679342609e-15,False,False,0.21513413737835752
18,448900.KQ,448900,한국피아이엠,KOSDAQ,자동차 신품 부품 제조업,2947016390.0,502,1.0930643071849984,1.1947895796418204,0.4239557777048988,1.021350567525809,0.5973947898209102,0.584906699829894,0.7744513210941664,0.037744837978624476,1.0596128057056866,1.3577338408222945,1.1931227687398556,1.0297482123100685,0.8445468270153142,0.5048593344424073,2.6066662753166163,159.22644476441263,2.657154657331754e-35,102.84255431291226,1.4682973665902303e-17,False,False,0.4990427286479251
19,226950.KQ,226950,올릭스,KOSDAQ,자연과학 및 공학 연구개발업,33641274800.0,502,1.0543110327808114,1.111571753843341,1.1382638064582862,1.6940496833799568,0.5557858769216705,0.32808121413108154,0.7469940851733087,0.0351158869020352,0.9858101249813632,1.263166847460901,1.1144989138822659,1.7072819383735853,2.2674937731827765,0.6701518282019795,1.8958260511353728,110.10872584722968,1.2308183929375516e-24,53.7003402452577,5.517369603308396e-08,False,False,0.5200110391521096
20,087010.KQ,087010,펩트론,KOSDAQ,기초 의약물질 제조업,46869139500.0,502,1.049136586131658,1.1006875763599897,0.5566966515484487,1.1070404397284435,0.5503437881799949,0.4971306995027155,0.7433279174858023,0.03477204266147626,0.9761573676779475,1.2507982962528361,1.0997247778240038,1.1096243421596086,1.1089750757036558,0.01211579285322315,5.7277342995735,669.8334387412991,3.5279049863709473e-146,5.633797946667148,0.8450347447530774,False,True,0.7414442369956442
21,209640.KQ,209640,와이제이링크,KOSDAQ,특수 목적용 기계 제조업,2553417422.4333496,443,1.0422829864545935,1.0863538238527064,-1.0008916288029777,-0.45771471687662446,0.5431769119263532,,0.7861113305075367,0.03653803309797889,0.9562354987330431,1.245111501868085,1.0878768914267367,-0.4800984552352981,-1.7595039347607901,-2.2807453284819235,31.188610968846852,17919.29872302426,0.0,0.4524446424693489,0.9999959088375584,False,True,0.3979503114345384
22,445680.KQ,445680,큐리옥스바이오시스템즈,KOSDAQ,의료용 기기 제조업,6448552550.0,502,1.0401825162514085,1.0819796671151114,0.10806357113663924,0.6490534046941949,0.5409898335575557,0.8335058866418643,0.7369838339745702,0.03418103733685798,0.9595660443674483,1.229539020221639,1.079870669352679,0.6199927150142334,0.21526949488330516,-2.9575424601469535,35.777981422174605,26955.23121435039,0.0,3.185514096592365,0.9767148678953456,False,True,0.35283050265686977
23,307870.KQ,307870,비투엔,KOSDAQ,소프트웨어 개발 및 공급업,529493762.5,502,1.0389410183004122,1.0793984395070975,-0.4630161077852805,0.07668311196826821,0.5396992197535487,7.038045351848507,0.7361042153446646,0.034099493256201,0.9572768531370455,1.2266057672589574,1.0780989732381308,0.080043996064207,-0.9223574845563922,0.28537131299559837,5.795292949583132,692.5220593738032,4.175855949773291e-151,38.42495569305219,3.200097253474629e-05,False,False,0.37018706306905247
24,389140.KQ,389140,포바이포,KOSDAQ,"영화, 비디오물, 방송프로그램 제작 및 배급업",1184630380.0,502,1.0344244069938624,1.070033853784604,-0.19937963264245417,0.3356372942498478,0.535016926892302,1.5940330114031855,0.7329041331809404,0.03380365474467128,0.9489717631691054,1.215964048284038,1.0680600592190441,0.34945882977060627,-0.39717688724806344,1.1530726797340671,7.059040993035033,1128.7692261282193,7.778160047156917e-246,173.91649621435562,4.2830148172053094e-32,False,False,0.25547164333115235
25,323280.KQ,323280,태성,KOSDAQ,특수 목적용 기계 제조업,15641266275.0,502,1.0332799212961767,1.0676673957538332,0.9629868819745309,1.4968205798514473,0.5338336978769166,0.3566450816235418,0.7320932490868209,0.033728895492936395,0.9468730427949943,1.213274854968319,1.0692205037280256,1.5036545914886454,1.9183310109175178,0.24307532203388024,3.462527020060172,249.02135421920192,8.427523908391815e-55,22.67679468814955,0.01200454686772587,False,False,0.47798126262836693
26,380550.KQ,380550,뉴로핏,KOSDAQ,소프트웨어 개발 및 공급업,9691145600.0,256,1.0276306839735931,1.0560248226440347,-0.8127923703262733,-0.2847799590042559,0.5280124113220174,,1.019570711030001,0.04676156512166981,0.8942674683700083,1.266267862179764,1.0545212790030436,-0.27651640471395134,-0.8256938365219284,0.863366502385145,2.4969235374320427,94.16214775111717,3.572312257534865e-21,16.3168045535394,0.09091555609737587,False,True,0.8300806739898817
27,295310.KQ,295310,에이치브이엠,KOSDAQ,1차 비철금속 제조업,9537127320.0,502,1.0261219089526068,1.052926172032542,0.7833438781778078,1.3098069641940788,0.526463086016271,0.4019394463520833,0.7270216974137428,0.033263202528712864,0.933799619915348,1.1965232372420167,1.0532637398220988,1.3193313311325636,1.5604707414494428,0.5978537409598977,2.157948539689677,124.1413695029484,1.1041908003929646e-27,39.37727137926265,2.1802374478685246e-05,False,False,0.5130353996499714
28,476060.KQ,476060,온코닉테라퓨틱스,KOSDAQ,자연과학 및 공학 연구개발업,12047817540.0,399,1.0204390793229214,1.0412959146094114,0.7774045186710724,1.298052475975778,0.5206479573047057,0.40109931373407826,0.8109627473861234,0.036907755135928845,0.910514359312477,1.202585654653071,1.041084395593547,1.3111604289120102,1.2308904878958646,0.9465865021437341,2.9788334983685267,201.5344645215779,1.7272176706082967e-44,37.3791198046478,4.865232651975802e-05,False,False,0.452846725763834
29,000500.KS,000500,가온전선,KOSPI,절연선 및 케이블 제조업,5828331376.1015625,502,1.0122839016715184,1.0247186975833125,0.927441610701281,1.439800959492937,0.5123593487916562,0.35585429042365463,0.7172172760730176,0.03237209452859829,0.9087834985394152,1.164468854381287,1.0260907107585606,1.4473249327999842,1.8475225736985834,0.3400471132956512,4.216056889814834,371.9843909682741,1.6773196088621303e-81,160.09695443601606,3.0942782893467697e-29,False,False,0.4376076324052891
30,006490.KS,006490,프리티,KOSPI,전기 통신업,616205700.0,502,1.0100109013753031,1.0201220208969524,-0.809041787009891,-0.29898077656141486,0.5100610104484762,,0.7156068236314912,0.03222687999063856,0.9047068832394926,1.1592452873208337,1.020687320448937,-0.2933915744095202,-1.6116626074562115,0.506525565683968,5.863961226966154,723.4685932764907,7.957763991574845e-158,38.415591385585294,3.212161497240255e-05,False,False,0.35235337374092524
31,160190.KQ,160190,하이젠알앤엠,KOSDAQ,"전동기, 발전기 및 전기 변환 · 공급 · 제어 장치 제조업",7525675650.0,502,1.0045156073857415,1.009051605481545,0.4945653748169404,0.9990911775577129,0.5045258027407725,0.5049847442093226,0.7117133311241959,0.03187715227010062,0.894888958695688,1.1466650992295,1.0080121572445129,1.0070590713686802,0.9852056276115242,0.6001854660416435,3.7520873603639924,316.7555480393929,1.6497065059230867e-69,8.631600212605399,0.5673859068186978,False,True,0.7911437043808441
32,065500.KQ,065500,오리엔트정공,KOSDAQ,자동차 신품 부품 제조업,812535820.0,502,1.000364800355639,1.0007297337905772,-0.020163032897976652,0.4802018339973119,0.5003648668952886,1.041988662829825,0.7087724263970544,0.03161425434731437,0.8875086115940397,1.1372082986293515,0.9987378615503979,0.4978704490030915,-0.040166041725334445,1.6407743434855735,6.1734809160429585,1002.2663460471251,2.2941840559948243e-218,415.8744370208039,3.925775690249136e-83,False,False,0.2628084025456954
33,474650.KQ,474650,링크솔루션,KOSDAQ,특수 목적용 기계 제조업,4575102750.0,288,1.0002211444889544,1.0004423378827938,0.15057005489903807,0.650791223840435,0.5002211689413969,0.7686353942966573,0.9356212084211455,0.04175765638299141,0.8549972285802774,1.1866484658348881,0.9970585454057497,0.6607924490464769,0.1720800627417578,0.9996009456511372,2.9346052967222533,145.8337382530305,2.1508300755797388e-32,10.964534761337509,0.3602877508443266,False,True,0.8013026986040894
34,347850.KQ,347850,디앤디파마텍,KOSDAQ,자연과학 및 공학 연구개발업,30038039700.0,502,0.9979053378152766,0.9958150632402212,0.9831044434273769,1.4810119750474875,0.4979075316201106,0.3361941294256892,0.7070298628524899,0.031458994001223047,0.8831499797983532,1.1316233700055922,0.9976666629216552,1.4930478187681664,1.958406470637076,0.7854372286540541,2.8780021567399867,219.7138696568465,1.9486749626844663e-48,5.253357861225335,0.8736235408440655,False,True,0.8181274210364303
35,356680.KQ,356680,엑스게이트,KOSDAQ,소프트웨어 개발 및 공급업,3734382277.5,502,0.9955789639470262,0.9911774734538341,0.5399274665722724,1.0355162032991894,0.49558873672691706,0.47859100142320776,0.7053815944900682,0.031312486969289455,0.8790370802476735,1.126353310155625,0.990359848355873,1.049624599252462,1.0755697945209555,1.1854809740892018,4.328681072055987,498.92313799353497,4.573167808891255e-109,157.00412407607425,1.3449590027553842e-28,False,False,0.3761772868182005
36,456010.KQ,456010,아이씨티케이,KOSDAQ,반도체 제조업,6451706290.0,502,0.9931915487359056,0.9864294524804269,0.40105189276749975,0.8942666190077132,0.49321472624021345,0.5515298410528722,0.7036900774840704,0.031162491283510133,0.8748262435355808,1.1209577586188753,0.9851027179389303,0.905746163601598,0.7989208340050986,1.0115622066622154,3.062468877545925,275.88517613719654,1.2367877708213346e-60,26.499453402532712,0.0031234542233326773,False,False,0.44475142006628565
37,013360.KS,013360,일성건설,KOSPI,토목 건설업,776191389.5,502,0.9876168381970393,0.9753870190903169,0.03368077352348521,0.5213742830686436,0.48769350954515844,0.9354000099021937,0.6997403172429175,0.03081364754876279,0.865033135170993,1.1084093687147107,0.9734485186257531,0.5372634216458964,0.06709423932059355,1.514462094454359,6.7180039565037895,1112.778228624252,2.3082235262841034e-242,179.12674613934647,3.556663168825384e-33,False,False,0.24672568232703895
38,203400.KQ,203400,에이비온,KOSDAQ,자연과학 및 공학 연구개발업,1094321769.3271484,502,0.9873298738131908,0.9748202797239712,-0.8677519360533138,-0.3803417961913282,0.4874101398619856,,0.6995369989708656,0.030795743571423756,0.8645305158811115,1.107765337975135,0.975866475793793,-0.3782351046319305,-1.7286169519792205,0.14810667792519974,8.55447718812335,1498.0080154039674,0.0,137.8140196059943,1.1816279062512294e-24,False,False,0.2551747480061026
39,389470.KQ,389470,인벤티지랩,KOSDAQ,자연과학 및 공학 연구개발업,7557176350.0,502,0.9869784097618753,0.9741263813360802,0.37263433086094483,0.8596975215289849,0.4870631906680401,0.5665518144123423,0.6992879817839818,0.030773822487853184,0.8639151241584215,1.106976806388164,0.9727369077768289,0.8693570478364658,0.7423112463975965,0.8734705943626458,2.337762863295054,174.35323111510925,1.3793577278368032e-38,81.72763158914,2.300101650320951e-13,False,False,0.4865692981942129
40,036930.KQ,036930,주성엔지니어링,KOSDAQ,특수 목적용 기계 제조업,16581705989.18457,502,0.9863050583663655,0.9727976681590796,0.8802196548383582,1.366618488917898,0.4863988340795398,0.35591413260088056,0.6988109029201076,0.030731846842567606,0.8627367396784683,1.1054668845777469,0.9739343743603643,1.376163135362932,1.7534534394002215,0.47542448039601565,13.175587267533786,3571.5713856529596,0.0,74.87703667772718,5.027315401411745e-12,False,False,0.1683050346402657
41,100790.KQ,100790,미래에셋벤처투자,KOSDAQ,기타 금융업,2125269522.1518555,502,0.9841357513151558,0.9685231770166463,0.5767458377424288,1.061007426250752,0.4842615885083231,0.4564167757237504,0.6972739185902517,0.030596810532943462,0.8589458583136043,1.1006094424178339,0.9679138311587374,1.07029295459535,1.148914327566267,0.7028266756837442,6.523743459895805,910.462931972224,1.974632740154037e-198,90.06544419017654,5.19824843391838e-15,False,False,0.3095764325924393
42,355390.KQ,355390,크라우드웍스,KOSDAQ,소프트웨어 개발 및 공급업,645139680.0,502,0.9825622521966658,0.9654285794417844,-0.7575541674760724,-0.2748398777551802,0.4827142897208922,,0.6961590724983567,0.030499048478383847,0.8562013790557484,1.0970928065827807,0.9657827495308263,-0.2673059160152643,-1.5090960002896363,0.7437466426900247,6.52169222685662,914.8382600350404,2.2151131557172543e-199,32.876919029846746,0.0002856654498289766,False,False,0.3069407402787838
43,199430.KQ,199430,케이엔알시스템,KOSDAQ,"측정, 시험, 항해, 제어 및 기타 정밀기기 제조업; 광학기기 제외",1695662085.0,502,0.9821121188760394,0.9645442140431839,0.25537245346505855,0.7376445604866505,0.48227210702159196,0.6538001265859261,0.6958401467567181,0.030471110313159737,0.85541706948589,1.0960878322761818,0.962881601266003,0.7464109602830789,0.5087181414264261,0.8179317200410966,3.5254511156078276,308.7315566720391,9.115789205804496e-68,70.7119361755938,3.230211408610451e-11,False,False,0.4368259184615746
44,314130.KQ,314130,지놈앤컴퍼니,KOSDAQ,기초 의약물질 제조업,866664510.0,502,0.9778981700390174,0.9562848309656589,-0.3565724621791681,0.12156995330366133,0.47814241548282943,3.9330640712554192,0.6928545051778987,0.030210186480732246,0.8480921411258704,1.0867020424268659,0.95488442047137,0.10384464946163352,-0.7103149841823111,-2.1170745731876335,29.16026246463796,17792.67115588825,0.0,2.1381452000427488,0.9951674973458339,False,True,0.4088616951208244
45,043260.KQ,043260,성호전자,KOSDAQ,전자부품 제조업,825607410.5,502,0.9758968787325187,0.9523747179198724,1.2648291080370981,1.7410164669970343,0.4761873589599362,0.27351111720458376,0.6914365623487128,0.030086661312864978,0.8446244126440783,1.0822586719002358,0.9568259407483856,1.7535050269140309,2.519619889819934,0.6786335403763244,5.3196037168097465,615.8808427776529,1.8330496814219911e-134,121.3842339806002,2.649446257197924e-21,False,False,0.3653755967184731
46,025950.KQ,025950,동신건설,KOSDAQ,토목 건설업,923741754.2177734,502,0.9755406803246534,0.9516796189682876,-0.31035351361062075,0.16548629587352304,0.4758398094841438,2.875403107987963,0.6911841908041204,0.030064702302045228,0.8440079561877435,1.0814687760178416,0.9501660622928627,0.17771120557582404,-0.6182439040973478,1.2401750754072933,7.281002686029854,1211.2568991891321,9.52590524995383e-264,120.40784038810709,4.1820177257234135e-21,False,False,0.23967654076817035
47,378800.KQ,378800,샤페론,KOSDAQ,기초 의약물질 제조업,2067658301.5,502,0.973440464459231,0.9475863378466035,-0.8728770449026285,-0.39908387597932676,0.47379316892330176,,0.6896961585439252,0.029935390634642466,0.8403777830026123,1.076817257128151,0.9487221852450468,-0.39792567560022757,-1.7388264942107918,0.08995781409364277,6.431292555073245,845.5432041822936,2.4695970995843814e-184,51.990054895004164,1.1459625472121765e-07,False,False,0.3545946474154611
48,166480.KQ,166480,코아스템켐온,KOSDAQ,의약품 제조업,980725515.0,502,0.9701958330694257,0.941279954505277,-0.872179423201598,-0.4015394459489595,0.4706399772526385,,0.6873972919083751,0.029736164409786353,0.8347848947986812,1.069650815252851,0.9424235335105678,-0.40993118077797974,-1.7374367874888978,-0.944903168686381,8.780012106778772,1650.4852855647741,0.0,135.1272298904984,4.1900898126505426e-24,False,False,0.19190591061586315
49,377030.KQ,377030,비트맥스,KOSDAQ,소프트웨어 개발 및 공급업,561031860.0,502,0.9686445010260408,0.9382721693679876,-1.0491810070804788,-0.580044922396485,0.4691360846839938,,0.68629815149865,0.02964114486440704,0.8321174061441194,1.066232831252652,0.9407712790222255,-0.5770029215343618,-2.09003518077143,0.25919475169972606,6.001224288814196,741.0427043590918,1.2151260211141851e-161,9.87393975654898,0.4516218279795573,False,True,0.7126652568900461
50,270520.KQ,270520,앱튼,KOSDAQ,"건축기술, 엔지니어링 및 관련 기술 서비스업",1006272850.0,502,0.9653762031716596,0.9319512136501293,-0.7020682118234057,-0.23609260499834106,0.46597560682506467,,0.6839825168425581,0.029441458280672236,0.8265115942613702,1.0590498296340338,0.9320506886132508,-0.2246903518352748,-1.398564453711705,1.210147744345145,6.006659812634862,858.5854692718356,3.6352495258082415e-187,141.84029412904863,1.7679722925657283e-25,False,False,0.2990237921417549
51,072770.KQ,072770,멤레이비티,KOSDAQ,"컴퓨터 프로그래밍, 시스템 통합 및 관리업",524953092.0,502,0.9635437784173854,0.9284166129268514,-0.7592880036076428,-0.2950796971442171,0.4642083064634257,,0.6826842183230427,0.029329795998131028,0.8233768931782183,1.0550331834416322,0.928854948365245,-0.2968256772915297,-1.5125499119485584,-0.24437236477675037,9.330963573900283,1785.5113282551106,0.0,59.66041716708876,4.201985763066605e-09,False,False,0.21381514818937064
52,475830.KQ,475830,오름테라퓨틱,KOSDAQ,기초 의약물질 제조업,12431091300.0,305,0.9623461958780855,0.9261102007210225,0.9720216505209016,1.4350767508814128,0.46305510036051123,0.32266922314510804,0.874745434785285,0.037558728221165,0.7948688181545828,1.0929541491363328,0.9268230837107196,1.440937051943713,1.1764547754320436,0.3259392695363416,1.8835677932415713,48.05627913322063,3.6703846150781684e-11,10.208740953654502,0.4223746709955392,False,True,0.8935101646683732
53,459510.KQ,459510,나우로보틱스,KOSDAQ,특수 목적용 기계 제조업,2525535585.0,309,0.9562780982153639,0.9144678011263933,0.09994606757911363,0.5571799681423103,0.4572339005631966,0.8206215705989159,0.863585297447308,0.03684495770047211,0.7856279579989869,1.0780018318631361,0.9115479981520177,0.5804118094980202,0.12255291619819886,2.3949636207975393,15.662061656871408,3342.1691169540854,0.0,0.7356726816785686,0.9999586417139896,False,True,0.39033575861349734
54,950160.KQ,950160,코오롱티슈진,KOSDAQ,기초 의약물질 제조업,16128662050.0,502,0.9558117456817019,0.9135760931831024,0.23323758571072695,0.6900256323022782,0.4567880465915512,0.6619870700563294,0.6772059651886826,0.028860966153285622,0.8102154084852243,1.0381687277962124,0.9119720925962017,0.6795333263979672,0.46462407947136874,-1.2834198852911431,9.298323471858943,1905.0835753368228,0.0,424.85077934340995,4.804587438787574e-85,False,False,0.14601411808027132
55,327260.KQ,327260,RF머트리얼즈,KOSDAQ,전자부품 제조업,829993168.265625,502,0.9554537003851178,0.9128917735796144,0.9595987972139618,1.416044684003769,0.4564458867898072,0.3223386182272425,0.67695228509765,0.02883934767502019,0.8096085118170522,1.0373910813391078,0.9147273507832473,1.424372233601721,1.9115817309579715,0.5292624894306355,2.9692571768342946,202.5990852674626,1.0143027777727803e-44,143.574273247189,7.793825787693593e-26,False,False,0.48109926108041434
56,396270.KQ,396270,넥스트칩,KOSDAQ,반도체 제조업,2084338500.0,502,0.9550822101559419,0.9121820281563586,-0.8446880068045516,-0.38859699272637227,0.4560910140781793,,0.6766890790841815,0.028816925964567298,0.8089790659697774,1.0365845415132318,0.913196273073373,-0.3882672241960676,-1.6826721405392258,0.06310615168613637,2.704572830841335,148.97320877823384,4.475883129750207e-33,17.317149274165153,0.06763428940276595,False,True,0.8740871458330641
57,437730.KQ,437730,삼현,KOSDAQ,자동차 신품 부품 제조업,7762302626.800781,502,0.9547898032391666,0.9116235683694864,0.8420082879737322,1.2978200721584754,0.4558117841847432,0.35121338771302696,0.6764819047015719,0.028799283549089096,0.8084837895196607,1.0359499195142667,0.9126209897568983,1.3087514393814224,1.6773339704873553,0.8740867146622034,3.7380386116146473,348.18824760120447,2.4653733758206307e-76,19.124829014054807,0.03870551288625214,False,False,0.423515814833194
58,225190.KQ,225190,LK삼양,KOSDAQ,사진장비 및 광학기기 제조업,1751667866.0,502,0.9547156384861337,0.9114819503699859,-0.22778143394863523,0.22795954123635773,0.45574097518499296,1.9992186890412373,0.6764293579386894,0.02879480966637612,0.8083581939768588,1.0357889877873185,0.9098721396770111,0.24243234338298397,-0.45375507873894794,1.5867200505393277,6.161764486372132,984.7995967231659,1.4239170204597098e-214,31.66151389515576,0.00045588602691976646,False,False,0.2669392614106323
59,322000.KS,322000,HD현대에너지솔루션,KOSPI,반도체 제조업,6074514100.0,502,0.9540013695530697,0.9101186131091326,0.8081286144218388,1.2631879209764052,0.4550593065545663,0.36024672101267363,0.675923288428239,0.028751740204691865,0.8071491027320816,1.0342397198935784,0.9108971828139252,1.2750761766791419,1.6098435096815997,0.9717163062853794,5.634046898981822,726.5717325615167,1.6863702065263807e-158,72.00383225928901,1.816441888183503e-11,False,False,0.33168680246012605
60,417840.KQ,417840,저스템,KOSDAQ,특수 목적용 기계 제조업,1050464425.9387207,502,0.9527671384052551,0.9077652200249384,0.6869869131689453,1.1408695231814145,0.4538826100124692,0.39783919264209794,0.675048818429834,0.028677393690312695,0.8050619691552898,1.031565373309366,0.9078297442773269,1.1510058374408343,1.3685215492492482,0.8803325083830961,3.4684434715881647,309.39843275913523,6.531064481580029e-68,25.475771120610872,0.004513045504294328,False,False,0.43523120988632624
61,226590.KQ,226590,엠디바이스,KOSDAQ,전자부품 제조업,4726957750.0,350,0.9524051359670848,0.9070755430164813,0.02721675066756319,0.48075452217580383,0.45353777150824065,0.943387426613513,0.8081425560950657,0.03433331563747979,0.7862163818209322,1.0582723756616739,0.9044868380980092,0.4869360920622513,0.037801042593837764,0.7293600960848468,3.3050895227895962,183.94715901885306,1.1386282066599792e-40,22.415556006844625,0.013122044973468285,False,False,0.45264696506881175
62,007390.KQ,007390,네이처셀,KOSDAQ,기초 의약물질 제조업,9000478125.0,502,0.9505915047180523,0.9036242088421309,0.4202851502668769,0.8720972546879424,0.45181210442106545,0.5180753660126298,0.6735073515900555,0.028546574172946634,0.801389466019475,1.0268596149784246,0.9025251114408968,0.8794749589961947,0.8372347041030643,0.6264435763134827,8.532526935549518,1521.141875389735,0.0,89.03340135871386,8.325454904363946e-15,False,False,0.22427338281270615
63,179900.KQ,179900,유티아이,KOSDAQ,전자부품 제조업,1749213875.0,502,0.9499018410084458,0.9023135075512345,-1.2163103033617981,-0.7651535495861809,0.45115675377561726,,0.6730187152239198,0.02850516754477861,0.8002270555867486,1.0253701614979274,0.9063867478806883,-0.7733341930571629,-2.422967350347709,-1.07954022223971,9.236132298329041,1841.4141610127601,0.0,303.3459459944279,3.0494038442548464e-59,False,False,0.16240469842587912
64,030530.KQ,030530,원익홀딩스,KOSDAQ,기초 화학물질 제조업,16815467800.0,502,0.9493928967083041,0.9013468723201845,0.9229382688150852,1.3736117049751775,0.45067343616009226,0.3280937651650518,0.6726581210822785,0.028474630376726515,0.7993697840749113,1.024271697477743,0.9029315790669522,1.386771799464003,1.8385516307348126,1.0993011441686302,3.2583016914540917,316.5705448548235,1.8095876274409813e-69,11.36689217851848,0.32965699712997265,False,True,0.7800896809399905
65,000250.KQ,000250,삼천당제약,KOSDAQ,의약품 제조업,52529148076.78125,502,0.9492989036787627,0.9011684085257007,0.010420788858702042,0.4610049931215524,0.45058420426285034,0.9773954967642738,0.6725915257086821,0.028468992491091572,0.7992115114173555,1.0240688949615,0.8993736832573884,0.46091819677279383,0.02075887304392232,-0.06962252027958607,7.820026326088641,1250.3724189860345,3.0554772549741666e-272,34.719948896799636,0.00013937443724788422,False,False,0.29345731397403885
66,090710.KQ,090710,휴림로봇,KOSDAQ,특수 목적용 기계 제조업,14899485215.0,502,0.9492743352078725,0.9011217634843484,0.572070939375955,1.0226318211181291,0.4505608817421742,0.44058953812872576,0.6725741186040743,0.028467518918206147,0.7991701437288672,1.02401588851398,0.9006253714790405,1.0320981695692533,1.1396016332013073,0.8331141228664827,6.210346428525806,845.4358321819874,2.6058033618073154e-184,58.15908850205429,8.068451659074696e-09,False,False,0.3149934691919065
67,389500.KQ,389500,에스비비테크,KOSDAQ,일반 목적용 기계 제조업,1906091875.0,502,0.9479636966888364,0.8986351702399642,0.3729965626251894,0.8223141477451714,0.4493175851199821,0.546406244319199,0.6716455129164927,0.02838896445076916,0.7969648800663565,1.0211901760590116,0.8973971493697632,0.8301320094823502,0.7430328350708137,0.7815409980518842,3.017624652250902,236.01460640352255,5.6244413855818684e-52,20.489811551362024,0.024945835804441128,False,False,0.46210415744525046
68,108490.KQ,108490,로보티즈,KOSDAQ,특수 목적용 기계 제조업,39472270450.0,502,0.9464507179929225,0.8957689615893185,1.272397854982741,1.7202823357774002,0.44788448079465926,0.2603552169779498,0.6705735463888732,0.028298417476661817,0.7944229501384447,1.0179330766114203,0.9004091497649064,1.73255630179827,2.534697314291016,0.7775913124876805,2.70924058356787,199.44460358064956,4.910826715260208e-44,12.127839577649494,0.2765918068541365,False,True,0.8262447529069338
69,355150.KQ,355150,코스텍시스,KOSDAQ,반도체 제조업,999013005.0,502,0.9448054029297818,0.8926572494053072,0.27611887829413706,0.7224475029967907,0.4463286247026536,0.617800771476452,0.6694078176976246,0.02820011475104144,0.7916632925936934,1.014396992093176,0.8911815938837029,0.7267160355036546,0.550046336919273,0.43462737396575407,2.216667693193153,115.3631197535682,8.896451959886743e-26,47.34090831115404,8.185582966883981e-07,False,False,0.5212747955419246
70,475150.KS,475150,SK이터닉스,KOSPI,건물 건설업,12903510100.0,502,0.9441307114443146,0.8913828002923477,0.6260863873336919,1.0717777874798657,0.44569140014617387,0.4158431023226879,0.6689297893613076,0.028159853372719843,0.7905330328196527,1.0129487348280013,0.8911626300594491,1.081716498073406,1.2472038350853705,0.8674669476074733,6.903278856568514,1036.2619326607537,9.518760933396181e-226,60.32404986029795,3.1469062173293845e-09,False,False,0.28152132161391874
71,348370.KQ,348370,엔켐,KOSDAQ,기초 화학물질 제조업,20676618800.0,502,0.9440595364158725,0.8912484082977521,-0.9924268611132434,-0.5468026569643674,0.44562420414887605,,0.6688793608600351,0.02815560776818155,0.7904138457419577,1.0127960145816022,0.8933813903424923,-0.5440899448693354,-1.976977318566858,0.2831941503301636,4.156184017534147,358.7894522047496,1.2298732941116584e-78,75.37432104510722,4.022808467832642e-12,False,False,0.4440921091889525
72,484810.KQ,484810,티엑스알로보틱스,KOSDAQ,일반 목적용 기계 제조업,2596992370.0,342,0.9432463937835962,0.8897137593857591,-0.1241611451248092,0.3206957345680704,0.44485687969287957,1.3871618226916422,0.8096780591984701,0.03406890063789828,0.7699300103415867,1.0399584837571039,0.8871734317286611,0.3286640719337093,-0.1685044112408125,0.9702351009734453,4.472272601934742,327.7723311990667,6.68563433955509e-72,113.62440246600865,9.895517791860812e-20,False,False,0.3840653928480402
73,024840.KQ,024840,KBI메탈,KOSDAQ,1차 비철금속 제조업,1951946125.0,502,0.9425150952865555,0.8883347048430249,0.37485322614920497,0.8190205785707174,0.44416735242151245,0.5423152531730451,0.6677851027591261,0.028063560376163442,0.7878297945037611,1.0094849430339328,0.8871227127703559,0.8315837926095672,0.7467314266940512,1.2841545084120631,6.5279349578101815,1007.6476706961173,1.556282582623653e-219,196.6056616618656,8.232392029407318e-37,False,False,0.27063262633773766
74,489500.KQ,489500,엘케이켐,KOSDAQ,기타 화학제품 제조업,1963866600.0,358,0.9290981913081547,0.8632234490920845,-0.703302717639477,-0.2716909930934348,0.43161172454604224,,0.7795076321133231,0.032305325658686275,0.7493703855792382,1.0052953631052242,0.8627750465687356,-0.2672478787606558,-0.9991364004560825,0.5891187331443931,4.844213176318497,358.5257341857693,1.4032207927929018e-78,33.905341135759265,0.00019164183461842547,False,False,0.3927358248560415
75,027360.KQ,027360,아주IB투자,KOSDAQ,기타 금융업,1624996876.869629,502,0.9284818372128809,0.8620785220342068,0.15935993778946053,0.5903991988065639,0.4310392610171034,0.7300810398936999,0.6578423435061032,0.027234096022822597,0.7645441984396294,0.9796479671029609,0.860462010291598,0.6031055573651393,0.3174551141678936,1.444446252603101,6.252063730433644,971.8720345777685,9.134170908700507e-212,55.19124449844428,2.9086321897818534e-08,False,False,0.2723607152902794
76,290690.KQ,290690,아리바이오홀딩스,KOSDAQ,전구 및 조명장치 제조업,3087958970.0,502,0.9256574421795589,0.8568417002624035,-0.5141568577690485,-0.08573600763784678,0.42842085013120174,,0.655841220195727,0.027068658532684035,0.7598998631481678,0.9736969525820075,0.8561838810889237,-0.08462770160763311,-1.024233105555803,0.11651550550383379,8.409134522238109,1446.833120844683,0.0,91.94952732633519,2.1972249061605356e-15,False,False,0.2638212461323628
77,465770.KS,465770,STX그린로지스,KOSPI,해상 운송업,812773390.0,502,0.9225911518669482,0.8511744335031823,-0.7012115051526377,-0.2756242884010466,0.42558721675159117,,0.6536687107030557,0.026889622768350895,0.7548737827958257,0.9672567893975675,0.8514300477555882,-0.2687364950679637,-1.3968578396294609,0.8021365974023622,8.613127814180336,1570.3107994076418,0.0,189.75540665783578,2.198282967428743e-35,False,False,0.20893347520172734
78,033340.KQ,033340,좋은사람들,KOSDAQ,봉제의복 제조업,1231177149.0,502,0.9217351039022843,0.8495956017657549,-0.9313712034789161,-0.5065734025960387,0.42479780088287744,,0.6530621887694457,0.026839745577303935,0.7534735778094931,0.9654626380964554,0.8513454513541256,-0.5118585015984485,-1.8553505720095869,-0.7718390963775563,12.061417754093302,3026.3534428985495,0.0,12.79764223611657,0.2352069926027449,False,True,0.4985440602414962
79,124500.KQ,124500,아이티센글로벌,KOSDAQ,"컴퓨터 프로그래밍, 시스템 통합 및 관리업",4985490100.0,502,0.9192011666356164,0.8449307847442781,0.8776197968857685,1.3000851892579075,0.42246539237213904,0.3249520845732298,0.6512668588416077,0.026692378404309044,0.7493365314739262,0.9601616377870942,0.8463040704048354,1.3075131464259735,1.7482743572883166,0.5771270472188285,1.823190053606587,94.95629700216607,2.401607852992342e-21,29.133443580178323,0.0011855381109002925,False,False,0.5294813111064484
80,082270.KQ,082270,젬백스,KOSDAQ,특수 목적용 기계 제조업,8162972200.0,502,0.9185689550275592,0.8437689251404221,0.02804174864247888,0.44992621121268994,0.42188446257021106,0.937674783234127,0.6508189280914656,0.026655673863820332,0.7483061229939268,0.958841324880689,0.8420912309440127,0.44779363237045533,0.05586094372430317,-0.3100956794431677,7.32791361857171,1105.3685411308124,9.381473555591954e-241,11.761451527802896,0.30133891331992424,False,True,0.6495708418680619
81,413630.KQ,413630,씨피시스템,KOSDAQ,플라스틱제품 제조업,652092229.9598389,502,0.9158049173374841,0.8386986466195161,0.10937345389053596,0.528722777200294,0.41934932330975805,0.7931364817122254,0.6488605688013837,0.026495497675026094,0.7438094884895842,0.9530795666200484,0.8370754026301142,0.5389475721814113,0.2178788644962264,1.2159303299946398,6.300413673511056,933.7313777702526,1.749071354758719e-203,59.34199738754014,4.826526023154954e-09,False,False,0.2854193626923598
82,088340.KQ,088340,유라클,KOSDAQ,소프트웨어 개발 및 공급업,893201640.0,482,0.9155865208292301,0.8382986771241742,-0.5409063700195167,-0.12175703145742961,0.4191493385620871,,0.6620276702471013,0.027027834118157693,0.7416770225705315,0.9552177017653618,0.8377204988105029,-0.1154705751149026,-1.03459075535479,0.7779433245034182,7.876236350198344,1264.6606627930698,2.412272325258275e-275,109.97675579024038,5.393638515245574e-19,False,False,0.2437064759408467
83,032820.KQ,032820,우리기술,KOSDAQ,"전동기, 발전기 및 전기 변환 · 공급 · 제어 장치 제조업",24707454272.5,502,0.9139166421203722,0.8352436287445764,0.7467028592680156,1.1643246736403037,0.4176218143722882,0.3586815806853756,0.6475226994492612,0.026386349510257243,0.7407453663658159,0.9491533567087952,0.8357923569736913,1.1740419303371346,1.4874795053672374,0.9032891685919435,5.450275382352004,674.227381550471,3.920886965390594e-147,94.9773569294026,5.488038173668028e-16,False,False,0.34451832988803033
84,388790.KQ,388790,라이콤,KOSDAQ,통신 및 방송 장비 제조업,1436864322.5,502,0.9108365084301311,0.8296231450891923,0.06455313913081893,0.4793647116754151,0.41481157254459616,0.8653360634219383,0.6453403817302817,0.02620879168036926,0.735760776144256,0.9427663568631898,0.8279870454839535,0.4887414609256974,0.12859395176059962,1.1654680740383043,4.6930374551559035,562.2267502910344,8.203749392468177e-123,173.03540796211502,6.521632375500928e-32,False,False,0.36111544291543074
85,033790.KQ,033790,피노,KOSDAQ,일차전지 및 이차전지 제조업,1756321435.0,502,0.9102234051715992,0.8285066473221813,-0.26124756426800644,0.1530057593930842,0.41425332366109063,2.7074361468762773,0.6449059895125356,0.026173520174794226,0.7347705973281489,0.9414975921975923,0.8271270701576049,0.15611749593984153,-0.5204217351688065,0.4526425404819403,2.962411484069337,195.51296010712204,3.506712346702999e-43,18.32508289929193,0.049721363096489044,False,False,0.4865153138514171
86,452280.KQ,452280,한선엔지니어링,KOSDAQ,기타 금속 가공제품 제조업,2336965860.0,502,0.9030886124220097,0.8155690418863109,0.04364176573023266,0.4514262866733881,0.4077845209431554,0.9033247132065928,0.639850889245944,0.02576480567867794,0.723296733956219,0.9267955684950139,0.813951960311895,0.4586101812578235,0.08693716824038411,0.91505917783353,4.933765893018339,566.2943649697828,1.0733493073226591e-123,54.22252766745272,4.410464530645125e-08,False,False,0.3669765896252728
87,052710.KQ,052710,아모텍,KOSDAQ,전자부품 제조업,884121581.3110352,502,0.9005460683210014,0.8109832211684136,0.4772450201200211,0.8827366307042279,0.4054916105842068,0.45935740795158175,0.6380494612558224,0.02561993409380193,0.7192297463961073,0.9215843379296287,0.8102715374153203,0.8888254259763343,0.9507023813502009,0.651895521148891,3.3584575271254273,264.9477461870396,2.9331070861940614e-58,103.01177177912471,1.3578985322173596e-17,False,False,0.45540970986942964
88,466100.KQ,466100,클로봇,KOSDAQ,소프트웨어 개발 및 공급업,26955119550.0,437,0.8995060558593783,0.8091111445276948,0.6791973032849649,1.0837528755488122,0.4045555722638474,0.37329134841647416,0.6830675332409787,0.027399960745445755,0.7115971213541521,0.928251087455645,0.8090902227888918,1.090307574262571,1.1778143711727367,0.6159150992889544,4.233100506467999,344.2333653190097,1.7810432979561048e-75,12.470952852900027,0.25477253535529937,False,True,0.7684494705896764
89,463020.KQ,463020,뉴엔AI,KOSDAQ,소프트웨어 개발 및 공급업,1869305180.0,270,0.8985656380544665,0.8074202058922306,-1.0740203403154318,-0.6703102373693165,0.4037101029461153,,0.8680968794818248,0.03481035687664346,0.6866236870169758,0.9633381897937602,0.8090072197781241,-0.6651237591024464,-1.1507360789093912,0.7309566876792394,2.7914131270360674,106.87689086421095,6.194097359299737e-24,99.17259643394381,7.978277354603822e-17,False,False,0.47565596343809435
90,331740.KQ,331740,아우토크립트,KOSDAQ,소프트웨어 개발 및 공급업,1715466000.0,264,0.8967915749357864,0.8042351288758082,-1.4158072103280794,-1.0136896458901754,0.4021175644379041,,0.8761729205209328,0.03506631801001146,0.6827112587071074,0.9615487143806417,0.8091431886780416,-1.0085917437818472,-1.4832266012960833,0.5960056874804067,1.3155781100658128,33.14272393994522,6.355488523421136e-08,18.84728435847272,0.042245829601430945,False,False,0.5510652725483447
91,123330.KQ,123330,제닉,KOSDAQ,기타 화학제품 제조업,2744946060.0,502,0.8943740518466684,0.7999049446166271,1.0969575765520625,1.496910048860376,0.39995247230831354,0.2671853747075881,0.6336765014208497,0.025269958030523128,0.7094048501135827,0.9089952166076485,0.8030865716654445,1.508294591790457,2.185209140591807,0.9814587688763192,3.3629534007907322,310.3333628759838,4.092290695831522e-68,66.74313773767348,1.8783907644230475e-10,False,False,0.4332365123726625
92,131400.KQ,131400,이브이첨단소재,KOSDAQ,전자부품 제조업,964973910.0,502,0.8938838481004295,0.7990283338948319,-0.46544498659326167,-0.06593081964584574,0.3995141669474159,,0.6333291852232715,0.025242264844854062,0.7086274178675535,0.9079990545532673,0.7982963226991541,-0.05945657284570927,-0.9271959653564181,0.8389998870530088,9.68171002743782,1975.6428384750864,0.0,21.956953192736943,0.015325405006010666,False,False,0.15838972296176412
93,126340.KQ,126340,비나텍,KOSDAQ,일차전지 및 이차전지 제조업,2247099553.234375,502,0.8925682991624955,0.7966781686698301,0.27265873718540046,0.6709978215203155,0.39833908433491505,0.5936518294983089,0.63239710043535,0.02516802030242402,0.7065431469546096,0.9053283760405999,0.795386171425086,0.6752554526367881,0.5431535161391707,0.5078230540752475,3.619544745264337,288.2770725378831,2.5201655396001484e-63,63.869044133474155,6.666582066494682e-10,False,False,0.4532656161914217
94,046970.KQ,046970,우리로,KOSDAQ,기타 전문 도매업,873795363.0,502,0.8925531226576565,0.7966510767659336,0.6886944638894128,1.0870200022723795,0.3983255383829668,0.3664380945615356,0.6323863476698038,0.02516716443663767,0.7065191201897392,0.9052975893687378,0.7969462655432065,1.102251054707656,1.3719230987003384,1.7290507509564614,7.40462654548465,1369.1430487921114,4.9472571711582765e-298,305.74054745823514,9.501722483158781e-60,False,False,0.20152175538942663
95,101670.KQ,101670,하이드로리튬,KOSDAQ,"구조용 금속제품, 탱크 및 증기발생기 제조업",1769540510.0,502,0.8917991028832097,0.7953056399032976,-0.8935020531933813,-0.49584923324173247,0.3976528199516488,,0.6318521141333019,0.025124660470034706,0.7053259041178808,0.903768663112419,0.7968894050815757,-0.4894645188504889,-1.7799128202503072,0.8015247646088866,7.41211288146809,1176.2061667768314,3.891133168086832e-256,91.94857691345749,2.1981804643653e-15,False,False,0.26301993602667684
96,340360.KQ,340360,다보링크,KOSDAQ,통신 및 방송 장비 제조업,976761885.5,502,0.8915997797327073,0.7949501672194123,-0.4653859310693114,-0.0679108474596053,0.3974750836097061,,0.6317108908985695,0.02511343066096397,0.7050106491019837,0.9033647114035801,0.7942260617240051,-0.0730233299150615,-0.9270783230031521,-0.7049237203331268,8.89525136477366,1659.2631888430772,0.0,33.141340784745076,0.0002578806232815398,False,False,0.2027187738963102
97,168360.KQ,168360,펨트론,KOSDAQ,특수 목적용 기계 제조업,2695154926.625,502,0.8906199754223498,0.793203940621307,0.45303118085718164,0.8496331511678351,0.3966019703106535,0.46679201460714825,0.6310166858663657,0.025058265265196788,0.7034619880686569,0.9013803360906464,0.7924382866252239,0.8540222322656735,0.9024668761520047,0.47260446106125653,2.4150952491932216,136.9744100182984,1.8046159168116574e-30,43.02348123420188,4.92518272493386e-06,False,False,0.5098137497155546
98,044490.KQ,044490,태웅,KOSDAQ,기타 금속 가공제품 제조업,3482394675.0,502,0.8904838991470668,0.7929615746401635,0.3594949165213746,0.7559757038414563,0.39648078732008174,0.5244623409262792,0.6309202739256686,0.025050608632727216,0.7032470430258955,0.9011049164685895,0.7918948135407756,0.7632985592078422,0.7161366987846431,0.8859208324918595,4.123600844271633,411.87834721645663,3.645468032646573e-90,35.80779623638496,9.082321819092752e-05,False,False,0.4053765731749859
99,080220.KQ,080220,제주반도체,KOSDAQ,반도체 제조업,14737617805.0,502,0.8893380722180354,0.7909222066964915,0.7891850196201641,1.1846461229684098,0.39546110334824575,0.33382213952410095,0.6301084395504167,0.024986182549737963,0.7014384062370573,0.8987874214734943,0.7918181445917304,1.1930902443954332,1.5721066660687395,0.8155658875119197,4.147256458884295,405.92240575215754,7.162581068143791e-89,51.486689628119905,1.4199560662698112e-07,False,False,0.4090024001827455
100,287840.KQ,287840,인투셀,KOSDAQ,자연과학 및 공학 연구개발업,8325691200.0,298,0.8888442121285848,0.7900440334344846,-0.5512347037880106,-0.15621268707076835,0.3950220167172423,,0.8173682937344192,0.032415899338258836,0.6769194635054034,0.934263105362449,0.788598671414873,-0.1602878151224816,-0.6518569116223301,-0.42425959326454066,3.069146180761024,120.43792801442504,7.034548459371322e-27,4.870071317009903,0.899686556199453,False,True,0.8336044489814513
101,200710.KQ,200710,에이디테크놀로지,KOSDAQ,반도체 제조업,5362778470.0,502,0.8885454563979598,0.7895130280854586,0.13920354581123914,0.5339600598539684,0.3947565140427293,0.7392997037094692,0.6295468601767762,0.024941664904737808,0.7001886600665019,0.8971860604300412,0.7880171883156492,0.5387850413352577,0.2773023015763574,0.6497128426269125,2.7267349739294797,186.20603508808432,3.6802153471415906e-41,8.97993151908553,0.5340092074693461,False,True,0.8339827366647126
102,007660.KS,007660,이수페타시스,KOSPI,전자부품 제조업,94925271326.91406,502,0.888403509090723,0.7892607949647104,0.338930218192348,0.7335606156747032,0.3946303974823552,0.5379656282656179,0.6294462885279787,0.024933696557475907,0.6999649642381134,0.8968994279973087,0.7881444102927351,0.7361360322696568,0.6751705140180899,0.2721986576177598,2.9095622220044053,178.29864085172136,1.9184128449127214e-39,10.208237061174925,0.4224179300772526,False,True,0.8509231228352845
103,006340.KS,006340,대원전선,KOSPI,절연선 및 케이블 제조업,9772515202.5,502,0.887449958632507,0.7875674290768383,0.6664200146063585,1.0602037291447777,0.39378371453841915,0.37142268387988797,0.6287706847165276,0.024880201095040234,0.6984631833303219,0.8949751224877586,0.787760933290763,1.0718418683701716,1.3275509814777458,1.3163724824011431,5.308935547822273,719.3741068570015,6.164494706163601e-157,102.35541364511577,1.8387133798394613e-17,False,False,0.3233397348545881
104,200470.KQ,200470,에이팩트,KOSDAQ,반도체 제조업,1987804405.0,502,0.8870001167453764,0.7867692071063114,0.0738114559722933,0.46719605952544896,0.3933846035531557,0.8420118182347969,0.6284519654595894,0.024854984304182762,0.697755271045031,0.8940680397676387,0.7852235573370364,0.46893669909759605,0.14703710673845727,0.24947987933575394,2.694959529798062,152.7588190116982,6.742856552265548e-34,29.13808834485216,0.0011834843158026872,False,False,0.5120948292033702
105,317690.KQ,317690,퀀타매트릭스,KOSDAQ,의료용 기기 제조업,565660170.0,502,0.886183268503985,0.7853207853764059,-0.2045065521961605,0.18815384049204245,0.39266039268820296,2.086911389431935,0.6278732170771559,0.02480922692191936,0.6964707216656078,0.8924220836662601,0.7839223653492963,0.2029030620277196,-0.4073900365177483,2.014715134307937,7.8746132155199575,1605.0891293214554,0.0,121.32128026966022,2.728597536578241e-21,False,False,0.16132806301440605
106,382150.KQ,382150,온코크로스,KOSDAQ,자연과학 및 공학 연구개발업,1709877120.0,400,0.8850025748705932,0.7832295575275798,-0.5571955666220961,-0.1655807878583062,0.3916147787637899,,0.7024490168278231,0.02772602578798575,0.6849711929632143,0.9043772802310707,0.7825034951395677,-0.15867909899207616,-0.8844374073366605,1.033434684289635,3.6100941718917126,280.7265650215367,1.0990082276359834e-61,34.98372706532649,0.0001256661688833403,False,False,0.41865011664556395
107,089890.KQ,089890,코세스,KOSDAQ,특수 목적용 기계 제조업,2307148875.0,502,0.8842831693364461,0.7819567235717099,0.2699696785184805,0.6609480403043355,0.39097836178585493,0.591541752065454,0.6265269702910907,0.02470295216866415,0.6934872649731667,0.8885992343271968,0.7806882615987624,0.6615478935623115,0.5377967405407826,0.02679087722299632,3.2070035037433557,209.35127269964593,3.466959301820129e-46,68.44894013237096,8.827644538265711e-11,False,False,0.503898783850016
108,222800.KQ,222800,심텍,KOSDAQ,전자부품 제조업,17276105450.0,502,0.8831969896730618,0.7800369225675585,0.6131767799924326,1.0031952412762117,0.39001846128377926,0.3887762274346701,0.6257573968362407,0.024642303348915807,0.691784667492349,0.886417612696581,0.7799750711541721,1.008165134715699,1.2214870776039728,0.47557430572961684,3.1844343735639455,225.15511303425257,1.2828870418886968e-49,45.96018983237998,1.4582528800917437e-06,False,False,0.47499549947431463
109,432720.KQ,432720,퀄리타스반도체,KOSDAQ,반도체 제조업,2164179090.0,502,0.8824280924964669,0.7786793384269531,-0.3138068256129737,0.07553284360050289,0.38933966921347657,5.154574495734785,0.6252126224526245,0.02459941563521072,0.6905806784680727,0.8848748825281306,0.7775189570798388,0.07805875653357773,-0.6251231208639396,0.4200455610155218,2.796608648325363,173.65127697020958,1.9593152474776374e-38,23.384749006457618,0.009412121942564161,False,False,0.49614957342432386
110,332570.KQ,332570,PS일렉트로닉스,KOSDAQ,전자부품 제조업,4170824860.0,502,0.8818885818508041,0.7777274707988223,0.5983879218993996,0.9872516572988108,0.38886373539941116,0.3938851178668764,0.6248303716284677,0.024569344993473397,0.6897365037738086,0.8837932001024403,0.7775991180677339,0.9977382889752083,1.192026733307534,1.224206592825792,5.2066038314461665,677.8877479134436,6.2884826305072e-148,16.54270535047297,0.08511523527663085,False,True,0.6840890547298697
111,098120.KQ,098120,마이크로컨텍솔,KOSDAQ,전자부품 제조업,1664531053.8564453,502,0.8818309076998598,0.7776257497747586,0.6527619701561641,1.0415748450435434,0.3888128748873793,0.37329326522965794,0.624789508687378,0.02456613150413793,0.6896462913200476,0.8836776064623151,0.7777675603283948,1.0410602879381217,1.3003432897555331,-0.37988305318716764,8.69058509865625,1556.2433279072088,0.0,7.682799684885098,0.6597890401550873,False,True,0.5835981336813243
112,119850.KQ,119850,지엔씨에너지,KOSDAQ,"전동기, 발전기 및 전기 변환 · 공급 · 제어 장치 제조업",7184302254.802246,502,0.8807319103159766,0.7756886978488295,1.09507566713707,1.4829200160614848,0.3878443489244148,0.2615409764003981,0.6240108536986159,0.024504937707049163,0.687928394661921,0.8814763812456939,0.7789021945600283,1.4941068546428267,2.18146025755083,1.0015160974619206,4.0582247278403765,419.0888280051372,9.908713810481005e-92,34.10232599986675,0.00017746939066470485,False,False,0.4006121474163884
113,031980.KQ,031980,피에스케이홀딩스,KOSDAQ,특수 목적용 기계 제조업,13687297050.0,502,0.8794820599546236,0.7734886937820281,0.3225790129105606,0.7093233598015747,0.38674434689101406,0.5452299597171049,0.6231253172693708,0.0244354369359773,0.6859772958897955,0.878976342726494,0.7723608051254737,0.7121149349687759,0.6425978749250056,0.3325209700704448,2.004178887525155,90.56457988815146,2.1584965027834063e-20,100.2399705936179,4.87911553988535e-17,False,False,0.5376438853900051
114,475400.KQ,475400,씨메스로보틱스,KOSDAQ,특수 목적용 기계 제조업,5415245950.0,439,0.8791040577857661,0.7728239444153995,-0.03987041878463227,0.34654155342306747,0.38641197220769974,1.1150523462216877,0.6660522426661052,0.026111301308180603,0.6798763141773821,0.8863326738029846,0.7710698335437072,0.3514240252107344,-0.06945680097799034,0.7436939716095238,2.529821653242376,153.3699734657018,4.967449001437002e-34,16.79092839206136,0.07912011999211069,False,True,0.8365784274967916
115,308430.KQ,308430,셀비온,KOSDAQ,의약품 제조업,3936671200.0,445,0.8787939917818965,0.77227887999196,-0.18102384227599438,0.2051155977199856,0.38613943999598,1.8825454733243632,0.6613134322209828,0.025915982331025437,0.6799682295116265,0.8848566807102315,0.7706734600548032,0.20629524584907571,-0.31966511830483135,0.2256807031505224,3.7671960611922293,259.17437222063666,5.260174443389929e-57,24.17421909974942,0.007151147623631274,False,False,0.46543079703631485
116,389020.KQ,389020,자람테크놀로지,KOSDAQ,반도체 제조업,2772619025.0,502,0.8777092761395148,0.7703735734213509,-0.4173047306738494,-0.03211794396317391,0.38518678671067547,,0.6218692751878567,0.02433702654196221,0.6832146157645825,0.8754363852277068,0.7695300093055577,-0.02812246193506518,-0.8312975190407634,0.6332284182985826,2.99183640176404,215.39911737276142,1.6852951039402914e-47,28.093401002074906,0.0017441162092138804,False,False,0.4731521340340461
117,125020.KQ,125020,티씨머티리얼즈,KOSDAQ,절연선 및 케이블 제조업,3157079727.5,305,0.8756162581217133,0.7667038314870708,0.026483982377380443,0.4098358981209158,0.3833519157435354,0.9353790565960458,0.7959103778831537,0.031093946282558328,0.6580523224279873,0.9048298281674417,0.7641928317715965,0.4170304048627763,0.03205402629008347,1.1052974537010278,4.031748526222914,259.4074275183847,4.681584127645417e-57,4.844888402678189,0.9012957179769522,False,True,0.744884819406567
118,122640.KQ,122640,예스티,KOSDAQ,특수 목적용 기계 제조업,2159497795.0,502,0.8701429573244592,0.7571487661813556,0.15086879940951736,0.5294431825001952,0.3785743830906778,0.7150425118384413,0.6165084326796696,0.02391923899587246,0.6714860441874106,0.8604079914133952,0.7557308247014752,0.5272214921525029,0.30054022739514963,-0.39154372071885346,7.493001494313345,1160.2060694560093,1.1599868936708531e-252,81.534461516877,2.5100828791951146e-13,False,False,0.2867120180413092
119,212710.KQ,212710,아이에스티이,KOSDAQ,반도체 제조업,1708306600.0,366,0.8700542488584733,0.756994395956682,-0.6377227477100541,-0.2592255497317131,0.378497197978341,,0.7219482365325576,0.028017619591030593,0.6581408496317969,0.8800475154822478,0.7565399556658662,-0.25722618746123893,-0.9262163716741263,0.3940800642029497,2.156606816718053,77.34868181962572,1.5993633936240428e-17,24.681608197936935,0.005982814479444212,False,False,0.526680688967491
120,462350.KQ,462350,이노스페이스,KOSDAQ,"항공기,우주선 및 부품 제조업",1916616113.2294922,502,0.869976073185172,0.7568583679146917,-0.18212511501958983,0.19630406893775604,0.37842918395734587,1.9277704532825448,0.61639019293724,0.023910064965807862,0.671228501162802,0.8600779889086162,0.7554823071510873,0.19085005838511923,-0.36280479261838927,-0.7672190897925356,5.572011237871298,682.7742435918492,5.463322166840854e-149,22.897029883697982,0.011133105992630251,False,False,0.3481115549762892
121,462860.KQ,462860,더즌,KOSDAQ,전기 통신업,2854100871.144043,338,0.8697304849660752,0.7564311164793244,-0.19108662767723408,0.1871289305624281,0.3782155582396622,2.021149573734595,0.7509769600559534,0.029136637942472662,0.6540522296276914,0.8850178105655848,0.7543380518156031,0.1940613457239004,-0.256298730773433,1.1164877816025083,3.5386400271689924,239.05914863035613,1.2273415888586436e-52,37.34171041904669,4.938440712723666e-05,False,False,0.4163286800038948
122,240810.KQ,240810,원익IPS,KOSDAQ,특수 목적용 기계 제조업,15767038764.269531,502,0.8697164505379098,0.7564067043362606,0.5835835242112605,0.9617868763793908,0.3782033521681303,0.3932298947474331,0.616206246667257,0.023895796370835814,0.6708279381517653,0.8595647278829492,0.7562513852541141,0.9671307956254994,1.1625354331510032,0.538311901594872,5.830550465631006,718.2361335121047,1.0889432722745767e-156,122.44937470989173,1.6098407126286495e-21,False,False,0.35173776894027986
123,419530.KQ,419530,SAMG엔터,KOSDAQ,"영화, 비디오물, 방송프로그램 제작 및 배급업",4263999850.0,502,0.8686040280758468,0.7544729575895864,0.4075543078599616,0.7847907866547548,0.3772364787947932,0.4806841329047701,0.615418079823187,0.02383470698832983,0.6691129727296682,0.8573672586027715,0.753629152434356,0.7890857000491407,0.8118740577210346,0.4866909873732032,5.213135163980368,574.3386072914707,1.922897145160881e-125,6.4443950772330805,0.77664842716619,False,True,0.7329628517960032
124,254490.KQ,254490,미래반도체,KOSDAQ,기타 전문 도매업,1270545850.0,502,0.867387600095667,0.7523612487997207,0.09923338951586709,0.4754140139157274,0.37618062439986033,0.7912695322156462,0.614556223617588,0.02376799557111491,0.6672401796338884,0.8549675569860047,0.7509015976632434,0.48209177624049826,0.1976792124482749,0.9370554543061258,6.229916613579189,865.7200533424259,1.0263109917299231e-188,48.0951754583226,5.96321091564782e-07,False,False,0.30718338876852813
125,025560.KS,025560,미래산업,KOSPI,"측정, 시험, 항해, 제어 및 기타 정밀기기 제조업; 광학기기 제외",501245984.3676758,502,0.8670152457045242,0.7517154362840763,0.3467505133405836,0.7226082314826218,0.37585771814203817,0.5201403772703596,0.614292405333302,0.023747593578008416,0.6666674334170466,0.8542336691765883,0.7506951218366628,0.7263940850296658,0.6907490384800514,0.37082415542036806,10.575458857140333,2299.3018383989734,0.0,49.93763267490871,2.7405024380160094e-07,False,False,0.17527838963864206
126,330860.KQ,330860,네패스아크,KOSDAQ,"그외 기타 전문, 과학 및 기술 서비스업",1115514405.0,502,0.8655188664958923,0.7491229082603342,0.18421432421069858,0.5587757783408657,0.3745614541301671,0.6703251440896858,0.6132321997741549,0.023665692503644743,0.6643682202836917,0.8512875746582798,0.7477652939206697,0.5636376630911661,0.3669666299752805,0.676770676355703,4.30287555304476,415.58098889148727,5.724464550186279e-91,43.58216085662895,3.911961546671621e-06,False,False,0.4112525550226056
127,460940.KQ,460940,피앤에스로보틱스,KOSDAQ,의료용 기기 제조업,1344534706.2875977,493,0.8648528146823874,0.747970391064048,-0.39095691567401414,-0.016971720141990165,0.373985195532024,,0.6183281432988603,0.023844425170165773,0.6626435706269862,0.8510002403950752,0.7470597466875317,-0.013088575157553657,-0.7648482516955912,0.6416945845106344,3.3457258422331337,257.29222575908733,1.348040866092415e-56,26.649386888935748,0.0029583044540766037,False,False,0.45666269813213334
128,051980.KQ,051980,중앙첨단소재,KOSDAQ,통신 및 방송 장비 제조업,6973951500.0,502,0.8646092634184502,0.7475491783889952,-1.2338057997997058,-0.8600312106052083,0.3737745891944976,,0.6125877332954988,0.023615976486675776,0.6629725399456591,0.8494992210108782,0.7521008173597699,-0.8475587544329936,-2.457819490077192,1.6664940247744082,5.829103367714488,924.7623808242707,1.550245459975416e-201,4.9797551202307035,0.8925262827230721,False,True,0.6265907468012208
129,310210.KQ,310210,보로노이,KOSDAQ,자연과학 및 공학 연구개발업,20819622650.0,502,0.8645859295457672,0.7475088295685183,0.45704600694312436,0.8308004217273834,0.37375441478425914,0.4498726830291642,0.6125712009209561,0.023614701818970702,0.6629367561326756,0.8494533694568202,0.7468487009029028,0.8326766594446446,0.9104646646247954,0.15810269739325913,2.05797372894048,87.90151503499759,8.17388521528598e-20,7.188179445456014,0.7075682536439586,False,True,0.8968510023714611
130,474610.KQ,474610,RF시스템즈,KOSDAQ,기타 금속 가공제품 제조업,1285049670.0,394,0.8630304352927028,0.7448215322415122,0.4814907824251343,0.8539015485458904,0.3724107661207561,0.4361284585499753,0.690205270218736,0.02656690423485893,0.6507405911549723,0.8610041242529669,0.7438510959658085,0.8590001463662965,0.7528070169662815,0.6473660852734642,2.7568857751646707,147.59452258980448,8.917777656484547e-33,62.909608509263705,1.0158468087710251e-09,False,False,0.4827824010993589
131,126730.KQ,126730,코칩,KOSDAQ,전자부품 제조업,971427539.421875,502,0.86276437272882,0.7443623628501543,0.23514303241413861,0.6073242138392158,0.37218118142507717,0.6128212459574502,0.6112806024867561,0.02351530115586366,0.6601462761315824,0.8458777906140382,0.7430989829720447,0.6154149299128476,0.46841985028530786,1.1290351850047264,5.576039146185588,740.7534053185018,1.4042415188611897e-161,27.702237233955046,0.0020143140015542616,False,False,0.3238092260880001
132,180400.KQ,180400,DXVX,KOSDAQ,기타 과학기술 서비스업,774479708.0,502,0.8624738153655204,0.7438610821911578,0.11224493060848299,0.4841754717040619,0.3719305410955789,0.7681730340171188,0.6110747385386042,0.02349946509771749,0.6597017096450848,0.8453081457777706,0.742429282938647,0.49238726807668415,0.22359902843435897,1.1404193804460507,9.246107106545598,1856.4291009726946,0.0,19.784354161201293,0.03135959057120246,False,False,0.15789722150904473
133,080580.KQ,080580,오킨스전자,KOSDAQ,전자부품 제조업,1616274670.0,502,0.8618738271173167,0.7428264938698503,0.39670516290298125,0.7681184098379064,0.37141324693492517,0.48353644721691197,0.6106496384887645,0.02346678120992025,0.6587841731578485,0.8441324612898127,0.741971263732102,0.7729095135699217,0.7902618721321293,0.6116223544312654,2.9024117478906444,202.39934408960715,1.1208328745478625e-44,23.60222387849458,0.008729187788231925,False,False,0.47861664771616996
134,336260.KS,336260,두산퓨얼셀,KOSPI,"전동기, 발전기 및 전기 변환 · 공급 · 제어 장치 제조업",10856877500.0,502,0.8617864101974869,0.7426758168010712,0.3189666537549433,0.6903045621554789,0.3713379084005356,0.5379334409163274,0.6105877023807028,0.023462021140327187,0.6586505434758317,0.8439612350263741,0.7416001119753136,0.6914248716956498,0.6354018261308791,0.033230132276924625,7.8246071042404,1251.528212549239,1.714358605598056e-272,111.43574336786584,2.7386270549071164e-19,False,False,0.29567733815738706
135,006110.KS,006110,삼아알미늄,KOSPI,1차 비철금속 제조업,2566512738.9648438,502,0.8613750938901988,0.7419670523743488,-0.09553272022942122,0.2754508059577532,0.3709835261871744,1.3468231646563902,0.6102962790349098,0.02343963042073314,0.6580219676365539,0.843155809984401,0.7405252466300256,0.27894465272985935,-0.19030724426654544,0.5777771905911198,2.480200352998863,152.6643848820124,7.068870593260819e-34,85.64953605082471,3.886007616310635e-14,False,False,0.4998725047423098
136,354320.KQ,354320,알멕,KOSDAQ,1차 비철금속 제조업,1003413525.0,502,0.8604080164720379,0.7403019548093466,-0.00815060318726135,0.36200037421741194,0.3701509774046733,1.0225154551425029,0.6096110911834979,0.02338702798857228,0.6565452568142562,0.8412636280045817,0.7388275133404514,0.3682621888628372,-0.016236519047639675,0.9435714476887774,5.009399291480939,586.0834814462614,5.414882493902197e-128,42.63687469537985,5.7741553392579355e-06,False,False,0.36167226870410585
137,464080.KQ,464080,에스오에스랩,KOSDAQ,"측정, 시험, 항해, 제어 및 기타 정밀기기 제조업; 광학기기 제외",5821516200.0,502,0.8600968927218526,0.739766664869786,0.1245061950944789,0.49438952752937193,0.369883332434893,0.7481617466359419,0.6093906556631256,0.023370117536401818,0.6560705288082639,0.8406553357345646,0.7383545411452124,0.49816020627162705,0.24802424578344606,0.5775855906731344,1.9973482376925453,108.55668428465222,2.6743332301778196e-24,13.581258968199531,0.1929624599595336,False,True,0.8716136232589599
138,033160.KQ,033160,엠케이전자,KOSDAQ,전자부품 제조업,912616075.1748047,502,0.8594129306032687,0.7385905852880987,0.2704710943636012,0.6397663870076506,0.36929529264404937,0.577234597102447,0.6089060589538251,0.023332963769732658,0.6550275091782648,0.8393188635433394,0.737409585384351,0.6452313893908632,0.5387955927401897,0.7122040446914313,7.393198047567221,1159.2289995547267,1.890693432219607e-252,125.59503122438024,3.6901384506602627e-22,False,False,0.2698258182133797
139,234030.KQ,234030,싸이닉솔루션,KOSDAQ,반도체 제조업,3480930550.0,270,0.8587339854299644,0.7374240577324302,-0.8246386727404096,-0.45592664387419446,0.3687120288662151,,0.8296158471748244,0.031792608646351736,0.6270995223060378,0.8798253396461901,0.7373913850605867,-0.44992196333996864,-0.8835414350790103,0.9952975470347144,4.7217220109089695,283.43841430926494,2.8322419627285204e-62,8.537189142426149,0.576514717893536,False,True,0.721169339706782
140,356860.KQ,356860,티엘비,KOSDAQ,전자부품 제조업,7397113542.389648,502,0.8565525422466296,0.7336822576291641,0.6359850823938115,1.0028262112083934,0.36684112881458203,0.3658072801792276,0.6068794338714029,0.023177903803200284,0.6506745026483903,0.8337411428484722,0.7338258067473045,1.0079483890790395,1.2669226641337037,0.5420051453410096,3.24129414093387,238.2401681467659,1.8484376380464155e-52,58.37054131397281,7.361184480467595e-09,False,False,0.46800808730190857
141,199800.KQ,199800,툴젠,KOSDAQ,자연과학 및 공학 연구개발업,1341156147.0410156,502,0.8561725903376616,0.7330315044455014,-0.323397310564506,0.04311844165824469,0.3665157522227507,8.50020868397198,0.6066102326396745,0.023157345728456454,0.6500973747436011,0.8330016405674542,0.7319863054222362,0.04415435035215963,-0.6442279758070715,0.2041210964577078,4.873712479063328,488.074888330296,1.0372528130154401e-106,44.565557085330724,2.6043901985435836e-06,False,False,0.41707486534496974
142,115500.KQ,115500,케이씨에스,KOSDAQ,"컴퓨터 프로그래밍, 시스템 통합 및 관리업",1265042797.2663574,502,0.855946755415253,0.7326448481058989,0.21971478813174122,0.5860372121846906,0.36632242405294946,0.6250838964429145,0.6064502254444355,0.023145130790244425,0.6497544641459269,0.8325622524057296,0.7313769620431299,0.5967706966631224,0.4376858081037067,1.538763982330391,7.600780169777048,1377.6795467995337,6.929270207177906e-300,59.240031341391195,5.0454053189487085e-09,False,False,0.20538062687134007
143,056080.KQ,056080,유진로봇,KOSDAQ,특수 목적용 기계 제조업,4314645000.0,502,0.8552110733082777,0.7313859799090964,0.3282658760686843,0.6939588660232325,0.3656929899545482,0.5269663777770733,0.6059289844013357,0.02310536163177972,0.6486380224856074,0.8311317009671689,0.730356648763277,0.7024747402910766,0.6539264674066647,1.1830717161820214,6.122147075290581,881.8586158546299,3.2124372840043063e-192,168.2593551324758,6.359501809292368e-31,False,False,0.2956319338664557
144,298380.KQ,298380,에이비엘바이오,KOSDAQ,기초 의약물질 제조업,55668164750.0,502,0.8528452144364886,0.7273449597872204,0.5538879069605551,0.9175603868541653,0.3636724798936102,0.3963471888105947,0.6042527403626862,0.02297770095213578,0.645054197565961,0.8265395703825017,0.7271134932762732,0.9235100120741849,1.103379878151582,0.7053645568295756,4.789376666820837,509.3212161645376,2.5252428594695907e-111,34.46375554386973,0.00015408902564495864,False,False,0.3874537462044241
145,052400.KQ,052400,코나아이,KOSDAQ,소프트웨어 개발 및 공급업,4705961919.425781,502,0.8521032029535405,0.7260798684836826,0.5117113211098606,0.8747512553517018,0.3630399342418413,0.4150207639266293,0.6037270148683498,0.022937735198254233,0.6439322368722483,0.8251019471358558,0.7256725754982465,0.8821683674682604,1.019361441258532,0.9015289867538607,9.06603784864838,1748.3406032783153,0.0,29.428285465050195,0.0010617995773747084,False,False,0.18192636436056553
146,482630.KQ,482630,삼양엔씨켐,KOSDAQ,기타 화학제품 제조업,3324652800.0,373,0.8518476548855957,0.7256444271340889,0.4114120174626768,0.7742342310297212,0.36282221356704447,0.4686207339147169,0.7001769129903477,0.02660341544263419,0.6316905280511956,0.8423558330504526,0.7243706657794381,0.7797232591696407,0.608955089339597,0.754027729550448,4.591898103310922,351.8160606109027,4.018954744800055e-77,50.66949971733818,2.0095612590169754e-07,False,False,0.39309607004764535
147,199480.KQ,199480,뱅크웨어글로벌,KOSDAQ,소프트웨어 개발 및 공급업,820716260.0,485,0.8504926865588985,0.7233378098901728,-0.7785393869417165,-0.4168704819966301,0.3616689049450864,,0.6130557703096395,0.023248957748271227,0.6402022319152756,0.8238780601003941,0.7242516440152109,-0.40962194607672653,-1.4983793756616368,1.1096778582721696,6.160604023309059,847.1629776401658,1.0987446389967453e-184,29.733478193968327,0.0009469664756253965,False,False,0.2987942950662811
148,300080.KQ,300080,플리토,KOSDAQ,"자료처리, 호스팅, 포털 및 기타 인터넷 정보매개 서비스업",1061976908.7895508,502,0.8495051628484217,0.7216590217061235,0.07511939996912233,0.43594891082218407,0.36082951085306175,0.8276876071844065,0.6018862671845776,0.02279807533831696,0.6400115583382353,0.8200781894991501,0.7202438464903551,0.4439170701782357,0.149642614224204,1.2281539424540726,5.036923347803279,643.1394623074724,2.208209189238707e-140,22.336098490400367,0.013481009798075856,False,False,0.3414615198519142
149,452450.KQ,452450,피아이이,KOSDAQ,특수 목적용 기계 제조업,3167584800.0,373,0.8488717114601708,0.7205831825173195,-0.1608926887731284,0.19939890248553133,0.3602915912586597,1.8068885373368744,0.6977308337308729,0.02641786121226754,0.6272845956619808,0.8364805465244209,0.7187540481560571,0.20763345638298727,-0.23814671790625752,1.3513952117134196,5.850383780399618,627.5778555585439,5.286888887772621e-137,39.77008009763872,1.8599292389386905e-05,False,False,0.29663971576778925
150,097230.KS,097230,HJ중공업,KOSPI,토목 건설업,13451697125.0,502,0.8482961487474169,0.7196063559796996,0.8272210273148094,1.1870242053046591,0.3598031779898498,0.30311359817427097,0.6010296638158737,0.022733229162397537,0.6381911282586524,0.8177455831823981,0.7208883320560691,1.1956613168986936,1.6478768083810884,0.9841981225175918,2.9879242238283377,262.1326205133891,1.1984631695508098e-57,33.19808435240357,0.00025227248312961184,False,False,0.4499302017598854
151,174900.KQ,174900,앱클론,KOSDAQ,의료용품 및 기타 의약 관련제품 제조업,2747418855.0,502,0.8480738498556565,0.7192292548089946,0.37129964948261046,0.7309142768871078,0.3596146274044973,0.49200657146288174,0.6008721619477129,0.02272131608344846,0.6378566917718149,0.8173170533143745,0.7183436043117811,0.7308947094089446,0.7396524763502796,-0.12360685670817835,5.282835604949499,570.87486237021,1.0866725775475665e-124,10.223023518374303,0.421149497049001,False,True,0.754031940663394
152,304360.KQ,304360,에스바이오메딕스,KOSDAQ,의약품 제조업,2624401125.0,502,0.846709892369541,0.7169176418364396,-0.32530426257057415,0.033154558347645635,0.3584588209182198,10.811750745087956,0.5999057790276092,0.02264828945298142,0.6358066113649461,0.8146901847735033,0.7159094510409468,0.030251335786345295,-0.648026745279477,-0.4284683680835344,6.469456137550026,870.2140859417323,1.0849561864321069e-189,85.74794920598784,3.716034537507453e-14,False,False,0.3303099159380132
153,440110.KQ,440110,파두,KOSDAQ,반도체 제조업,4661525145.0,502,0.8454169567670792,0.7147298307893094,0.6442463239969066,1.0016112393915613,0.3573649153946547,0.35679004122571506,0.5989897161035578,0.022579173874046985,0.6338663261117902,0.8122040021463467,0.7149531031940146,1.0083480858487912,1.2833795819303457,0.7942432364046446,5.064855133449679,575.9285158982424,8.683839487404825e-126,64.79358632535342,4.4390009475378576e-10,False,False,0.3691319699011215
154,077360.KQ,077360,덕산하이메탈,KOSDAQ,반도체 제조업,1626794280.0,502,0.8452821421679173,0.7145018998679831,0.22185280766329066,0.5791037575972822,0.35725094993399154,0.6169031805565134,0.5988941980780057,0.022571973262456146,0.6336641829669477,0.8119449862237711,0.7132739014861441,0.5872128805430867,0.44194487875782507,1.2058324694799387,6.279955831620949,926.4308098223912,6.731404899146724e-202,36.058548997830364,8.224798738101435e-05,False,False,0.28701315627839463
155,365270.KQ,365270,큐라클,KOSDAQ,자연과학 및 공학 연구개발업,982900450.0,502,0.8419846161765403,0.7089380938779559,0.3422359201852787,0.6967049671242567,0.35446904693897796,0.5087792733875525,0.5965578548788201,0.022396205948096885,0.6287298579812359,0.805622393689365,0.7079906500321124,0.6977569920513805,0.6817556822738489,0.0812422699934523,3.5042467497928724,250.59499857076253,3.8369616993585694e-55,24.499108404253633,0.0063802774917971665,False,False,0.486892744926424
156,418420.KQ,418420,라온텍,KOSDAQ,전자부품 제조업,618029747.5,502,0.8405112204608183,0.7064591117205343,-0.050659320879730754,0.3025702349805364,0.35322955586026716,1.1674299551738443,0.5955139334452549,0.022317891924039334,0.6265313442982597,0.802805330314126,0.7050620066485682,0.30193327319247276,-0.10091658365724143,-0.07108109741621746,4.062972974723127,336.877950288059,7.045025306948131e-74,35.83980169671975,8.968162059357762e-05,False,False,0.4624274763097115
157,009730.KQ,009730,이렘,KOSDAQ,1차 철강 제조업,502764560.10791016,502,0.8404164347187418,0.7062997837453613,-0.9402107495629834,-0.5870608576903028,0.35314989187268064,,0.5954467764237609,0.022312858561921986,0.6263900424609512,0.8026242733419462,0.7084007337058388,-0.5836570793486898,-1.8729595090500704,0.4103725427670685,11.018480300289825,2497.798106198777,0.0,40.071880578043704,1.6457920768560483e-05,False,False,0.1726418304821955
158,489790.KS,489790,한화비전,KOSPI,통신 및 방송 장비 제조업,42009633600.0,455,0.8402659686587411,0.7060468980860125,0.22664742149468495,0.5796708705376912,0.35302344904300625,0.6090067087820865,0.6253329984415866,0.02343098926712681,0.6225019675468055,0.8077101309847616,0.7046989921127198,0.584487576858498,0.40922451103207,0.7516300217109769,3.184957924600198,229.11323795890013,1.772933767560072e-50,33.172070588967415,0.00025482851941728557,False,False,0.45656822527892604
159,381620.KQ,381620,제닉스로보틱스,KOSDAQ,특수 목적용 기계 제조업,1886848240.0,454,0.8399580037083432,0.705529447993705,-0.4439595645094665,-0.091194840512614,0.3527647239968525,,0.6257918699736681,0.02343964590143974,0.6219620962447462,0.8072420430655677,0.7047575616063806,-0.08940744657627273,-0.7998319138384833,0.3840552802327641,2.1736028251448367,97.43879979077288,6.941182509921921e-22,34.85769216258692,0.0001320424560861256,False,False,0.5265841875196314
160,319400.KQ,319400,현대무벡스,KOSDAQ,일반 목적용 기계 제조업,5638361232.210327,502,0.8392566557996345,0.7043517343039862,1.1202157306139586,1.4723915977659519,0.3521758671519931,0.23918627876330373,0.594625056868767,0.022251317340110283,0.6246623925304525,0.8004105507792311,0.7079283387677113,1.4788304235238503,2.2315408601912985,0.36029565828359855,7.46218529950017,1148.8182525785114,3.4457685094585834e-250,49.426065881121986,3.402537457937888e-07,False,False,0.29018195097025246
161,394800.KQ,394800,쓰리빌리언,KOSDAQ,자연과학 및 공학 연구개발업,5097290880.0,424,0.8387888493210585,0.7035667337453453,0.24866537379823825,0.6004487406709109,0.35178336687267264,0.585867440540566,0.646651055080967,0.02418912257819509,0.6176021987385922,0.8089180402195949,0.7021527531147456,0.6039935727915492,0.41838935908909924,0.5417552623420827,3.9048246408038363,281.75275467418675,6.57910309659049e-62,46.701387307531235,1.069986509439746e-06,False,False,0.4381658736743552
162,003160.KS,003160,디아이,KOSPI,"측정, 시험, 항해, 제어 및 기타 정밀기기 제조업; 광학기기 제외",9385299526.238281,502,0.8387280572208842,0.7034647539695187,0.17380462741877867,0.525537004403538,0.35173237698475934,0.6692818470203835,0.5942505373963528,0.022223296565921122,0.6238757638748088,0.7994026049143105,0.7021833029668059,0.5284908175989956,0.3462298530326464,0.47071083967541916,2.4851461173579477,143.82930465932242,5.859537327663613e-32,26.006743002272618,0.003731127527687777,False,False,0.5067877020738645
163,090360.KQ,090360,로보스타,KOSDAQ,특수 목적용 기계 제조업,3229905450.0,502,0.838664907521369,0.7033588271078265,0.5717678321276015,0.9234472456815148,0.35167941355391324,0.3808332475932285,0.5942057949526606,0.022219950209123006,0.623781821425837,0.7992822318484397,0.7032550093582255,0.9315061711859906,1.1389978243176824,1.0679762734619875,5.666372818036557,750.3745871637088,1.1434803796458175e-163,142.80872471562824,1.119008003539759e-25,False,False,0.32381480495755577
164,010130.KS,010130,고려아연,KOSPI,1차 비철금속 제조업,27761118358.125,502,0.838391996229935,0.7029011393424154,0.43283243509722463,0.7842830047684324,0.3514505696712077,0.44811702859094477,0.594012433492769,0.022205491302848126,0.6233759157956675,0.7987621250629292,0.702244366111178,0.7859565230742697,0.8622296921381221,0.09363339785779382,7.322034931507293,1096.3375172005594,8.576952168682142e-239,79.03394190859315,7.761972759214177e-13,False,False,0.31426620155831886
165,484870.KS,484870,엠앤씨솔루션,KOSPI,특수 목적용 기계 제조업,4802946702.046875,402,0.8382113374208203,0.7025982461808002,0.0519019553458111,0.4032010784362112,0.3512991230904001,0.871275256635946,0.663652560822658,0.024809606566317848,0.6146540292022586,0.8109722850493251,0.7008611790835075,0.40561719267473456,0.08279597638498437,0.4483980184565139,2.590158666720237,121.7045243749753,3.734206414623535e-27,75.95785741739356,3.0962853131858265e-12,False,False,0.5035496587671551
166,058610.KQ,058610,에스피지,KOSDAQ,"전동기, 발전기 및 전기 변환 · 공급 · 제어 장치 제조업",8303305634.917969,502,0.8375960437887041,0.7015671325704887,0.7787778816211588,1.1295614479064031,0.3507835662852444,0.3105484583732985,0.59344849007646,0.02216334842654027,0.6221928366305017,0.7972461877221686,0.7025763146281409,1.1391136772883146,1.5513749864040545,1.1839364158362489,5.19669785735584,667.7144539289146,1.0177675169292849e-145,58.64030316108494,6.547686412436289e-09,False,False,0.33721950202990403
167,230240.KQ,230240,에치에프알,KOSDAQ,통신 및 방송 장비 제조업,1821916395.0,502,0.8370267301483192,0.7006137469827871,0.06523169416275768,0.4155385676541512,0.35030687349139356,0.8430189175194699,0.5930451234144851,0.022133229830636765,0.6213473157164285,0.7961627803190316,0.6992349876792858,0.4205480883151101,0.12994567646708077,0.8194197327533987,4.200778414366132,415.58090200250854,5.724713252027948e-91,49.7904111390236,2.9166972202849246e-07,False,False,0.4063369891699642
168,098070.KQ,098070,한텍,KOSDAQ,"구조용 금속제품, 탱크 및 증기발생기 제조업",5523338000.0,342,0.8367294740942018,0.7001162128179595,0.06796118593545511,0.4180192923444349,0.3500581064089798,0.8374209344398936,0.7182444599032104,0.026808835356152964,0.6058583193626084,0.8183438633550991,0.6980874176537221,0.42496960317446475,0.09223303805526051,1.1894365957668618,4.462324203194638,353.294739791148,1.9187659882700245e-77,50.39978460100812,2.2531592984999149e-07,False,False,0.36989963780511714
169,463480.KQ,463480,모티브링크,KOSDAQ,전자부품 제조업,820951040.0,360,0.8366698549420157,0.7000164461686937,-1.1044605792436415,-0.7544523561592946,0.35000822308434687,,0.700008223036048,0.026124381745737113,0.6079204559217211,0.8148675328801419,0.7029125638622852,-0.7499661514684427,-1.5778008274909165,0.6462212706226699,4.958428683320032,381.0699113712931,1.785336714219484e-83,61.0560064463272,2.2864355858198844e-09,False,False,0.3837892912090872
170,001820.KS,001820,삼화콘덴서공업,KOSPI,전자부품 제조업,1728872170.0009766,502,0.83607413167105,0.6990199536495003,0.39837489372896756,0.7478848705537178,0.34950997682475016,0.46733125723746827,0.5923701940948248,0.022082879984805036,0.6199338418676649,0.7943516269739137,0.6982572556697451,0.7531347992890295,0.7935880819521497,0.6790191996358287,8.491598039337953,1512.5840979489312,0.0,187.04125687425562,8.066739119449283e-35,False,False,0.22261014158740355
171,081180.KQ,081180,쎄크,KOSDAQ,일반 목적용 기계 제조업,1329498145.0,313,0.8347578181211742,0.6968206149144234,-0.7905003646941009,-0.4420900572368892,0.3484103074572117,,0.749011691660551,0.027895149649893043,0.5992077269270455,0.820528279935864,0.6970740764713175,-0.43641563739671285,-0.9818516434494189,1.0007232704928153,4.4428136091316,298.8691528736751,1.2629554982301413e-65,13.657810086599252,0.18917980036057996,False,True,0.733358502889557
172,417010.KQ,417010,나노팀,KOSDAQ,일반 목적용 기계 제조업,689868435.0,502,0.8346408767124054,0.6966253930792528,-0.3475206751083898,0.0007920214312365781,0.3483126965396264,439.77685805270187,0.5913547129480241,0.022007232940091864,0.6178101984349585,0.7916304985212379,0.6957169415836257,0.00623162066762424,-0.6922832496206812,0.9390271482784598,5.403336256181927,669.2807893226119,4.650751948240435e-146,90.6682360620019,3.947142471333142e-15,False,False,0.3442480585865826
173,089030.KQ,089030,테크윙,KOSDAQ,특수 목적용 기계 제조업,36279070993.62305,502,0.8333156242930624,0.6944149296909363,-0.03828938215554052,0.30891808268992765,0.34720746484546816,1.1239467169488195,0.5904157531080614,0.02193740174648981,0.6158498236939051,0.7891185742482493,0.6930374507832684,0.31106170030541747,-0.07627488032571961,0.3952669499115809,3.191891121824513,220.31000806883526,1.4464039322473893e-48,13.744524816563887,0.1849667734492727,False,True,0.8300137695237915
174,083650.KQ,083650,비에이치아이,KOSDAQ,일반 목적용 기계 제조업,28870812900.0,502,0.8327879462484261,0.6935357634166714,0.973810528993043,1.3205784107013787,0.3467678817083357,0.2625878773257865,0.5900418858469179,0.021909627827848548,0.6150701250269358,0.7881195081175949,0.6959173408743059,1.3263588763102505,1.9398924029940776,0.4636830039357334,2.516376490167234,146.47032863045897,1.5644880730064534e-32,24.703771100020358,0.0059361925193909095,False,False,0.5058508576800922
175,204270.KQ,204270,제이앤티씨,KOSDAQ,전자부품 제조업,7940326990.0,502,0.8327724694405392,0.6935099858580938,-0.1425919934444281,0.20416299948461877,0.3467549929290469,1.6984223086670056,0.5900309203124698,0.021908813483809582,0.615047263904246,0.7880902150402105,0.6922091762932908,0.20747195512314784,-0.284052304401202,0.6124368916204523,2.7894104014204153,189.3507566825018,7.638456580409706e-42,15.37309693867319,0.11903987731284016,False,True,0.8336474058280512
176,348340.KQ,348340,뉴로메카,KOSDAQ,특수 목적용 기계 제조업,3252980961.6376953,502,0.8324969941547143,0.6930512452766345,0.13763846932293713,0.48416409196125443,0.34652562263831727,0.7157193777725429,0.5898357422267585,0.021894321317811122,0.6146404245721212,0.7875689118566052,0.6917458410918305,0.49000046131620656,0.274184569841724,0.9413289102022424,4.77686399583586,539.1886271319551,8.254243298402908e-118,241.48219917445851,3.3459702328261874e-46,False,False,0.3722858595072368
177,024060.KQ,024060,흥구석유,KOSDAQ,기타 전문 도매업,5859159352.950195,502,0.8321661277182371,0.6925004641215653,-0.13110794802582912,0.21514228403495353,0.34625023206078265,1.6094011161679793,0.5896013187375353,0.021876921479535,0.6141519580044537,0.7869430156939111,0.6911891926095752,0.21871756069664003,-0.26117535678161197,0.5629445858042939,10.046593339690268,2090.868802935382,0.0,110.77310305333343,3.726110429342033e-19,False,False,0.16247036094638045
178,365330.KQ,365330,에스와이스틸텍,KOSDAQ,"구조용 금속제품, 탱크 및 증기발생기 제조업",2986293225.0,502,0.8321286740316773,0.6924381301457175,-0.38161286509801123,-0.035393800025152466,0.34621906507285877,,0.5895747822777448,0.02187495227436362,0.6140966764049449,0.7868721806700009,0.6916366617128226,-0.03157563867975141,-0.7601970566634986,0.6912192315513771,4.376385725816763,430.2698504778417,3.699040651009418e-94,20.98873152069136,0.02117227863490145,False,False,0.40698136023482046
179,161580.KQ,161580,필옵틱스,KOSDAQ,특수 목적용 기계 제조업,12293290400.0,502,0.8314789943772732,0.6913573180906415,0.21709115404335858,0.5627698130886793,0.34567865904532075,0.6142452047101004,0.5891144751729076,0.02184080812329359,0.6131381458706705,0.7856439684996326,0.6901671304093148,0.5665775943955074,0.4324593624197064,0.60550999721883,2.8890203837367645,200.19710408035635,3.3709413967123654e-44,28.77898601493372,0.0013529147508374222,False,False,0.4796267495839236
180,051360.KQ,051360,토비스,KOSDAQ,영상 및 음향기기 제조업,1351216377.569336,502,0.8309015359032486,0.6903973623663774,-0.462038616147743,-0.1168399349645543,0.3451986811831887,,0.5887053377825952,0.021810481968884157,0.6122867981558321,0.7845530949309869,0.6898692104143062,-0.18607519077880194,-0.9204102591514562,-14.501989025474655,282.4795214556589,1653399.2910932412,0.0,0.0403910399878692,0.9999999999724712,False,True,0.35
181,246710.KQ,246710,티앤알바이오팹,KOSDAQ,기초 의약물질 제조업,501787080.0,502,0.8287958326666509,0.6869025322456073,-0.22176939468659876,0.12168187143620487,0.34345126612280363,2.822534384695649,0.587213417643317,0.021700076087447836,0.6091873680864436,0.7805816432178599,0.685729365843065,0.1230071669062514,-0.4417787148121928,0.27049924508297757,4.867328036051515,489.4230521880426,5.286090075050411e-107,29.94279842001863,0.0008752910856962422,False,False,0.41293695537215
182,376930.KQ,376930,노을,KOSDAQ,의료용 기기 제조업,1029805663.0,502,0.8287464733955557,0.6868207171655706,-0.7877213945124057,-0.44431103592962046,0.3434103585827853,,0.5871784459106782,0.021697491450794814,0.6091148094468438,0.780488670275387,0.6879148698164854,-0.43755048918046374,-1.5691910319255067,1.0627793973910773,9.724884715429972,2028.1947676462294,0.0,28.214435958515118,0.0016678746278602585,False,False,0.14152822797957942
183,456070.KQ,456070,이엔셀,KOSDAQ,기초 의약물질 제조업,1801983675.0,477,0.828521691020898,0.6864481924921284,-0.5424776033145551,-0.19925350706849088,0.3432240962460642,,0.6022058412859014,0.022247913719952526,0.6069513815850908,0.7827413192152137,0.68617688326522,-0.19232362209636766,-1.0268326062739792,1.201981691646924,5.629633345513566,728.1561250719913,7.636712809534222e-159,113.17546129473594,1.2194752523869625e-19,False,False,0.316534386675428
184,010060.KS,010060,OCI홀딩스,KOSPI,기타 금융업,10055898630.632812,502,0.8282366419962224,0.6859759351451786,0.6443044584970299,0.9872924260696192,0.3429879675725893,0.3474026119475198,0.5868172232468756,0.021670803772035088,0.6083656048487374,0.7795286776902923,0.6862567834854166,0.9931731327442563,1.2834953895456707,0.7145240739889225,4.835076822807414,519.3983839617895,1.6370953237193802e-113,69.73403174410714,4.9901693984748915e-11,False,False,0.3847866047077382
185,214370.KQ,214370,케어젠,KOSDAQ,기초 의약물질 제조업,5241270650.0,502,0.8281767353877453,0.6858767050375034,0.47808356513420974,0.8210219176529614,0.3429383525187517,0.4176969519877162,0.5867747785784582,0.021667668973740374,0.6082776014926689,0.7794159146753525,0.6854174163647877,0.8228566911381141,0.9523728162594178,0.15193984055822463,3.6057565577631383,266.713785381231,1.2129345884064271e-58,16.79167569062869,0.07910265028937903,False,True,0.8276116321967771
186,089970.KQ,089970,브이엠,KOSDAQ,특수 목적용 기계 제조업,2440020750.0,502,0.8277429720506246,0.6851584277792011,0.8243852376190974,1.166964451508698,0.34257921388960055,0.29356439559637015,0.5864674511986625,0.02164497773237009,0.6076405890898888,0.7785996794509188,0.6864904394803475,1.1735942292337431,1.6422277352570909,0.7253901806471816,3.776272133800921,334.2797429469272,2.582712788921206e-73,135.8582307086978,2.96974036358181e-24,False,False,0.43170840860247983
187,042700.KS,042700,한미반도체,KOSPI,특수 목적용 기계 제조업,126871682490.10156,502,0.8265443839010084,0.6831756185582976,0.2063481462483388,0.5479359555274876,0.3415878092791488,0.6234082757907512,0.5856182347620663,0.021582338407370318,0.6058821120513039,0.7763464566031584,0.6819836774494654,0.5549193404031132,0.41105860879629397,1.1325189542641965,4.860188735581656,588.5872874632596,1.5484403082979728e-128,26.130454964020704,0.0035686368216955333,False,False,0.35579024328121234
188,078160.KQ,078160,메디포스트,KOSDAQ,기초 의약물질 제조업,1148883050.0,502,0.8259236440283388,0.6821498657650502,0.20378165382922275,0.5448565867117479,0.3410749328825251,0.6259902902907699,0.5851784318965947,0.021549933644517554,0.6049724114531959,0.7751808126241343,0.6809557910240993,0.5471821014265446,0.40594599294551514,0.3610132323348038,3.812207213356716,306.93054852475683,2.2432528287997232e-67,20.039859288875626,0.028877932304167266,False,False,0.4543831265766275
189,007810.KS,007810,코리아써키트,KOSPI,전자부품 제조업,2553377346.184082,502,0.8252494885180007,0.6810367182992219,0.7261454197368661,1.066663778886477,0.3405183591496109,0.3192368259706807,0.5847007833061391,0.0215147679789812,0.6039852038900164,0.7739158551705937,0.6817724808571825,1.071322494697033,1.4465277805869317,0.4907228058737019,2.4810577443718937,145.01518118012518,3.238571656187111e-32,62.33205722799138,1.3084674184593707e-09,False,False,0.5056375477783513
190,226330.KQ,226330,신테카바이오,KOSDAQ,소프트웨어 개발 및 공급업,698577895.0,502,0.8241878562845609,0.67928562244694,-0.7960490088001937,-0.4564061975767237,0.33964281122347,,0.5839486020480931,0.021459448757625725,0.6024322245029244,0.7719259465392518,0.6804471226635186,-0.45230401554772737,-1.5857801683241952,0.6716499763465565,5.8330538220190284,732.2512167225414,9.855271776776863e-160,31.27381391343766,0.0005286377540725616,False,False,0.34273591291937333
191,170920.KQ,170920,엘티씨,KOSDAQ,기초 화학물질 제조업,1381471676.8447266,502,0.8240275412627673,0.6790213887595616,0.5658634369046454,0.9053741312844261,0.3395106943797808,0.3749949138685104,0.5838350166171141,0.021451101298049134,0.6021978858347475,0.7716256769140795,0.6789393971032016,0.9079246666671805,1.1272358941513172,0.24180657722111792,2.419381656743848,123.68421741744817,1.3877570380294584e-27,179.09897854745606,3.604177366444605e-33,False,False,0.5250073869651191
192,048410.KQ,048410,현대바이오,KOSDAQ,기타 화학제품 제조업,3713664997.260254,502,0.8230796568103603,0.6774601214550606,-0.05377742354131465,0.28495263718621566,0.3387300607275303,1.188724077349638,0.5831634272498776,0.021401778988536374,0.6008132580666724,0.7698514854664725,0.6761220755360169,0.2907774589964179,-0.10712804213388871,0.9810259775149323,8.307312616528426,1490.8967300010884,0.0,95.1095557520775,5.165042199883228e-16,False,False,0.21076920042189207
193,115180.KQ,115180,큐리언트,KOSDAQ,자연과학 및 공학 연구개발업,2016296880.0,502,0.8217941733284293,0.6753456633165565,0.988937733934024,1.3266105655923022,0.33767283165827827,0.25453802375493284,0.5822526442572556,0.02133498071609551,0.5989380266796032,0.7674486595475272,0.6778812970461359,1.335150972006979,1.9700267556939686,0.9436202124342954,2.936261215927841,249.3770110294834,7.054562706739664e-55,57.96268715999439,8.78572586375736e-09,False,False,0.45496023112096085
194,476080.KQ,476080,M83,KOSDAQ,"영화, 비디오물, 방송프로그램 제작 및 배급업",848121560.0,478,0.8210315568581165,0.6740928173568624,-0.8640854024807998,-0.5270389938023685,0.3370464086784312,,0.5961371293024001,0.021824560780509934,0.59610141327778,0.7685434343515158,0.675645452697527,-0.5199790801752894,-1.639019136451676,1.1418764707029416,8.408749670498793,1478.1029543784653,0.0,86.05646202377592,3.229789212516508e-14,False,False,0.1954811667806915
195,078350.KQ,078350,한양디지텍,KOSDAQ,반도체 제조업,2333572625.0,502,0.8207504182049052,0.6736312489835269,0.09602040856631165,0.4328360330580751,0.33681562449176344,0.7781598544651935,0.5815131291811538,0.021280820307994334,0.5974175787174538,0.7655004350259816,0.672325941044841,0.43502114301163025,0.19127875039797004,0.3956560283137082,2.6601800949784247,156.8002400532859,8.938414532935391e-35,70.02279088077971,4.389083007384747e-11,False,False,0.5039148271717236
196,272210.KS,272210,한화시스템,KOSPI,전자부품 제조업,75145667877.92188,502,0.8199973288539671,0.6723956193276411,0.7197781789086661,1.0559759885724866,0.33619780966382057,0.3183763772112916,0.5809795548626968,0.021241785282950867,0.5963217464229684,0.7640962913783425,0.6731120613263102,1.0648483843950907,1.4338438325878986,1.1879778433281376,6.132519015540344,885.4270012997796,5.394728634283729e-193,42.25276900684724,6.760539192266697e-06,False,False,0.29483812141214205
197,474170.KQ,474170,루미르,KOSDAQ,"항공기,우주선 및 부품 제조업",3330058880.0,442,0.8198401111791661,0.6721378078982675,-0.4174114739583925,-0.08134257000925876,0.33606890394913375,,0.6190394098346437,0.02263205723127266,0.591549564846802,0.7704859416548517,0.6713085322937583,-0.07862009982019791,-0.732126474165117,0.563326209179637,3.1394738943540714,199.12281652579557,5.768060153964185e-44,43.061517262466346,4.84864629690357e-06,False,False,0.471168594142091
198,011000.KS,011000,진원생명과학,KOSPI,의약품 제조업,821907625.0,502,0.8195090888484218,0.6715951467051705,-0.6765021764312259,-0.34070460307864064,0.33579757335258525,,0.5806336300028142,0.021216497391295053,0.5956118381212564,0.7631866510645174,0.6720733998100352,-0.33319384468286023,-1.3476352879701405,1.279222144439964,8.092175938163129,1474.7192835360129,0.0,164.6201870013787,3.598663141339948e-30,False,False,0.20057060648666158
199,032940.KQ,032940,원익,KOSDAQ,기계장비 및 관련 물품 도매업,1122127860.0,502,0.818844358754762,0.6705060838644975,0.19656110585791176,0.5318141477901606,0.33525304193224875,0.6303951170259775,0.5801626594516565,0.02118209258799733,0.5946459902833959,0.7619490628742965,0.6693237328998709,0.5401089392415013,0.39156220293917343,1.3803485580250276,6.278822828346215,963.6754046032124,5.5023057251485e-210,33.04924041530106,0.0002672440627822548,False,False,0.27542973552275185
200,317770.KQ,317770,엑스페릭스,KOSDAQ,전자부품 제조업,1030806605.0,502,0.8187243927081882,0.6703096312153916,-0.24307825363891633,0.09207656196877945,0.3351548156076958,3.639957970208936,0.5800776618329025,0.021175886412837016,0.594471764004347,0.7617258182006275,0.6692088254361639,0.09869098444281875,-0.4842273147886349,1.1684543063184307,7.5959119031850655,1292.7894157894314,1.8808113193794855e-281,182.30050203604733,7.798930526440306e-34,False,False,0.23028701060211
201,320000.KQ,320000,한울반도체,KOSDAQ,특수 목적용 기계 제조업,516129337.5,502,0.8186016692142785,0.670108692840403,-0.3103235135573622,0.02473083286283928,0.3350543464202015,13.548041357056618,0.5799907105242166,0.021169538528207906,0.5942935595079875,0.7614974760420662,0.6691559605339433,0.030854492247991472,-0.6181841420864913,1.0817926647897547,7.925574415770278,1381.3201072858967,1.122405618141511e-300,178.71095009468388,4.338511298166738e-33,False,False,0.22122964030435388
202,082800.KQ,082800,비보존 제약,KOSDAQ,의약품 제조업,1242370295.0,502,0.8183587972690628,0.669711121067667,-0.026125806046399202,0.3087297544874343,0.3348555605338335,1.0846235442702123,0.5798186323604776,0.02115697875835178,0.5939409684335788,0.7610456838108675,0.6683797437315923,0.3155230461705999,-0.05204426442576349,1.1748644470113858,7.296581786899001,1202.787856925141,6.575600481440297e-262,19.037435396832763,0.03978976425541826,False,False,0.2433295231221193
203,445090.KQ,445090,에이직랜드,KOSDAQ,반도체 제조업,2473104400.0,502,0.8178446261591058,0.6688698325373275,-0.34205796450534637,-0.007623048236682639,0.33443491626866373,,0.5794543349511146,0.021130401443139123,0.5931948620770869,0.7600896611546606,0.6680017227150572,-0.004138076917512837,-0.6814011832606504,0.6468353655925955,6.179338273496455,814.6464568095085,1.2640654256596683e-177,59.91459105576278,3.761696800183231e-09,False,False,0.32880741998648644
204,095610.KQ,095610,테스,KOSDAQ,특수 목적용 기계 제조업,5820384604.4296875,502,0.8177944906964837,0.6687878290135212,0.9773186286796164,1.311712543186377,0.3343939145067606,0.2549292649854974,0.5794188132759431,0.021127810853321063,0.5931221363139745,0.7599964740686366,0.6712458668737833,1.319169819547976,1.94688076030622,0.7634253539221331,4.3699533512551945,437.854905551724,8.337105981767293e-96,74.91941264903797,4.932755249724975e-12,False,False,0.40245707559870736
205,368770.KQ,368770,파이버프로,KOSDAQ,"측정, 시험, 항해, 제어 및 기타 정밀기기 제조업; 광학기기 제외",2234447200.453125,502,0.8160533942503847,0.6659431422675738,0.6303784494293989,0.9633500205631857,0.3329715711337869,0.34563924225498827,0.5781852221377363,0.021037943782034826,0.59059929333343,0.7567638316625409,0.6661934551183935,0.9682700301238327,1.2557538952918978,0.6049571260612574,4.105200004591127,373.9456959993439,6.291060301108687e-82,54.863382315377265,3.349153178491916e-08,False,False,0.4249355247226487
206,093370.KS,093370,후성,KOSPI,기초 화학물질 제조업,2613471067.5,502,0.8139581394763326,0.6625278528197729,0.2906307029574524,0.6218946293673389,0.33126392640988644,0.5326688972163747,0.5767007048800348,0.020930050686000297,0.587570404819717,0.7528827683033572,0.6615432595756954,0.6268215638901826,0.5789548130342901,0.7895037049650472,5.025590129001916,567.2002395469381,6.823904107118489e-124,136.93835236714204,1.785344729878314e-24,False,False,0.37121486386391067
207,200350.KQ,200350,아티스트스튜디오,KOSDAQ,"영화, 비디오물, 방송프로그램 제작 및 배급업",618390895.0,502,0.8135208922968427,0.6618162422034511,-0.8054702741817865,-0.47456215308006094,0.33090812110172557,,0.5763909091492853,0.020907570051858018,0.5869393048046357,0.7520741089111668,0.6630724163401198,-0.4733733685662634,-1.6045479271399081,0.10019168043025982,11.851725472261611,2874.934963264028,0.0,65.95910253526485,2.655609320536063e-10,False,False,0.1933205546379827
208,452190.KQ,452190,한빛레이저,KOSDAQ,특수 목적용 기계 제조업,1320907160.0,502,0.8133050928936798,0.6614651741267971,-0.05596696547312761,0.2747656215902709,0.33073258706339853,1.2036898399050275,0.5762380122595302,0.02089647938962045,0.5866279560650455,0.7516751625056847,0.6601599441841444,0.2796506601068713,-0.11148974868059547,0.9098858837921253,3.8620700838906963,372.76582715599136,1.1348255679782505e-81,50.49035389900184,2.1682582404014318e-07,False,False,0.4155477873054436
209,424870.KQ,424870,이뮨온시아,KOSDAQ,자연과학 및 공학 연구개발업,4573532920.0,302,0.8125612973429076,0.6602558619395892,-0.6181303239946955,-0.2880023930249009,0.3301279309697946,,0.742254658127859,0.026910019970140094,0.5662757797363185,0.7798736292466208,0.6595857949551815,-0.28501755835490383,-0.7407752295491985,0.6720871522279969,2.3756713261295532,90.04712253817428,2.7958623463051165e-20,28.462241830260673,0.0015217264604104692,False,False,0.49828898017563694
210,402490.KQ,402490,그린리소스,KOSDAQ,반도체 제조업,1643011125.0,502,0.8122438049664632,0.659739998706398,-0.10171458711063773,0.22815541224256125,0.329869999353199,1.445812729625282,0.57548607494725,0.020841979025843265,0.5850979645094684,0.7497147093099572,0.6584668305904177,0.2337443268467772,-0.20262191559341325,1.0321642244858906,5.051106159387828,609.2230797769786,5.1155119364291374e-133,15.268423816569241,0.12257775106745562,False,True,0.7038892745284884
211,322310.KQ,322310,오로스테크놀로지,KOSDAQ,특수 목적용 기계 제조업,1740022475.0,502,0.8120966545353813,0.6595009763075584,-0.25611417734322794,0.07363631081055128,0.3297504881537792,4.478096261532559,0.5753818168125713,0.02083442802115492,0.5848859847609197,0.7494430892647637,0.6584475248659618,0.07682528606504344,-0.5101957024853192,0.633037963969818,4.084574078071066,373.3836597719106,8.332368417171147e-82,29.113684408292958,0.0011943138747793325,False,False,0.4239916355554808
212,399720.KQ,399720,가온칩스,KOSDAQ,반도체 제조업,5303793675.0,502,0.8109952008696688,0.6577132158336344,-0.11692978592719863,0.21192682198961857,0.3288566079168172,1.5517460453067453,0.5746014215138429,0.020777950520360945,0.583300488934724,0.7474115157257153,0.6564572863940759,0.21478426935086192,-0.23293155768037188,0.5631032031607899,3.9942529041466965,351.5102301342594,4.682991398322176e-77,68.84657912293282,7.400337720054656e-11,False,False,0.43271840576934606
213,172670.KQ,172670,에이엘티,KOSDAQ,반도체 제조업,777579105.0,502,0.8105825650720138,0.6570440947987254,-0.11210664419304354,0.21641540320631913,0.3285220473993627,1.5180160124100175,0.5743090632907043,0.020756812183133147,0.5827070712909501,0.7466511406034495,0.6557851146379887,0.2190194479251776,-0.22332355311471375,0.5238911312625432,3.567834338221358,282.06105925022274,5.639222156696751e-62,28.151020155008847,0.0017074090798804846,False,False,0.454521379362536
214,457190.KS,457190,이수스페셜티케미컬,KOSPI,기초 화학물질 제조업,14507983675.0,502,0.8089891963596937,0.654463519826703,0.27289062259048485,0.6001223825038364,0.3272317599133515,0.5452750463131737,0.5731801393141962,0.02067528872003107,0.5804184588582418,0.7437186292826325,0.6534553206988999,0.6035678280795137,0.5436154465889818,0.5508643907337331,4.686170476559733,473.1797007057069,1.7796455682797893e-103,15.143152355637344,0.126929288835729,False,True,0.7523980358392298
215,444530.KQ,444530,심플랫폼,KOSDAQ,소프트웨어 개발 및 공급업,561615175.0,341,0.8087717195460269,0.6541116943374372,-0.8208509625350335,-0.49379511536631493,0.3270558471687186,,0.6952628713885695,0.025084038417622356,0.5659316183051614,0.7647529007459469,0.6548672730769737,-0.48762004381451474,-1.110754675493835,1.154914610975948,4.284590453037731,326.30959987552575,1.3892189250985356e-71,12.516277287189169,0.2519878901800892,False,True,0.7301991222149056
216,009470.KS,009470,삼화전기,KOSPI,전자부품 제조업,2983174009.171875,502,0.8083689708471,0.6534603930283996,-0.3712376216395872,-0.044507425125387357,0.3267301965141998,,0.5727407008800189,0.020643598739536487,0.579528824382565,0.7425786970101227,0.652705573430289,-0.042385009314430504,-0.7395289129487015,0.45074289219635355,4.029888520214213,347.88136619436847,2.8742275801082665e-76,40.31989709780091,1.4881778793430546e-05,False,False,0.43860549044393693
217,092870.KQ,092870,엑시콘,KOSDAQ,특수 목적용 기계 제조업,3295810515.2001953,502,0.8081931137372715,0.6531761090923464,-0.029999009013400232,0.29658904553277293,0.3265880545461732,1.1011467195611087,0.5726161036626958,0.02063461786852029,0.5792767039219994,0.7422556427025203,0.6518785326572986,0.2969523878842779,-0.05975993065367824,0.12118567920825042,2.4541762397595672,123.50240736601475,1.519822919635734e-27,64.94948174216962,4.1444921673247057e-10,False,False,0.5314830239302695
218,066970.KS,066970,엘앤에프,KOSPI,일차전지 및 이차전지 제조업,34977109650.0,502,0.8079208580896307,0.6527361129362852,-0.058261036498396326,0.2681070199697463,0.3263680564681426,1.2173051511481148,0.5724232067355847,0.020620717861435593,0.5788864882979532,0.7417556402911375,0.6514493114313822,0.26902321814344776,-0.11605968381823395,0.24152179541477398,1.3720316410788378,42.77320725942979,5.151290677287856e-10,10.388425067005727,0.40710130668677136,False,True,0.9221571231238007
219,107640.KQ,107640,한중엔시에스,KOSDAQ,"전동기, 발전기 및 전기 변환 · 공급 · 제어 장치 제조업",5589762750.0,502,0.8071858022787014,0.6515489194003109,0.002621374269422721,0.32839583396957817,0.32577445970015545,0.9920176384769073,0.5719024094319767,0.020583212991600645,0.5778336121304638,0.7404065384351596,0.6502510404546322,0.3296348993422256,0.005221943981151611,0.272911795762736,2.517497346637821,134.8987426315884,5.09460162403615e-30,18.8653318749721,0.04200689005676494,False,False,0.5185184996837824
220,131970.KQ,131970,두산테스나,KOSDAQ,"그외 기타 전문, 과학 및 기술 서비스업",8096947291.869141,502,0.8069709437778003,0.6512021041016338,0.3742516061083071,0.699852658159124,0.3256010520508169,0.46524228815143787,0.5717501791846094,0.020572256679727723,0.5775260350156693,0.7400124247974512,0.6504606993289236,0.7038839724172931,0.7455329613744848,0.6266495344978285,3.74111661979721,317.7756669192705,9.905825812267002e-70,32.62004227076809,0.0003154541814207592,False,False,0.43987311647593696
221,383930.KQ,383930,디티앤씨알오,KOSDAQ,자연과학 및 공학 연구개발업,606129017.5,502,0.806077818324,0.6497614491939796,-0.7376283763603446,-0.4127476517633548,0.3248807245969898,,0.5711173873323351,0.020526744660708588,0.576248373731403,0.7383752947501209,0.6506262132872281,-0.412181891846697,-1.469402559257512,0.06488484148722985,7.57027045958219,1171.632173807372,3.8309461521378867e-255,60.50576296027702,2.9071427658298563e-09,False,False,0.3050121732196528
222,000150.KS,000150,두산,KOSPI,전자부품 제조업,67991106923.25,502,0.805392916434174,0.6486577498423444,0.9189017906373974,1.2432306655585696,0.3243288749211722,0.260875864717715,0.5706321247819901,0.02049187747244848,0.575269545336371,0.7371210739355586,0.650716319203469,1.2466675776965357,1.8305107099205298,0.15974936644603202,1.990284956767609,82.36015858329715,1.3053254311878716e-18,22.267262803182636,0.013799475383271666,False,False,0.5497872191823888
223,064290.KQ,064290,인텍플러스,KOSDAQ,특수 목적용 기계 제조업,1878338760.0,502,0.8049347601186184,0.6479199680472179,0.2158748305723997,0.5398348145960086,0.3239599840236089,0.6001094691642813,0.5703075146364412,0.02046857005933146,0.5746152351119992,0.7362826741642062,0.6468142191631855,0.5439702975775103,0.43003636883866925,0.7240229405705825,3.6618867412539995,316.7269575901423,1.6734587986840962e-69,56.388419741930235,1.7361069869875614e-08,False,False,0.4369469006055312
224,338840.KQ,338840,와이바이오로직스,KOSDAQ,자연과학 및 공학 연구개발업,1862028945.0,502,0.8048914973172614,0.647850322453623,0.013931297322399182,0.33785645854921065,0.3239251612268115,0.9587656326529274,0.5702768623377201,0.020466369871372878,0.5745534691206551,0.7362035303711072,0.6465605541255567,0.33865386774953254,0.02775202879303329,0.19955121972455522,1.9262895170035907,78.44214495281747,9.25773295568427e-18,32.87114870570043,0.00028630333912381953,False,False,0.5500135570865348
225,347860.KQ,347860,알체라,KOSDAQ,소프트웨어 개발 및 공급업,663363220.0,502,0.804795912570118,0.6476964608895689,-0.2985013195649338,0.025346910879850637,0.32384823044478445,12.776635069255146,0.5702091392099818,0.020461509199748925,0.5744170152325768,0.7360286853139713,0.6467598123790269,0.028203095913370578,-0.5946335810380825,0.5484531783983907,7.568179083224013,1195.6506416877403,2.3321797250553904e-260,29.724260651719504,0.0009502506462887127,False,False,0.27286839602836
226,234340.KQ,234340,헥토파이낸셜,KOSDAQ,금융 지원 서비스업,2327242080.0,502,0.8044698759961918,0.6471717813853283,0.25685207894192735,0.5804379696345915,0.32358589069266414,0.5574857394259961,0.5699781377458023,0.020444933943975264,0.5739516972125189,0.7354324505203041,0.6461443921509974,0.5867850602039484,0.5116656493208236,1.0698047567643678,7.160278029152254,1142.8403011788023,6.845130791237176e-249,37.54861789428487,4.5466975970291e-05,False,False,0.256467171570524
227,241520.KQ,241520,DSC인베스트먼트,KOSDAQ,신탁업 및 집합투자업,2466377160.0,502,0.8038896062510009,0.6462384990383894,0.47691866089339896,0.8000379104125936,0.3231192495191947,0.40387992283085233,0.5695670085306225,0.02041545043359507,0.5731240050874739,0.7343718880186955,0.645853756307841,0.8074603237028909,0.9500522530495488,1.1598331746856285,7.011084944945084,1116.258848462237,4.05014776822606e-243,56.38341780906329,1.7398602817805885e-08,False,False,0.2571789658317627
228,084370.KQ,084370,유진테크,KOSDAQ,특수 목적용 기계 제조업,9727740999.777344,502,0.8029567957385224,0.6447396158226751,0.5117501451693962,0.8341199530807337,0.32236980791133757,0.3864789551199427,0.5689060992602613,0.020368098912381626,0.5717947033621406,0.7326685885422923,0.6444945128913472,0.8370845001370604,1.0194387812501464,0.3615449380938816,3.878110287637754,317.32129392322634,1.2432444505960355e-69,76.7971967461783,2.1239590102126493e-12,False,False,0.45138204118337566
229,425420.KQ,425420,티에프이,KOSDAQ,전자부품 제조업,1937226150.0,502,0.8010366013775948,0.6416596367465678,0.18474426748475267,0.5055740858580365,0.3208298183732839,0.634585172277544,0.5675456147491461,0.020270798673757116,0.5690631886871237,0.729168564862885,0.6405168685701689,0.5074374600276715,0.3680223106243883,0.3520371695601493,1.5409624479222686,58.23480773961452,2.2618936012376645e-13,56.052044562930014,2.0073376992292518e-08,False,False,0.5571875452061547
230,255220.KQ,255220,SG,KOSDAQ,기타 비금속 광물제품 제조업,4850845185.0,502,0.8009124637099418,0.641460774525929,-0.19124390783383463,0.12948647942912986,0.3207303872629645,2.4769411345259846,0.5674576614786209,0.020264516377337748,0.5688868254519981,0.72894258200262,0.6403281000605036,0.13311838578597868,-0.3809700068753372,0.6988353203696414,7.266337831163389,1119.5927401848544,7.647605544464648e-244,36.38332902742097,7.231514002039122e-05,False,False,0.27642577623967135
231,274090.KQ,274090,켄코아에어로스페이스,KOSDAQ,"항공기,우주선 및 부품 제조업",1761827835.0,502,0.7988464005262778,0.6381555716337901,0.03048589889303065,0.3495636847099257,0.31907778581689505,0.9127887128254515,0.5659938268702314,0.02016010104783039,0.5659555684594355,0.725186618698365,0.6368880334511556,0.3549473421112276,0.06072984620754518,1.0081908371153208,5.95484297989028,808.6434763031331,2.542729767067736e-176,70.84824160525791,3.0400330092269267e-11,False,False,0.3148193434305826
232,062040.KS,062040,산일전기,KOSPI,"전동기, 발전기 및 전기 변환 · 공급 · 제어 장치 제조업",41939949900.06641,495,0.7986149097259082,0.6377857740365205,0.6651829453997941,0.9840758324180543,0.31889288701826024,0.3240531639057552,0.5698165840948307,0.02029066850310752,0.5651630214395399,0.7254422281364696,0.6382531447164461,0.9884578331097533,1.3066093570353097,0.5602979821708508,1.7237970081854606,84.95249569644307,3.57108302690454e-19,27.005333299191285,0.002599285452913644,False,False,0.5350759358202642
233,402030.KQ,402030,코난테크놀로지,KOSDAQ,소프트웨어 개발 및 공급업,860706465.0,502,0.7985964303859507,0.6377562586251826,-0.09208705577608521,0.22679107353650607,0.3188781293125913,1.4060435639732627,0.5658167195361634,0.020147486270241544,0.5656014331500766,0.7247328477632106,0.6365194787273049,0.22884778385102333,-0.18344326190315385,0.4262589175860402,4.859344549565984,496.86071475797326,1.2825274025821447e-108,10.812987476163865,0.37227252014515244,False,True,0.752912234097128
234,430690.KQ,430690,한싹,KOSDAQ,소프트웨어 개발 및 공급업,554257225.0,502,0.7985232135599442,0.6376393225941002,-0.3729698161067154,-0.05415015480966534,0.3188196612970501,,0.5657648443928124,0.02014379212055839,0.5654977270932993,0.7245999641079482,0.6369211345963852,-0.04558073791664129,-0.7429795543078219,1.6299663945614118,7.870888069588657,1487.2643968798943,0.0,24.043130652588207,0.007486728260152662,False,False,0.18714561056441625
235,112290.KQ,112290,와이씨켐,KOSDAQ,기타 화학제품 제조업,2520559580.0,502,0.7981560495014726,0.6370530793557971,0.08984165857503046,0.408368198252929,0.31852653967789857,0.779998396154772,0.5655047035316824,0.020125271992476552,0.5649778105714708,0.7239337695769951,0.6358160791728571,0.4116938332634723,0.17897028811375115,0.6307835447558412,4.088106415422768,373.7368572726301,6.983491378406579e-82,25.740335064128555,0.004105571811555221,False,False,0.42398297498891935
236,059270.KQ,059270,해성에어로보틱스,KOSDAQ,기타 금속 가공제품 제조업,1467370205.0,502,0.7975351506914076,0.6360623165883661,-0.37572136707786374,-0.057690208783680696,0.31803115829418305,,0.5650647880568472,0.02009397260656866,0.5640991412780032,0.7228078875300734,0.6353554448858943,-0.05336424809141747,-0.7484608185439985,0.86874199673537,5.268367417175703,629.2485612453299,2.2930369488823145e-137,92.21596039309816,1.9450549959411306e-15,False,False,0.3550073331114021
237,358570.KQ,358570,지아이이노베이션,KOSDAQ,자연과학 및 공학 연구개발업,8900397078.817383,502,0.7974675864616935,0.6359545514570385,-0.08145856789342128,0.23651870783509799,0.31797727572851925,1.3444064473336061,0.5650169178568811,0.020090568176624666,0.5640035685385778,0.7226854254931111,0.6347140410634622,0.23731701600315402,-0.16227063921625984,0.23438066103536992,1.2273419556517933,34.85073474147324,2.705572062263575e-08,27.18637944984187,0.002433204601417669,False,False,0.5791442345933113
238,114190.KQ,114190,강원에너지,KOSDAQ,기타 전기장비 제조업,1895547300.0,502,0.7967722700192005,0.6348460502715497,-0.1704454489506934,0.14697757618508145,0.31742302513577486,2.159669749459333,0.5645242764505818,0.02005554929266526,0.5630204815822654,0.7214257479751829,0.6336967010349066,0.152644768347943,-0.33953815624304795,1.1122569838798675,5.680787593211855,761.7502431028499,3.8729011818748215e-166,12.319680556437138,0.26423103175166146,False,True,0.6702140927134753
239,039030.KQ,039030,이오테크닉스,KOSDAQ,특수 목적용 기계 제조업,25856902405.765625,502,0.7967575985449816,0.6348226708391661,0.369886049526163,0.687297384945746,0.31741133541958305,0.46182532099207524,0.5645138815062802,0.020054810708313345,0.5629997472652226,0.7213991800781513,0.6341010032487725,0.6892948646771029,0.736836495484658,0.2878815388112776,2.5590166015037434,139.89793894373636,4.183584483262451e-31,61.1895134277932,2.156903767250099e-09,False,False,0.5156521503449131
240,389650.KQ,389650,넥스트바이오메디컬,KOSDAQ,의료용 기기 제조업,6250696000.0,480,0.7964588253103636,0.6343466604147643,0.23809709621705885,0.555270426424441,0.31717333020738214,0.5712051553866462,0.577089245019998,0.020494810320733484,0.5610934981491792,0.7230235025811538,0.6332500660913883,0.5585543671550596,0.45351827850868354,0.5972301945153524,2.695766569621881,169.36815925081845,1.6679057797329735e-37,20.817967983588325,0.022399260600004776,False,False,0.4888751580659918
241,402340.KS,402340,SK스퀘어,KOSPI,기타 금융업,68980703531.0,502,0.796064396462682,0.6337185233154942,1.2869351390675259,1.603794400725273,0.3168592616577471,0.1975685047375499,0.564022738153695,0.020019929361760263,0.5620205214036933,0.7201444499702783,0.6390283661845907,1.6085958652224628,2.563656507190071,0.03242136563654529,2.257396787313395,103.45628422892513,3.425731496054266e-23,73.87220631997198,7.883625023932031e-12,False,False,0.5462557201951276
242,475960.KQ,475960,토모큐브,KOSDAQ,사진장비 및 광학기기 제조업,6883993600.0,428,0.7958074284429038,0.6333094631649073,0.644249857065468,0.9609045886479217,0.31665473158245366,0.3295381615650468,0.6106415821604766,0.02167140368924191,0.5562582799394447,0.7276469095275775,0.6334768232302466,0.9659041669639259,1.094202138190557,0.7069724748124758,2.704055101296426,161.45052533102577,8.739042957772992e-36,13.634678350474413,0.1903165255703927,False,True,0.8311860221208291
243,304100.KQ,304100,솔트룩스,KOSDAQ,소프트웨어 개발 및 공급업,4001582070.0,502,0.7938115000123146,0.6301366975518009,-0.01985781995741168,0.29521052881848875,0.31506834877590045,1.06726663861512,0.5624265295676066,0.019906775183466546,0.5588439382532495,0.7160741382315757,0.6288830099797852,0.29979485155470487,-0.03955803816912962,0.9154151777012558,3.879305925652817,376.3324125795419,1.907457752326823e-82,18.56375345593892,0.046166577151128124,False,False,0.41440355483220614
244,096250.KQ,096250,와이즈넛,KOSDAQ,소프트웨어 개발 및 공급업,814272090.0488281,376,0.7934709956843676,0.6295962209923417,-0.3371675547260616,-0.022369444229890734,0.31479811049617085,,0.649587118643553,0.022989603490500877,0.5483723183148741,0.7304062181036297,0.6283728818465174,-0.01415008373780706,-0.503075399115076,1.6434241284275104,7.628236449231498,1051.8014495503085,4.019918064597204e-229,31.368200958713693,0.0005099462005204673,False,False,0.19716775122274854
245,052020.KQ,052020,에스티큐브,KOSDAQ,기계장비 및 관련 물품 도매업,1785186400.0,502,0.7934173624295129,0.629511111004605,0.3303575125609174,0.6451130680632199,0.3147555555023025,0.4879075794376204,0.5621472775879315,0.019887012152998373,0.5582891296678878,0.7153632347888577,0.6286901845141523,0.6501262472013065,0.65809314010151,0.8738655653684461,3.7521339401386617,350.3137923478153,8.517782070889314e-77,52.481681881414026,9.291659256947296e-08,False,False,0.4228962683358639
246,079900.KS,079900,전진건설로봇,KOSPI,특수 목적용 기계 제조업,5067196987.646484,481,0.7928587663563221,0.628625023388069,0.32458870172646204,0.6389012134204965,0.3143125116940345,0.4919579194587754,0.5738832704437415,0.020288785388260327,0.5561014892095371,0.7164010872421896,0.6277361972658202,0.6461014146926376,0.6195522441683661,1.2791205078600139,5.6720956846160675,759.0462699826089,1.496913546668033e-165,10.44261018525431,0.402556241901099,False,True,0.659480993668276
247,293580.KQ,293580,나우IB,KOSDAQ,기타 금융업,762404594.0229492,502,0.7924357608661338,0.6279544350994883,0.19332970597846824,0.5073069235282124,0.31397721754974417,0.6189097822006824,0.5614517991768718,0.019837834891307263,0.5569085738348769,0.7135942609112957,0.626851848799547,0.517289550637328,0.3851250492110756,1.8308007439302802,8.588663522649869,1786.944708254477,0.0,56.93084862261135,1.3733898745754723e-08,False,False,0.14145675855207052
248,101170.KQ,101170,우림피티에스,KOSDAQ,일반 목적용 기계 제조업,889204587.8144531,502,0.7921613286605814,0.6275195706252977,0.12165523706271493,0.4354150223753638,0.31375978531264886,0.7205993573693513,0.5612573601280951,0.01982409700021693,0.5565229093015982,0.7131000900356534,0.6263282617856423,0.44073742931411436,0.24234495637096387,0.9931830617728566,6.244199432666679,878.3762501705426,1.8324020038422735e-191,81.20088234362537,2.9186729309709706e-13,False,False,0.3027988214118089
249,047770.KQ,047770,코데즈컴바인,KOSDAQ,봉제의복 제조업,1172601090.0,502,0.7920886580890738,0.6274044422733497,0.33546818084727287,0.6491704019839477,0.31370222113667484,0.48323555753306185,0.5612058720136824,0.01982045995728898,0.5564208064057389,0.7129692605890784,0.6266012155653272,0.6540448798351007,0.6682739158148054,0.804679407621827,7.366817394284045,1162.9247077698174,2.979259091481613e-253,24.7583989204891,0.005822758248361114,False,False,0.2648479234157629
250,452430.KQ,452430,사피엔반도체,KOSDAQ,반도체 제조업,1728897000.0,502,0.7918843040319313,0.6270807509721363,0.18309021229153954,0.4966305877776077,0.31354037548606817,0.6313352081053699,0.5610610843113628,0.019810234160272028,0.5561337370726067,0.7126014245775117,0.625964610041614,0.4990986933236752,0.3647273276601304,0.46384307361767274,2.991123628268433,199.85729036907748,3.995221041399091e-44,14.17768246509028,0.1650401527764377,False,True,0.834476565153409
251,319660.KQ,319660,피에스케이,KOSDAQ,특수 목적용 기계 제조업,8811249184.13086,502,0.791809505603134,0.6269622931634795,0.7303702852637677,1.0438514318455074,0.31348114658173976,0.30031203389500716,0.5610080885803549,0.019806491935807368,0.5560286814099801,0.7124668116061035,0.6278301926799228,1.049650887518723,1.45494398096195,0.7738725814455486,3.5894679516775234,312.20583208242107,1.6045932254687646e-68,108.33351940577441,1.1562460484751769e-18,False,False,0.4368824367448082
252,163730.KQ,163730,핑거,KOSDAQ,소프트웨어 개발 및 공급업,1486233594.6386719,502,0.7908198182520498,0.6253959849402051,0.1757122301493298,0.48841022261943234,0.31269799247010255,0.6402363791508021,0.5603068812758266,0.019757010377615503,0.5546395830454285,0.7106868917640377,0.6242726952045663,0.4943356264683119,0.35002991878953793,1.1050322539169137,5.489701721864531,716.7477741329765,2.291914376445502e-156,7.000783114739862,0.7253710204005716,False,True,0.6792946055883019
253,317830.KQ,317830,에스피시스템스,KOSDAQ,특수 목적용 기계 제조업,640736915.0,502,0.7889590930136137,0.6224564504488639,-0.15271168595528625,0.1585165392691457,0.31122822522443194,1.9633801410210996,0.5589885314682006,0.01966414695212303,0.5520326232569338,0.7073464663676639,0.6213090404516984,0.16336297299375183,-0.30421137440299084,0.9862693893163699,5.5679436007468155,713.7918100608396,1.0047958470953385e-155,22.949568695542382,0.01093426714226868,False,False,0.33369124534530203
254,086390.KQ,086390,유니테스트,KOSDAQ,특수 목적용 기계 제조업,1878361745.0,502,0.7888253363831215,0.6222454113199448,-0.10180721911453182,0.20931548654544058,0.3111227056599724,1.486381685343814,0.5588937630282206,0.01965747997254443,0.5518454607914103,0.7071066459240031,0.6210470084291193,0.21261977113712624,-0.20280644442656737,0.6885221917168608,4.770170063271036,503.6137240158831,4.381969239476617e-110,46.117863704942046,1.3654136907836787e-06,False,False,0.38944086770501274
255,018000.KQ,018000,유니슨,KOSDAQ,일반 목적용 기계 제조업,1626578752.0,502,0.7878623158568723,0.620727028747354,0.16630278666005185,0.47666630103372887,0.310363514373677,0.6511127673607363,0.5582114495413635,0.019609512443225004,0.5504988658383809,0.7053811877870652,0.6196002692015277,0.4804045542002692,0.3312857099339128,0.6943774169456435,5.6657849497051025,695.4800284425562,9.515479692440141e-152,28.55442578682737,0.0014705942493525846,False,False,0.3487478494668941
256,100840.KS,100840,SNT에너지,KOSPI,일반 목적용 기계 제조업,6142335587.7734375,502,0.7871753788502319,0.6196450770680061,0.4631837499050299,0.773006288439033,0.30982253853400304,0.40080209329168837,0.5577247450823448,0.01957533229005533,0.549539324615285,0.7041516805715557,0.6192620703017321,0.7776112868590596,0.922691438302877,0.745637209932433,3.5761273827858613,306.6842653079323,2.537218942443866e-67,4.2765733889783455,0.9340089428413854,False,True,0.7893651204458074
257,092790.KS,092790,넥스틸,KOSPI,1차 철강 제조업,4442610479.267578,502,0.7864794235889339,0.6185498837287816,0.1778963694884296,0.48717131135282044,0.3092749418643908,0.6348381660766698,0.557231651064004,0.019540733816944537,0.5485680398746585,0.702907125811249,0.6174432964483438,0.4921162278586511,0.35438086302853833,0.9407581528352368,4.780997220399381,539.9072213574226,5.762839342083455e-118,4.205214075623857,0.9376148806802792,False,True,0.722137914893012
258,032500.KQ,032500,케이엠더블유,KOSDAQ,통신 및 방송 장비 제조업,1742463255.0,502,0.7860582632300351,0.6178875931922192,0.17564856584291946,0.48459236243902903,0.3089437965961096,0.6375333590507849,0.5569332530702193,0.019519811263364165,0.5479806799364763,0.7021545127241675,0.6167791716458195,0.48863605973210616,0.34990309544899034,0.7735078300386712,4.166009187505618,403.5511905756438,2.3440797534706056e-88,60.49952500031598,2.915064070169845e-09,False,False,0.4109623978930024
259,277810.KQ,277810,레인보우로보틱스,KOSDAQ,특수 목적용 기계 제조업,49285563000.0,502,0.7857331407062149,0.6173765684040525,0.5840928744190709,0.8927811586210972,0.30868828420202626,0.3457603033186723,0.5567028992233003,0.01950366737647306,0.5475274717575626,0.7015737948637045,0.6175005619276379,0.8978178463436297,1.163550091104657,0.746906273820086,4.349429725366992,432.1209670043955,1.4659672144172832e-94,28.978604984338208,0.0012560207501091508,False,False,0.40448191077047957
260,084650.KQ,084650,랩지노믹스,KOSDAQ,자연과학 및 공학 연구개발업,1799417107.5,502,0.7857096377697552,0.61733963488428,-0.6347280697989564,-0.32605825235681635,0.30866981744214,,0.5566862470647116,0.019502500602219627,0.5474947168430758,0.7015318243857974,0.6177086037133264,-0.3184523935625614,-1.2644186152344288,1.4973844681213815,6.886690655736569,1155.4706632153154,1.238036595307493e-251,48.78598074718303,4.4580508845688837e-07,False,False,0.24027328928376224
261,397030.KQ,397030,에이프릴바이오,KOSDAQ,자연과학 및 공학 연구개발업,10821934295.0,502,0.7852422359795478,0.6166053691661598,0.17601631264336937,0.4843189972264493,0.3083026845830799,0.6365694642346008,0.5563550863713027,0.019479304266198674,0.5468435248918169,0.7006974202106738,0.6155000150399113,0.4851786060191678,0.35063567042448973,0.16768009442329604,2.5642850224138956,135.89459759356606,3.0964428751875085e-30,25.04295364411401,0.005264679774239878,False,False,0.5234285010298216
262,010120.KS,010120,엘에스일렉트릭,KOSPI,"전동기, 발전기 및 전기 변환 · 공급 · 제어 장치 제조업",85033551092.72461,502,0.7844394931912892,0.6153453184782067,0.8035883501723209,1.1112610094114244,0.30767265923910336,0.27686804147124816,0.5557863318993296,0.019439497751418136,0.5457260345256942,0.6992655250139495,0.6166820478028359,1.11526343231239,1.6007990150258138,0.4060089455403393,1.7792550847467847,77.74150887980115,1.314152723184265e-17,26.297832173913992,0.0033596075624199883,False,False,0.542866258150372
263,036810.KQ,036810,에프에스티,KOSDAQ,전자부품 제조업,4500620695.853516,502,0.7838876881754347,0.6144799076730276,-0.059094871510367936,0.24814508232614588,0.3072399538365138,1.238146454309731,0.5553953703422594,0.019412158384568095,0.5449585350538302,0.6982820903101105,0.6132697020636674,0.25016145607169743,-0.11772073610398692,0.4521184918485517,3.7534246587708857,304.00230860814474,9.69923412812435e-67,36.73680859788145,6.284293344815584e-05,False,False,0.45095465756540676
264,004310.KS,004310,현대약품,KOSPI,의약품 제조업,1330153943.7324219,502,0.7837836530520425,0.6143168147916044,0.29728994161227557,0.6044483490080778,0.3071584073958022,0.5081632002136504,0.5553216600049794,0.019407006084539973,0.5448138942663476,0.6980967549773637,0.6134437955984027,0.6146654310114262,0.5922204392435013,1.8754255386437995,10.325718416559292,2473.4814477222067,0.0,53.47882013114406,6.066535166587977e-08,False,False,0.07497163075708002
265,281820.KS,281820,케이씨텍,KOSPI,"측정, 시험, 항해, 제어 및 기타 정밀기기 제조업; 광학기기 제외",4264763878.9160156,502,0.7833639631007612,0.6136590986849307,0.2537313021233816,0.5605608514658469,0.30682954934246537,0.547361715574887,0.5550243038155189,0.019386228042694503,0.5442305912136384,0.6973493401765479,0.6126921447002139,0.5621281314463832,0.5054488637537204,0.27234040871641874,2.989793791549971,187.9698970955508,1.5235456227084667e-41,112.43964407928586,1.7172372530894961e-19,False,False,0.49730325213249005
266,481070.KQ,481070,에이유브랜즈,KOSDAQ,"섬유, 의복, 신발 및 가죽제품 소매업",804046260.0,332,0.7823923508603546,0.6121377906847922,0.07748731584584859,0.3835562111882447,0.3060688953423961,0.7979766365774774,0.6816411875701697,0.02379141086174238,0.5286199854861112,0.7172518958976838,0.6103178286829071,0.38510781678504813,0.10208646373341956,0.41700871356045954,1.704961104090665,47.71766251304377,4.347516516906932e-11,9.700161990020456,0.4671811623516372,False,True,0.8954761694118895
267,024850.KQ,024850,HLB이노베이션,KOSDAQ,전자부품 제조업,1174612400.0,502,0.7823806748584402,0.6121195203919484,-0.07396838129493687,0.23209137890103732,0.3060597601959742,1.3187037004354938,0.5543276303688826,0.019337590915108033,0.5428651985935256,0.6955997956671255,0.6109218703905238,0.2328516605257448,-0.14734971194467583,0.15698743497296158,8.050649644899524,1326.9498329417313,7.186292589136171e-289,75.22744705056128,4.296639366014487e-12,False,False,0.277254936981324
268,464500.KQ,464500,아이언디바이스,KOSDAQ,반도체 제조업,643296370.0,459,0.7823202530411882,0.6120249783184287,-0.936444047976516,-0.6304315588173017,0.30601248915921436,,0.5796668988191308,0.02022187448079704,0.5398934695791012,0.6997240114158426,0.6141714614192386,-0.6258866755768405,-1.7056659445286542,0.8257630003483509,4.93012301760421,504.20626740251606,3.258368233149515e-110,29.777676227350586,0.0009313717293590204,False,False,0.3730935975179205
269,403870.KQ,403870,HPSP,KOSDAQ,특수 목적용 기계 제조업,25427236027.54785,502,0.7818093220620855,0.6112258160631777,0.06466058540654963,0.3702734934381385,0.30561290803158886,0.8253707420259818,0.553922818936436,0.019309357721862107,0.5420726066866193,0.6945842087959835,0.6100248259916167,0.3712839796258339,0.12880799156384093,0.21647173288169053,4.358580294528306,391.25112691061753,1.098745911743294e-85,102.77078611296149,1.517784351933048e-17,False,False,0.4394324378874469
270,451220.KQ,451220,아이엠티,KOSDAQ,특수 목적용 기계 제조업,831601340.0,502,0.7815303044319629,0.6107896167455166,-0.2496781995269937,0.0557166088457646,0.3053948083727583,5.481216726921697,0.5537251310503376,0.019295577661463153,0.5416857583321396,0.6940885210321935,0.6098202821525098,0.05848274513815749,-0.49737482604186845,0.619763720390741,4.53404994226592,451.2052197634888,1.0520379961452618e-98,18.16151141512405,0.05229952625861427,False,True,0.7546501712386509
271,064260.KQ,064260,다날,KOSDAQ,소프트웨어 개발 및 공급업,6615323920.0,502,0.779709483044791,0.6079468779499754,0.1326481312129487,0.43662157018793635,0.3039734389749877,0.6961942783636353,0.5524350536784003,0.01920577212827009,0.5391646429136951,0.6908580922361192,0.6068056519110137,0.445431947950736,0.2642434994797629,1.7101214353260024,9.046691541360335,1916.7943456875037,0.0,47.54406799995156,7.516825775599664e-07,False,False,0.12889078495038475
272,046120.KQ,046120,오르비텍,KOSDAQ,기타 과학기술 서비스업,1239581370.0,502,0.7793255437287089,0.6073483031080478,0.2929644616322851,0.5966386131863091,0.3036741515540239,0.5089750224717642,0.5521630273130663,0.019186862430017267,0.538633789968133,0.6901778843292226,0.6064790339296666,0.6028910377579074,0.5836038084897108,1.1744508977930297,5.447419814924508,720.4473363290364,3.6045301722586184e-157,95.57731780691901,4.1671322046104254e-16,False,False,0.32656938180886186
273,353200.KS,353200,대덕전자,KOSPI,전자부품 제조업,12400841212.589844,502,0.7792288828744981,0.6071976519058383,0.8487949661172628,1.1523937920701819,0.30359882595291915,0.26345059131872667,0.552094541748448,0.01918210317758021,0.5385001832261793,0.6900066874600117,0.608847034887892,1.1575299353456543,1.690853464249468,0.5832724518449719,3.4546048305665362,271.28171724816053,1.235729967868322e-59,80.21482499805772,4.556505499287527e-13,False,False,0.45565795250150776
274,092200.KS,092200,디아이씨,KOSPI,자동차 신품 부품 제조업,1931232855.0,502,0.7788156219220728,0.606553772949865,0.1521017320140549,0.4553786184889874,0.3032768864749325,0.665988419661093,0.5518017405944274,0.01916176226794628,0.5379291518088496,0.6892749969072867,0.6054373038068437,0.4611785376803853,0.30299630742482364,1.1463634570514563,5.400295630192392,704.568278170903,1.0114451427970666e-153,42.74895020274918,5.514162430895263e-06,False,False,0.3305624661712453
275,117730.KQ,117730,티로보틱스,KOSDAQ,특수 목적용 기계 제조업,2661006840.0,502,0.7776681613801039,0.6047677692243112,0.14553537732746016,0.44791926193961573,0.3023838846121556,0.675085691342562,0.5509887487816038,0.019105340264943493,0.5363452139750411,0.6872454197002725,0.6036471023384775,0.45189478557496027,0.28991571197771826,0.796417896255206,4.346394665494077,437.9363352351028,8.004479399172949e-96,35.76314674702637,9.24397013140568e-05,False,False,0.40131771363575286
276,009830.KS,009830,한화솔루션,KOSPI,기초 화학물질 제조업,42133767250.0,502,0.7771030928947215,0.6038892169865421,0.171997315150454,0.473941923643725,0.30194460849327104,0.6370920010027452,0.5505883898712116,0.019077585744452702,0.5355660598733618,0.6862470513478243,0.6028036435792323,0.47609771096947695,0.34262957224415835,0.4106917465870456,4.923295590654123,508.5725630745216,3.671733100539361e-111,60.910048379653354,2.4369156569874496e-09,False,False,0.40107224864809476
277,484120.KQ,484120,도우인시스,KOSDAQ,전자부품 제조업,634750900.0,258,0.7768470750185631,0.6034913779648969,-0.725564327150927,-0.42381863816847853,0.30174568898244847,,0.7677608317415072,0.026618863563795454,0.5113686065383605,0.7231044512695423,0.6032413259731413,-0.4224330214505414,-0.7428396682735681,0.4306966460554009,1.8155525353970114,41.08443168303,1.1984750960748717e-09,80.94742869663227,3.272893054263821e-13,False,False,0.5395870261701078
278,098460.KQ,098460,고영,KOSDAQ,특수 목적용 기계 제조업,22168418213.4375,502,0.7768041519731569,0.6034246905227354,0.4860750344547309,0.7877873797160986,0.3017123452613677,0.3829870254713883,0.5503765860549924,0.019062910795481,0.5351540892652935,0.6857191732087659,0.6031602244617933,0.7952247205659222,0.9682923305407733,1.3146545428250414,5.835923087399571,839.1574063864426,6.015676576751606e-183,23.669904323202704,0.008526463871335259,False,False,0.2997398248786832
279,039830.KQ,039830,오로라,KOSDAQ,전문디자인업,530596797.79785156,502,0.7763401592741758,0.6027040429018526,0.6767066916472533,0.9780587130981796,0.3013520214509263,0.30811240410745766,0.5500478407503091,0.019040144671509565,0.5345149746793447,0.6849002443539679,0.6033206275026705,0.9846679590492331,1.3480426952655602,0.9268771657940735,12.956287010004067,3506.832126026273,0.0,41.79616738945515,8.151443748958091e-06,False,False,0.13820818894706177
280,077970.KS,077970,STX엔진,KOSPI,일반 목적용 기계 제조업,9183621525.0,502,0.7761924663348394,0.6024747447949609,0.27138063506782295,0.5726180074653033,0.30123737239748044,0.5260703793282878,0.5499431982409586,0.01903290086888448,0.5343116190303446,0.6846396747903659,0.6015668476830496,0.5773416628729369,0.5406074555716156,0.8976714901665604,4.645177244251024,507.13700102061625,7.526610532826993e-111,13.01857561442077,0.2226350879605636,False,True,0.7311222579975999
281,195870.KS,195870,해성디에스,KOSPI,전자부품 제조업,4298764269.824219,502,0.7754483261213808,0.6013201064844513,0.1916588411931373,0.492318894435363,0.30066005324222567,0.610701837042128,0.549415964511338,0.01899642445772666,0.5332876148369528,0.6833275680103934,0.6002680239818624,0.49386402776106514,0.38179658047204335,0.29837086967579596,3.5342455766166987,261.7643909345809,1.4407370650557344e-57,31.945699468299825,0.00040886634080476036,False,False,0.4710675577405288
282,059120.KQ,059120,아진엑스텍,KOSDAQ,반도체 제조업,766241230.0,502,0.7747786148575108,0.600281902040523,0.2193709014314136,0.5195118524516751,0.3001409510202615,0.5777364839778715,0.5489414647315478,0.018963626332272207,0.5323668713500059,0.6821477742364668,0.5992770879956548,0.523490883322628,0.4370007639625779,0.7607099869821133,5.7123537194665275,714.3482334889436,7.607676190297278e-156,43.08121168713385,4.809480245688727e-06,False,False,0.34223008349186534
283,033640.KQ,033640,네패스,KOSDAQ,반도체 제조업,1268733265.0,502,0.7746636425152088,0.6001037590349312,0.1413842430002633,0.4414361225177289,0.3000518795174656,0.6797175496335032,0.548860005221984,0.01895799858074369,0.5322088831877485,0.6819453362579985,0.5989876566493618,0.4433675555302708,0.28164638883385784,0.3889042786064972,4.270419140386741,384.37852231059077,3.4140069366821478e-84,36.06634901323573,8.199441966096454e-05,False,False,0.4319041867754969
284,458870.KQ,458870,씨어스,KOSDAQ,의료용 기기 제조업,5343613369.182129,502,0.7744479375117065,0.599769607916136,0.9448267089445171,1.2447115129025852,0.299884803958068,0.24092715528818112,0.5487071752157063,0.018947442345525197,0.5319125374457455,0.6815656139289227,0.6021172981772539,1.2490123336069319,1.8821547932148714,0.3460447846589051,2.2785261075463303,115.28247162077473,9.26252423847161e-26,3.8768856362412607,0.952730001326614,False,True,0.8743966728498215
285,005690.KS,005690,파미셀,KOSPI,전자부품 제조업,8847255617.087402,502,0.7738065803772415,0.5987766238351203,0.4018891537081531,0.7012774656257132,0.29938831191756016,0.42691848318615455,0.5482527647324303,0.01891607278565297,0.5310318981549162,0.6804372076277924,0.5982247738265151,0.7051809375779767,0.800588710958305,0.6863367272693872,3.3090190312374688,262.0468879908539,1.2509538061127326e-57,41.85817397993472,7.947144348440548e-06,False,False,0.4553383617763548
286,441270.KQ,441270,파인엠텍,KOSDAQ,전자부품 제조업,2992051450.0,502,0.773790814227637,0.5987522241830694,-0.01303948719845001,0.2863366248930847,0.2993761120915347,1.045539012703383,0.5482415941953361,0.0189153019713363,0.5310102590443913,0.68040948037451,0.5975601653839446,0.28919488203800875,-0.025975486403261527,0.6426934712245145,3.0817835544606265,227.56006932726905,3.8544178582061745e-50,67.52747889373074,1.327775804289606e-10,False,False,0.46847350863430415
287,388870.KQ,388870,파로스아이바이오,KOSDAQ,자연과학 및 공학 연구개발업,706503440.0,502,0.7736074721097833,0.5984685209040891,-0.396040712730694,-0.09680645227864948,0.29923426045204454,,0.5481116937453346,0.01890633944397451,0.5307586535461927,0.6800870859134374,0.5978987662109138,-0.09215097991754155,-0.7889382452016207,1.0143655858201506,5.626463015342122,731.8691944283261,1.1929539854153228e-159,40.328629651539835,1.482908693691934e-05,False,False,0.32918479192159444
288,127120.KQ,127120,제이에스링크,KOSDAQ,자연과학 및 공학 연구개발업,2581049380.0,502,0.7733478948269026,0.598066966433202,1.2860371675555384,1.5850706507721395,0.299033483216601,0.18865624890028218,0.5479277796166492,0.018893653855899858,0.5304025303703714,0.6796307678275195,0.6034386598643872,1.5907569465799136,2.561867690924128,0.2270696224448416,3.1956523566424817,212.0952062110407,8.792475203723633e-47,17.181225692393713,0.07044887347662544,False,True,0.8410576691214322
289,011690.KS,011690,와이투솔루션,KOSPI,반도체 제조업,785150757.5,502,0.7719544705192203,0.5959137045546098,0.09259033565439977,0.3905471879317047,0.2979568522773049,0.7629215149525257,0.5469405190421013,0.01882562972669932,0.5284928854425355,0.6771838461514921,0.594760645185112,0.3963962293200974,0.18444582737503445,1.2197385491160226,4.626762219075713,560.3608878864316,2.0853514497096745e-122,21.518046517497982,0.017757215246884294,False,False,0.36047979686719134
290,218410.KQ,218410,RFHIC,KOSDAQ,통신 및 방송 장비 제조업,5148261878.516602,502,0.7719495453612792,0.5959061005834857,0.6799131810939553,0.9778662313856981,0.29795305029174285,0.3046971464282232,0.5469370294989436,0.018825389508117768,0.5284861417737634,0.6771752051580521,0.5965534887564544,0.9820777284038059,1.354430225830022,0.5675682915828832,2.9237505293831756,200.61745732327444,2.7319494267557186e-44,61.77859982504878,1.6671754669529043e-09,False,False,0.48059334007223153
291,008830.KQ,008830,대동기어,KOSDAQ,특수 목적용 기계 제조업,2515735580.5009766,502,0.7715402433209892,0.5952743470638112,0.14006097993610517,0.4376981534680108,0.2976371735319056,0.6800055498832678,0.5466470332894384,0.018805431655581354,0.5279258639383162,0.6764572936970418,0.594166387139591,0.4421627426056948,0.2790103647933524,0.9028054204560904,5.884077408607908,774.7519872758032,5.817595767878607e-169,31.765910695701262,0.00043802954270998176,False,False,0.325029488582238
292,253590.KQ,253590,네오셈,KOSDAQ,특수 목적용 기계 제조업,6217170153.030273,502,0.7708689061852477,0.5942388705232403,-0.06732747254171739,0.22979196271990276,0.29711943526162016,1.2929931567005413,0.5461713815567296,0.01877271970787067,0.5270075397236661,0.675280599855326,0.5930731158031104,0.23413489842224577,-0.13412060006326243,0.937608199181835,5.808970740502044,762.1096034661269,3.235953740907682e-166,22.304082460575096,0.01362825656028407,False,False,0.3260891033986191
293,099320.KQ,099320,쎄트렉아이,KOSDAQ,"항공기,우주선 및 부품 제조업",4934208982.734375,502,0.770781456983574,0.5941040544297213,0.2821211099806259,0.5791731371954865,0.2970520272148606,0.5128898564827561,0.546109422576531,0.018768460705537962,0.5268879765289897,0.6751273976717975,0.5932364227601571,0.5813890527382408,0.5620031635328342,0.4116456234049689,2.9178634208758414,187.2171811867581,2.219758085335383e-41,70.60673515939385,3.385056105968127e-11,False,False,0.49125310450025594
294,049630.KQ,049630,재영솔루텍,KOSDAQ,사진장비 및 광학기기 제조업,655972740.0,502,0.7702518733331357,0.593287948373205,0.48446291992626245,0.7811068941128649,0.2966439741866025,0.37977385223761617,0.5457342051670739,0.01874267893492207,0.5261642035374661,0.6741999918511303,0.5930374662227851,0.7856554866570276,0.9650808960435864,0.7594409593722617,5.079700457092413,574.5119658937014,1.7632411490341969e-125,85.20118693405503,4.7639492032204694e-14,False,False,0.3707840821393573
295,107600.KQ,107600,새빗켐,KOSDAQ,기타 화학제품 제조업,504919050.0,502,0.7701422528944365,0.5931190896933182,-0.3504346288837038,-0.05387508403704472,0.2965595448466591,,0.5456565375559266,0.018737344486394723,0.526014449285662,0.6740081043858349,0.592424896725633,-0.050286992430668837,-0.6980880305540449,0.8129492489533358,5.104695819908002,586.7163037799318,3.9461483947700497e-128,6.651267974341289,0.757905988965472,False,True,0.7160920715072507
296,158430.KQ,158430,아톤,KOSDAQ,소프트웨어 개발 및 공급업,2233495230.0,502,0.768796003862625,0.5910472955551413,0.0952089277354404,0.3907325755130111,0.2955236477775707,0.7563322494664384,0.5447027013229119,0.018671894020971355,0.5241770549553094,0.6716537609428135,0.5899058816943955,0.39662596359109226,0.18966222906028207,1.224542508479324,6.191440332590471,907.6225929272531,8.170678467605061e-198,20.784263651371536,0.022649161536144723,False,False,0.2897490178014739
297,264850.KQ,264850,이랜시스,KOSDAQ,전자부품 제조업,2227469271.022217,502,0.7684160491946236,0.5904632246598742,0.09292006066174292,0.38815167299168,0.2952316123299371,0.760608887897967,0.5444334981363698,0.018653442519815395,0.5236590650007513,0.6709900350169636,0.5893212655478915,0.3941397101042111,0.18510266052458313,1.2350577977980302,7.176930795811337,1179.4044125309929,7.862956132161795e-257,30.114347242156523,0.0008205122459627724,False,False,0.24470092766862117
298,039980.KQ,039980,폴라리스AI,KOSDAQ,"컴퓨터 프로그래밍, 시스템 통합 및 관리업",2642966855.0,502,0.7681838442771347,0.5901064186083971,-0.4488433425837801,-0.15379013327958158,0.29505320930419854,,0.5442689777106897,0.018642170588060822,0.5233426274725534,0.670584568097135,0.5897303536325379,-0.1460845013675644,-0.8941244364168952,1.641862161821837,8.218746530177178,1605.0842848273055,0.0,31.595837368387254,0.00046748191237971844,False,False,0.1706989286872379
299,389260.KQ,389260,대명에너지,KOSDAQ,건물 건설업,984602650.0,502,0.7678724122470417,0.5896280414900908,0.05835206345966311,0.3531660842047085,0.2948140207450454,0.8347744416311504,0.544048323769699,0.018627058080276343,0.5229183732531069,0.6700409503645514,0.5884669953976837,0.35626884991987573,0.11624101530456699,0.6477068911591699,6.698408891923043,951.536824960313,2.3790512401440243e-207,37.42619448891428,4.774626372432583e-05,False,False,0.30539114045285176
300,009420.KS,009420,한올바이오파마,KOSPI,의약품 제조업,16521549600.0,502,0.7674388290505055,0.5889623563344111,0.2539141367519846,0.5483953149191901,0.29448117816720554,0.5369870422955736,0.5437411240220223,0.018606028286600507,0.52232800275813,0.6692844797034411,0.5880449673617516,0.5511135687971506,0.5058130819424456,0.5220473522422555,4.206102781543103,383.3194377125461,5.797512552060451e-84,43.55719449900427,3.9524842037373975e-06,False,False,0.42592221801441
301,377480.KQ,377480,마음AI,KOSDAQ,소프트웨어 개발 및 공급업,1506855040.0,502,0.7673191660780139,0.5887787026306587,-0.13330535612809657,0.16108399518723276,0.29438935131532934,1.827551836997535,0.5436563411354867,0.01860022644549775,0.5221651273701727,0.6690757794830626,0.5876763538239745,0.165017077207196,-0.2655527332393035,0.8850772250868939,5.080094013812641,591.7769798616965,3.142400710828558e-129,22.347095294572096,0.013430781761485192,False,False,0.36239062103930497
302,131290.KQ,131290,티에스이,KOSDAQ,"측정, 시험, 항해, 제어 및 기타 정밀기기 제조업; 광학기기 제외",3961548423.626953,502,0.7671282356953584,0.5884857300010733,0.8665504621315786,1.1607933271321151,0.29424286500053665,0.253484283655817,0.543521064293939,0.01859097108821619,0.5219053012423596,0.6687428515262069,0.5902932480807924,1.1658390966264351,1.7262235396430654,0.5735573967458635,4.204166817560873,387.68006156130906,6.551553020042094e-85,58.72506927872681,6.311017232304356e-09,False,False,0.42257533342670317
303,067310.KQ,067310,하나마이크론,KOSDAQ,반도체 제조업,14942218555.314941,502,0.766304188397745,0.5872221091559267,0.37742195160689784,0.6710330061848612,0.2936110545779633,0.43755083859031096,0.5429372152796715,0.018551051787881506,0.5207846446414915,0.6673068992776626,0.5866176111790186,0.6721324580130378,0.7518484908994552,0.14287850288375062,2.1296353605377147,93.63785401129392,4.642996462918503e-21,34.54716454346813,0.00014913845021697063,False,False,0.5446411752502195
304,232140.KQ,232140,와이씨,KOSDAQ,특수 목적용 기계 제조업,10477471820.0,502,0.7661286548923176,0.586953115847112,-0.16825990123918272,0.12521665668437326,0.293476557923556,2.343750150295948,0.5428128473405843,0.01854255396614658,0.5205460848485991,0.6670012209184304,0.5858962333357113,0.12672208119399556,-0.3351844064367846,0.41155181374627414,2.2580235962075106,117.51298618623449,3.0365418686815975e-26,27.068628302626603,0.002540014244417411,False,False,0.5209521505875772
305,950220.KQ,950220,네오이뮨텍,KOSDAQ,자연과학 및 공학 연구개발업,668060175.0,502,0.7655668174953211,0.5860925520499142,-0.7696502792861973,-0.47660400326124025,0.2930462760249571,,0.5424147777014203,0.018515367722100797,0.5197828840012074,0.6660232942528898,0.5872756780869637,-0.47579279922879186,-1.5331922230225041,0.04847101401325621,13.031992809697243,3475.8805885025195,0.0,4.946798913529748,0.8947034249281324,False,True,0.5467685990657829
306,095340.KQ,095340,ISC,KOSDAQ,기계장비 및 관련 물품 도매업,14759308651.351562,502,0.7650946673452844,0.5853698500001914,0.539340216664479,0.8320251416645746,0.2926849250000957,0.3517741355922748,0.5420802527287841,0.01849253669625457,0.5191419474215415,0.6652020307882096,0.5853580915434976,0.8348745478357371,1.0743999554189223,0.4130374482446373,2.1683553838338447,109.52132736662618,1.6509956803391827e-24,27.980091714521127,0.0018185450242681016,False,False,0.5248881778445011
307,005950.KS,005950,이수화학,KOSPI,기초 화학물질 제조업,775256375.0,502,0.7648134366629662,0.584939592900217,0.24219974447800194,0.5346695409281105,0.2924697964501085,0.5470103943875734,0.5418809968643103,0.018478944357650014,0.5187603689907896,0.6647130956360765,0.5840071552076082,0.5422841404232317,0.482477268761734,1.5320973931752508,8.054444171163933,1521.3710419738645,0.0,121.45615803188969,2.5618195531715642e-21,False,False,0.18541018608593962
308,006910.KQ,006910,보성파워텍,KOSDAQ,"구조용 금속제품, 탱크 및 증기발생기 제조업",4447084675.0,502,0.7644582185653905,0.5843963679321704,0.39099915068268154,0.6831973346487668,0.2921981839660852,0.427692218846704,0.5416293198832437,0.01846178322839828,0.5182786037140169,0.6640957861659709,0.5838388997404139,0.6897971903248572,0.778895133502802,1.2573478495161787,6.5937638022075085,1019.6594511258804,3.8349833059695947e-222,14.017810435325735,0.17218076794250947,False,True,0.6194574389329168
309,020150.KS,020150,롯데에너지머티리얼즈,KOSPI,전자부품 제조업,5783523725.0,502,0.7638312446918398,0.5834381703674854,-0.12396732633121359,0.16775175885252908,0.2917190851837427,1.7389927067184645,0.5411851001411195,0.01843151261636181,0.5174288152431125,0.6630069105330275,0.5823369266586874,0.17104685565527536,-0.24695078499313183,0.7728420266764596,3.9540130961088753,368.27578552534925,1.0713447947348573e-80,44.3862755578786,2.8052754460552902e-06,False,False,0.42054660889667006
310,321820.KQ,321820,아티스트컴퍼니,KOSDAQ,창작 및 예술관련 서비스업,553356310.0,502,0.7624283469891229,0.5812969842925663,-0.7602820252485363,-0.46963353310225314,0.29064849214628313,,0.5401911275339386,0.018363869976304525,0.5155298798798972,0.6605737115472391,0.5824327870848267,-0.4716473169256688,-1.5145300661697032,-0.5629029360935457,13.499889003247937,3756.336735468609,0.0,62.49589938630446,1.217839810308072e-09,False,False,0.16247313759376358
311,136150.KQ,136150,원일티엔아이,KOSDAQ,일반 목적용 기계 제조업,1060631140.0,309,0.7618113551747338,0.5803565408731644,-1.2112117984708646,-0.9210335280342824,0.2901782704365822,,0.6879683713190572,0.0233832313978965,0.49858980661312685,0.6841415448684053,0.5842999279399089,-0.9223946895733052,-1.4851763719345126,-0.5372936446709521,6.6940177427885335,569.9358493163617,1.7378120389255413e-124,18.03438024772561,0.05438645748463254,False,True,0.6629496252631191
312,290650.KQ,290650,엘앤씨바이오,KOSDAQ,의약품 제조업,9629809167.589844,502,0.7613728632217797,0.5796886368505308,0.4702985533441005,0.7601428717693659,0.2898443184252654,0.3813024224651373,0.5394433025499562,0.018313060348695318,0.514103498553308,0.6587460192179287,0.5794115799164499,0.7634189180403325,0.9368645784870573,0.5336345533235866,4.3424311252534284,408.1640268446474,2.3351119963503434e-89,43.59834570323829,3.885911861103305e-06,False,False,0.41901496247535663
313,388050.KQ,388050,지투파워,KOSDAQ,"전동기, 발전기 및 전기 변환 · 공급 · 제어 장치 제조업",2791099640.0793457,502,0.7604035649093432,0.5782135815268378,0.08386434005010428,0.3729711308135232,0.2891067907634189,0.775145224062839,0.5387565411639459,0.018266461579212415,0.5127953288665767,0.6570697972586916,0.5770896712763818,0.3762921169728806,0.1670630900998109,0.7321322096293561,4.633514351437801,482.48581030304337,1.6964360560671252e-105,25.244613554610076,0.004900631897621296,False,False,0.39268304021000855
314,086520.KQ,086520,에코프로,KOSDAQ,기타 금융업,83389158955.32031,502,0.7598020163379665,0.5772991040312395,-0.012878641755203734,0.275770910260416,0.28864955201561976,1.0467005085599572,0.5383303356033556,0.01823757213667409,0.5119843140390488,0.6560306041960803,0.5761497639883136,0.27966326504452577,-0.02565507206790585,0.8901658379294248,4.300818711483604,443.02827543038603,6.275268702580524e-97,45.34438628742893,1.8846516009756527e-06,False,False,0.39711876878794283
315,105550.KQ,105550,엣지파운드리,KOSDAQ,전자부품 제조업,891219462.5,502,0.7595184943024267,0.5768683431874254,-0.706577732202537,-0.41814356060882424,0.2884341715937127,,0.5381294562831365,0.01822396388419655,0.5116022888573102,0.6555410966000039,0.5777003621553813,-0.42136025827705065,-1.4075477046256886,-0.8163476490455821,14.057016842925943,4099.913899580945,0.0,19.01314731159784,0.04009600895154324,False,False,0.1455768233969612
316,388720.KQ,388720,유일로보틱스,KOSDAQ,특수 목적용 기계 제조업,5461739700.0,502,0.7579264569426915,0.5744525141337015,0.5124093538999022,0.7996356109667528,0.28722625706685073,0.35919643038358007,0.5370014755885207,0.018147644942543072,0.5094597832267462,0.6527957990883986,0.5743501044558439,0.8053058351335034,1.020751966895837,1.0210768280735802,5.781621297528972,769.22053972539,9.24447208365241e-168,31.67453071321297,0.00045362136107984416,False,False,0.3217552530729576
317,408900.KQ,408900,스튜디오미르,KOSDAQ,"영화, 비디오물, 방송프로그램 제작 및 배급업",683536022.5,502,0.7577192454220656,0.5741384548829844,-0.5556486148079367,-0.2685793873664445,0.2870692274414922,,0.5368546633334321,0.01813772343357113,0.5091812561877759,0.6524389087371705,0.5742199328734414,-0.26138093933477613,-1.1068873199745406,1.584895550701003,7.899766943519586,1484.5374815825153,0.0,5.57304460004759,0.8497689726565267,False,True,0.5388507841615517
318,322510.KQ,322510,제이엘케이,KOSDAQ,소프트웨어 개발 및 공급업,1492310190.0,502,0.757590496218591,0.573943359960731,-0.48372686109662777,-0.19675518111626228,0.2869716799803655,,0.536763442725399,0.01813156015063296,0.5090082340243169,0.6522172069558448,0.5737285848920801,-0.19437595710472313,-0.96361462012106,0.5881873627081861,3.7859139221136573,320.7810303513167,2.2043690744642457e-70,30.527891792383006,0.0007018260304276525,False,False,0.44042138265767306
319,425040.KQ,425040,티이엠씨,KOSDAQ,기초 화학물질 제조업,1183723251.0410156,502,0.7570580215310774,0.5731368479645492,-0.17544253306738508,0.11112589091488953,0.2865684239822746,2.5787727920377725,0.5363861769758146,0.018106081467907233,0.5082929696349459,0.6513007036242929,0.5721172842802571,0.11170372687592103,-0.3494926650786798,0.1751604785159501,6.086729535551399,759.1565980159281,1.4165740788881396e-165,25.777602099628815,0.00405109754618224,False,False,0.36441980566579035
320,001380.KS,001380,SG글로벌,KOSPI,자동차 신품 부품 제조업,545207307.0,502,0.757057367772423,0.5731358580985098,-0.7115121891572243,-0.4249442601079694,0.2865679290492549,,0.5363857137786814,0.01810605019685004,0.5082920917609258,0.651299578761269,0.5740030801674518,-0.4288322878495352,-1.4173774561782801,-1.011506612215758,17.283685902241622,6201.397846417922,0.0,44.69755677103257,2.4656466354971016e-06,False,False,0.13256622585228284
321,038500.KQ,038500,삼표시멘트,KOSDAQ,기타 비금속 광물제품 제조업,847438437.9082031,502,0.7564740345337123,0.5722529649237121,0.5104485379599281,0.7965750204217841,0.28612648246185607,0.35919590136074436,0.5359724140355756,0.01807815854094427,0.5075090878495877,0.6502962774589484,0.5721469779447371,0.8077783626684815,1.0168458970471583,2.144726500019497,14.407423365201858,4631.373936152917,0.0,244.9585828368901,6.226694984951911e-47,False,False,0.0570182333320336
322,078600.KQ,078600,대주전자재료,KOSDAQ,전자부품 제조업,14505302674.882812,502,0.7562815761575531,0.5719618224353528,-0.11186152156295734,0.17411938965471904,0.2859809112176764,1.6424414982431317,0.5358360545892993,0.018068961000022365,0.5072508848034553,0.64996542923623,0.5708721110171328,0.17906387388236963,-0.2228352532722404,1.142325711944109,5.368761975427056,696.8526556365134,4.7903636007391615e-152,26.88045665779769,0.0027201656143959864,False,False,0.33225066364284195
323,047920.KQ,047920,HLB제약,KOSDAQ,자연과학 및 공학 연구개발업,2808204470.0,502,0.7553158331540314,0.5705020078131686,-0.5801348615248415,-0.2948838576182572,0.2852510039065843,,0.5351518121892881,0.018022843702606962,0.5059562315071934,0.6483065264908103,0.5707010911285136,-0.2998284108114493,-1.155665478116946,-1.2434308732049881,20.29019530460888,8559.578562604256,0.0,97.87194318782366,1.4517523337483767e-16,False,False,0.11710460845300086
324,420770.KQ,420770,기가비스,KOSDAQ,특수 목적용 기계 제조업,1845216423.2421875,502,0.7550624225433981,0.5701192619371049,0.4702864683603432,0.7553460993288956,0.28505963096855247,0.37738942614759,0.5349722672339783,0.018010752300635292,0.5056167889488397,0.6478715820979053,0.5698612223958882,0.7573356551759473,0.9368405044321122,0.27795298712222455,3.2954084183956613,227.4593869510029,4.053420830872397e-50,48.93748891588134,4.1821002623226747e-07,False,False,0.48317642203071365
325,079550.KS,079550,LIG디펜스앤에어로스페이스,KOSPI,무기 및 총포탄 제조업,73501986846.53125,502,0.755025859014854,0.5700640477811182,0.6406718752885272,0.9257038991790862,0.2850320238905591,0.3079084188187231,0.5349463614635688,0.018009008019125514,0.5055678216430172,0.6478088378880853,0.5705572733451761,0.930487949631393,1.2762590531541296,0.7528559311335413,4.715128252885931,500.6484434596829,1.9300644700107666e-109,29.58244906552676,0.0010021962138138645,False,False,0.3876288332112303
326,140670.KQ,140670,알에스오토메이션,KOSDAQ,전자부품 제조업,2075819090.0,502,0.7543915219615612,0.5691065684074806,-0.127699112908624,0.1568541712951163,0.2845532842037403,1.8141263433049672,0.5344969248058055,0.017978760095606915,0.5047186701080584,0.6467207783923983,0.5680376005535552,0.15653994447011627,-0.25438474079416373,-0.026031490754953385,6.172769166938743,778.2456414523604,1.0141592963407733e-169,12.711331246655405,0.2402624049480156,False,True,0.7204899547707597
327,100090.KS,100090,SK오션플랜트,KOSPI,1차 철강 제조업,7382638450.0,502,0.7538855977521501,0.5683434944981167,0.04015183230490862,0.32432357955396696,0.28417174724905836,0.8761982327645487,0.534138470440608,0.01795465367422074,0.504041929282863,0.645853637192437,0.567217733641104,0.3276912429521509,0.079984999274064,0.7599074676531488,6.019670342475532,788.0181798483981,7.656431937874189e-172,49.624708351054544,3.128477519043434e-07,False,False,0.32845433674505786
328,028300.KQ,028300,HLB,KOSDAQ,의료용품 및 기타 의약 관련제품 제조업,39935055200.0,502,0.7538478177880804,0.568286532383851,-0.3331975073098946,-0.04905424111796913,0.2841432661919255,,0.5341117028086468,0.017952854172609313,0.503991411780246,0.6457889066394582,0.5675950453513127,-0.05724591707010987,-0.6637505899585996,-1.9388442380055726,20.643868430322435,9040.282998110657,0.0,80.30578333849056,4.3731849498810877e-13,False,False,0.07074371746629515
329,067080.KQ,067080,대화제약,KOSDAQ,의약품 제조업,1762011530.4814453,502,0.7530068093343345,0.5670192549038747,0.005180802406969063,0.2886904298589064,0.28350962745193736,0.9820541248648211,0.5335158365784776,0.017912819354788084,0.5028675122509517,0.6443487990677205,0.5658898409865475,0.29745758569656716,0.010320487334517736,1.9322998142198273,10.092310079183543,2393.894548421285,0.0,20.23769744676672,0.02708295685652787,False,False,0.07118001238534488
330,002020.KS,002020,코오롱,KOSPI,기타 금융업,2711363200.0,502,0.7518850085692996,0.5653310661112557,0.30619182386521177,0.5888573569208396,0.28266553305562786,0.48002377780197575,0.5327210250758285,0.017859487443010084,0.5013703227093053,0.6424303767007268,0.5645769460415893,0.5869452900219789,0.6099535538902234,-0.5391194962053051,7.196956925809367,1082.6086546936951,8.21329842468797e-236,20.853913819840454,0.02213558207363274,False,False,0.29019563859155817
331,393890.KQ,393890,더블유씨피,KOSDAQ,일차전지 및 이차전지 제조업,2419371160.0,502,0.7515262703231189,0.5647917349857776,-0.5320933103454061,-0.24969744285251727,0.2823958674928888,,0.5324668540203331,0.01784244932492229,0.5008920107313555,0.6418174921117183,0.5647901569710317,-0.24698878742756367,-1.0599636579102931,0.6808797153773676,2.5553582638837202,171.17958572557959,6.742566717045235e-38,65.83470150784063,2.80545563338763e-10,False,False,0.4896168971000747
332,177900.KQ,177900,쓰리에이로직스,KOSDAQ,반도체 제조업,849896000.0,396,0.7511388264765105,0.5642095366405094,-0.5040498693562319,-0.22194510103597714,0.2821047683202547,,0.5992014956653536,0.020073674467520203,0.49310530594994173,0.651970596878549,0.5637929645706302,-0.21607451139236994,-0.7920783661312214,1.363936610474582,8.765289486145386,1353.5400821699102,1.2092208847224151e-294,9.739197262460694,0.46366473839431765,False,True,0.5146328657584854
333,307950.KS,307950,현대오토에버,KOSPI,소프트웨어 개발 및 공급업,13879263699.046875,502,0.7510684262768079,0.5641037809499209,0.5521823926720812,0.8342342831470417,0.28205189047496043,0.33809673873741547,0.5321424651219033,0.017820716030572722,0.5002818908252634,0.6410357155618316,0.5641900102816311,0.8419971811709799,1.0999823854023205,1.4772259816263105,7.318755003115326,1276.1121580449408,7.866213610931838e-278,37.02222337970975,5.6094661595411975e-05,False,False,0.22217429275138967
334,045660.KQ,045660,에이텍,KOSDAQ,일반 목적용 기계 제조업,595594652.7929688,502,0.7506687170948262,0.5635035228247922,-0.29533652868997645,-0.013584767277580345,0.2817517614123961,,0.5318592655864282,0.017801753155381655,0.4997495450407398,0.6403535948071796,0.5627271315025244,-0.007278620122069773,-0.5883291166760642,1.3974351537305223,13.14596152513078,3699.2101914731256,0.0,207.8737883255369,3.66877932330162e-39,False,False,0.10683765641796517
335,476040.KQ,476040,오가노이드사이언스,KOSDAQ,자연과학 및 공학 연구개발업,1673095600.0,308,0.7506287911940589,0.563443582169454,-1.070427255927487,-0.78870546484276,0.281721791084727,,0.6789692883351063,0.022738732409899917,0.48394472572940583,0.6643893249347248,0.5661611028667961,-0.7844581111846232,-1.3082999794669288,0.8407063978763548,4.595553099938605,296.01985912649627,5.249335417064204e-65,22.553768583467722,0.012519093214594308,False,False,0.3871530173110058
336,161000.KS,161000,애경케미칼,KOSPI,기초 화학물질 제조업,2092333897.6728516,502,0.7496997532500639,0.5620497200232067,-0.0926128780010167,0.18841198201058668,0.2810248600116034,1.491544523934857,0.5311727411754342,0.017755825778600246,0.498460223396344,0.6387015237687071,0.5609641353573489,0.20242104197020028,-0.18449073316075548,2.9892588191966114,24.149815870295022,12688.983621862666,0.0,3.3610871857950273,0.9716058828030966,False,True,0.3507160787202259
337,039860.KQ,039860,나노엔텍,KOSDAQ,의료용 기기 제조업,741124290.0,502,0.7495644622520404,0.5618468830711906,0.10337168186804718,0.38429512340364247,0.2809234415355953,0.7310096444823442,0.5310768856146382,0.017749417915642298,0.4982803351252301,0.6384710241069975,0.5607700697623735,0.39398023174399416,0.20592295356253842,2.1202240129045857,11.633532070363447,3143.0074105119884,0.0,36.155360248259775,7.915464745748352e-05,False,False,0.058651732473027685
338,183300.KQ,183300,코미코,KOSDAQ,특수 목적용 기계 제조업,8632594488.242188,502,0.7495018224313178,0.5617529818278667,0.17659430519936758,0.45747079611330094,0.28087649091393335,0.6139768774319075,0.5310325044271885,0.017746451462573372,0.49819705773346745,0.6383643167018371,0.5607577041606866,0.46042551048903013,0.3517870682939783,0.6483894839419575,4.639554570950994,474.0164153554924,1.1712328367102355e-103,30.511026693670594,0.0007063209229659956,False,False,0.39799407871107473
339,396300.KQ,396300,세아메카닉스,KOSDAQ,기타 금속 가공제품 제조업,647637222.5,502,0.7488831587041304,0.5608259853906756,0.17645369998532523,0.45686669268066304,0.2804129926953378,0.6137742085114938,0.5305941725397744,0.01771716653163262,0.49737494033938573,0.6373108973763412,0.5598323573442683,0.46133708840823096,0.3515069737802907,0.9922035698181165,4.95104731626524,582.0250076983209,4.119793171805958e-127,50.170146523515754,2.4834948350872947e-07,False,False,0.3610559661135231
340,265740.KQ,265740,엔에프씨,KOSDAQ,기타 화학제품 제조업,626848510.1936035,502,0.7486694530674339,0.5605059499562907,0.23384333174553568,0.514096306723681,0.28025297497814533,0.5451371101344579,0.5304427591127904,0.01770705622784013,0.4970911132535691,0.6369472158152273,0.559606399095603,0.5212166010374122,0.46583076403277346,1.545994007352145,6.989897436072901,1197.087024719048,1.1372485800986525e-260,7.22507587043734,0.7040392649318985,False,True,0.5823883482199097
341,054920.KQ,054920,한컴위드,KOSDAQ,소프트웨어 개발 및 공급업,1024031950.0,502,0.7484812281075242,0.5602241488293476,0.18164898062857351,0.46176105504324727,0.2801120744146738,0.6066169317558391,0.5303093991010264,0.017698153791746028,0.4968411947006631,0.6366269829198692,0.55923910237454,0.4692234542516914,0.36185630268072977,1.6406510117942228,7.642406259528233,1417.6097824214244,1.478927897143283e-308,3.175217499094831,0.976994529920365,False,True,0.5467149842016147
342,004100.KS,004100,태양금속공업,KOSPI,자동차 신품 부품 제조업,1427728131.0842285,502,0.7478613552733595,0.559296606711306,-0.15552234202601903,0.12412596132963397,0.279648303355653,2.2529396780501667,0.5298702105444395,0.01766885162209175,0.49601859336327714,0.6355729434940897,0.5582784509924442,0.12414649112530478,-0.3098103797502443,-0.004544754413503745,11.159511330832833,2547.8540336164556,0.0,101.03489666007727,3.381922818402964e-17,False,False,0.1996970163724331
343,045970.KQ,045970,코아시아,KOSDAQ,전자부품 제조업,628711870.0,502,0.7476470306188651,0.5589760823932062,-0.4931061509357649,-0.2136181097391618,0.2794880411966031,,0.529718358534704,0.017658725873875472,0.4957343327053456,0.635208706375767,0.5588274797611505,-0.21066493535319597,-0.9822987609910871,0.7355329510375463,4.112824402681312,389.7837951407073,2.2883598405983552e-85,4.8449751376437495,0.9012901982183449,False,True,0.7658873718101712
344,004710.KS,004710,한솔테크닉스,KOSPI,전자부품 제조업,519621352.06103516,502,0.7464809157833762,0.5572337576287879,0.22985023902245744,0.5084671178368514,0.27861687881439395,0.5479545658718328,0.5288921498945026,0.017603683741721266,0.4941891320578566,0.6332287650248702,0.5563333775738619,0.5146014029132535,0.4578762697987049,1.3120587965632224,9.017320639674665,1805.8794240585858,0.0,86.08296640915069,3.191102698530525e-14,False,False,0.1567499847770919
345,457550.KQ,457550,우진엔텍,KOSDAQ,"그외 기타 전문, 과학 및 기술 서비스업",3419855888.203125,502,0.7447294132489147,0.5546218989580728,-0.35545028078926305,-0.07813933131022666,0.2773109494790364,,0.5276511858974193,0.01752117198900012,0.4918727753191136,0.6302607035644261,0.5540184431173355,-0.07708442278630576,-0.7080795276040082,0.30649954363952264,5.376321906530748,597.8020267945651,1.5450382880366611e-130,8.529832798647847,0.5772272154601175,False,True,0.7376322112968148
346,067630.KQ,067630,HLB생명과학,KOSDAQ,의료용품 및 기타 의약 관련제품 제조업,2556732465.0,502,0.7441971403379635,0.5538293836872025,-0.6484607608727819,-0.3715460690291807,0.27691469184360124,,0.5272740631093461,0.017496135479639574,0.49116992408569116,0.629360105818209,0.5543947940870592,-0.37638373165064004,-1.291775007770383,-1.2842805244091766,19.86488342841363,8218.213278252124,0.0,68.88479533733619,7.275912290561004e-11,False,False,0.1143812983727216
347,900290.KQ,900290,GRT,KOSDAQ,기타 금융업,808377045.0,502,0.7441534213591666,0.5537643145205534,0.10457265343286254,0.38145481069313925,0.2768821572602767,0.7258583441565616,0.5272430876025406,0.017494079866505325,0.49111221675093303,0.6292861625807897,0.5527045929587332,0.3857435987324992,0.20831536517181348,0.97019389065586,7.266648147176422,1157.3518341630304,4.833284962667131e-252,99.4311708955436,7.082542498035648e-17,False,False,0.2583212406666704
348,084110.KQ,084110,휴온스글로벌,KOSDAQ,의약품 제조업,2226804363.435547,502,0.7436008544786312,0.5529422307813505,0.025090845232316767,0.301561960622992,0.27647111539067526,0.9167970483396448,0.5268515862537082,0.01746810925371309,0.4903831423831411,0.6283519638467834,0.5518432504503046,0.30145168363209957,0.04998255677231356,0.024691135466547595,3.1563477996757836,202.7582988575308,9.366877122061419e-45,33.655227991456414,0.00021124353591041325,False,False,0.5063182733168199
349,450080.KS,450080,에코프로머티,KOSPI,일차전지 및 이차전지 제조업,36499364400.0,502,0.7419294847374563,0.5504593603227875,-0.4269517637000458,-0.15172208353865202,0.27522968016139376,,0.5256673974593423,0.017389672393551932,0.48818118031582003,0.625530481887609,0.550086192052053,-0.15044798495493678,-0.85051502133898,0.3901321729118435,2.314859929974869,121.38569010210203,4.379578381345205e-27,6.8750985314042925,0.7371814682941249,False,True,0.8698224916236746
350,092040.KQ,092040,아미코젠,KOSDAQ,기타 식품 제조업,1026692065.0,502,0.741481317999335,0.549794544942031,-0.8599864354141777,-0.5850891629431623,0.2748972724710155,,0.5253498650688626,0.017368670077110675,0.4875915811906829,0.6247749996204945,0.5516341647371441,-0.5862179484039679,-1.7131475816584016,-0.4000899788698264,9.25699971322541,1765.7054210595502,0.0,8.36119517050993,0.5936009989986091,False,True,0.5567623476468682
351,039440.KQ,039440,에스티아이,KOSDAQ,특수 목적용 기계 제조업,5158548981.609375,502,0.74087130935431,0.5488902970243696,-0.14374708106077702,0.1306980674514078,0.2744451485121848,2.099840907090847,0.5249176654279878,0.017340103799226944,0.4867896385813627,0.6237474312358843,0.5478788869760964,0.13062084342514863,-0.28635331227186533,0.08112382958063208,1.8545489156200183,70.15186274241327,5.84408545632435e-16,80.15689198364404,4.677239716820719e-13,False,False,0.5611370434917238
352,059090.KQ,059090,미코,KOSDAQ,반도체 제조업,4420161965.0,502,0.7407347599404817,0.548687984584083,0.16606076094315647,0.44040475323519795,0.2743439922920415,0.6229360384435456,0.524820918262026,0.017333712506224567,0.48661021547947586,0.6235175276183126,0.5477044099018593,0.4420421654711353,0.33080357933914506,0.3893368340475166,2.942013945993585,188.62074087222672,1.1003390687692907e-41,36.245113580746036,7.638913820147655e-05,False,False,0.4916535834937876
353,047040.KS,047040,대우건설,KOSPI,건물 건설업,5306796745.0,502,0.7406629818160999,0.5485816526327164,0.724880598437027,0.9991714247533852,0.2742908263163582,0.2745182853723609,0.5247700624588609,0.017330353352157046,0.4865159137720929,0.6233966942170251,0.5495739870118328,1.0056200524149077,1.444008176251538,1.10581805193908,6.0875088650414035,858.4984777330841,3.7968566359406773e-187,230.66797577390014,6.221504668592489e-44,False,False,0.3023408976105315
354,219130.KQ,219130,타이거일렉,KOSDAQ,전자부품 제조업,1229850300.0,502,0.7399031718016791,0.547456703642185,0.6493564804742992,0.9230848322953917,0.2737283518210925,0.2965365069864977,0.5242317264565042,0.017294814862279562,0.48551823989173476,0.6221183257581194,0.5480394216410358,0.9270133885410529,1.2935593380876913,0.6192936656863949,3.1009786449836447,227.5279389645508,3.916839847889216e-50,25.15670934920181,0.005056249060335578,False,False,0.4691697165966431
355,160980.KQ,160980,싸이맥스,KOSDAQ,특수 목적용 기계 제조업,1023879885.7519531,502,0.7391841740940269,0.5463932432310687,0.37814247631243836,0.6513390979279727,0.2731966216155344,0.41943838852085213,0.5237223065432431,0.017261218870484676,0.48457509786138864,0.6209098316323335,0.5458722379851194,0.6545713525788286,0.7532838218604923,0.6157211325020107,6.786951256228159,972.6135361209494,6.304550373987367e-212,165.10795693002024,2.852982511332431e-30,False,False,0.30353911796959876
356,232680.KQ,232680,라온로보틱스,KOSDAQ,특수 목적용 기계 제조업,636999565.9921875,502,0.7385519248312047,0.5454589456718774,0.09976478403260584,0.37249425686854454,0.2727294728359387,0.7321709470870756,0.5232743491141744,0.017231703288329972,0.4837465053837445,0.6198481154647953,0.5444118701468464,0.37823619242256706,0.1987377840649529,1.3354046276423142,7.721635238397191,1366.9773330012433,1.4609780644789321e-297,20.28993683876833,0.02662661113626014,False,False,0.21349943909597213
357,328130.KQ,328130,루닛,KOSDAQ,소프트웨어 개발 및 공급업,10615672050.624023,502,0.7384302485794269,0.5452792320170742,-0.35871941816971514,-0.08607980216117805,0.2726396160085371,,0.5231881397911585,0.017226025918106232,0.4835871242732674,0.6196438926334769,0.5447036518240339,-0.08499190771514137,-0.7145918568301468,0.33508765469931073,4.257672996810884,378.9156939301771,5.24206630394027e-83,20.92063672536193,0.021653818873526447,False,False,0.4360655381635562
358,228670.KQ,228670,레이,KOSDAQ,의료용 기기 제조업,559838480.0,502,0.7381628884114757,0.5448844498279727,-0.41276096294046644,-0.1403187380264801,0.27244222491398634,,0.5229987113797497,0.017213554274547915,0.4832370071730147,0.6191952704266632,0.5444751004645706,-0.13556130722734974,-0.8222460452226752,1.1837916380481268,5.92859338758722,834.2728966498963,6.917390478090082e-182,81.71844100398006,2.30968303716344e-13,False,False,0.3042938550220333
359,054540.KQ,054540,삼영엠텍,KOSDAQ,"구조용 금속제품, 탱크 및 증기발생기 제조업",1301128681.2209473,502,0.7378308354673604,0.5443943417664631,0.20495245651569108,0.47714962739892264,0.27219717088323153,0.5704650182104409,0.5227634472333011,0.017198071172176664,0.48280234923239984,0.6186383218960517,0.5434765794159416,0.48244762470266184,0.4082783062336386,1.2077946523179472,6.359552292054548,947.4128378943824,1.8703212537898476e-206,114.3934523956171,6.917466048776181e-20,False,False,0.28330050336968216
360,199820.KQ,199820,제일일렉트릭,KOSDAQ,"전동기, 발전기 및 전기 변환 · 공급 · 제어 장치 제조업",3342717794.762207,502,0.7369206606315255,0.543052060065604,0.006290838961473565,0.2778168689942756,0.271526030032802,0.9773561663687053,0.5221185756558417,0.017155666880924153,0.4816119313518547,0.6171129810994579,0.5419704400958024,0.2818722967596465,0.0125317506296021,1.0060436197012264,4.81543786380322,557.2370210091116,9.943020430100733e-122,20.276287714024257,0.026745149893346698,False,False,0.3662357214821067
361,419050.KQ,419050,삼기에너지솔루션즈,KOSDAQ,자동차 신품 부품 제조업,501471368.0,502,0.7367440775593226,0.5427918358187371,-0.1401525121122871,0.13124340579708146,0.27139591790936857,2.067882315771203,0.5219934640840417,0.01714744608438938,0.48138114850185876,0.6168172677184628,0.5417885245096298,0.14033022249657814,-0.2791927026998735,2.1447525754778587,12.821397499119149,3746.722498464422,0.0,98.18099893780078,1.2593390634595198e-16,False,False,0.05701649496814276
362,439580.KQ,439580,블루엠텍,KOSDAQ,기타 전문 도매업,2268735921.59375,502,0.736687386796642,0.5427083058652652,-0.4942499645845776,-0.222895811651945,0.2713541529326326,,0.5219532978872652,0.017144807272824667,0.4813070690071367,0.616722346029754,0.5425965907157273,-0.21626280412335577,-0.984577310402611,1.6066904616158961,7.576307053937331,1387.8455443583623,4.2970378147450147e-302,52.94341101046607,7.628299587229698e-08,False,False,0.20195348513176037
363,475580.KQ,475580,에이럭스,KOSDAQ,그외 기타 제품 제조업,2081378540.0,433,0.7366318033097943,0.5426264136474395,-0.1028192261602249,0.16849398066349483,0.27131320682371973,1.6102249217173445,0.5619617902225233,0.018460525477675346,0.4769553625983314,0.622935961721845,0.5414151864236223,0.17185791151886645,-0.17666954336260865,0.887899581815093,4.731051317157683,448.75165576055656,3.5876996572937604e-98,78.06960337091377,1.1984466469416949e-12,False,False,0.37790938527356477
364,094480.KQ,094480,갤럭시아머니트리,KOSDAQ,소프트웨어 개발 및 공급업,3582192110.2929688,502,0.7355617910129544,0.5410511483981851,-0.22533703690860166,0.04518853729049091,0.27052557419909257,5.986597274880585,0.5211557975609212,0.017092455677894657,0.4798373999515068,0.6148391870108242,0.5401748524254526,0.04844026981418339,-0.448885684635389,0.8424848743390735,5.885153368518887,766.2555316883934,4.071228048695921e-167,12.575782680183336,0.24836641868450438,False,True,0.6790024401273784
365,257720.KQ,257720,실리콘투,KOSDAQ,상품 종합 도매업,35341637015.109375,502,0.7352485062650705,0.5405903659650175,0.014032643304305944,0.2843278262868147,0.27029518298250876,0.9506462540527055,0.5209338309435114,0.0170778990073481,0.47942874977983807,0.6143155635097257,0.5395142741350835,0.281825584927153,0.027953916423657077,-0.5633484888503719,4.690312883977808,475.13087247411517,6.708755298668617e-104,3.46634530907424,0.9682287614646672,False,True,0.7513793542976406
366,011790.KS,011790,SKC,KOSPI,기타 화학제품 제조업,31436072150.0,502,0.7351538448739515,0.540451175632954,-0.2671597264581066,0.003065861358370392,0.270225587816477,88.14018516483438,0.5208667620264067,0.01707350181756552,0.47930530724167225,0.6141573905331796,0.5396578110919115,0.005176531127177648,-0.5321991376268631,0.5981333479047464,3.461248001130368,273.6805608161047,3.724099849880485e-60,18.275838697721785,0.05048511158197051,False,True,0.8043682834221504
367,008970.KS,008970,KBI동양철관,KOSPI,1차 철강 제조업,2794979917.5,502,0.7351039568428976,0.5403778273660848,-0.2884383194233428,-0.01824940574030043,0.2701889136830424,,0.5208314156599555,0.01707118465771063,0.47924025749218063,0.6140740390997634,0.5396315230032807,-0.011160596740527341,-0.5745874458353892,1.7278951912989773,9.374896643667597,2045.6779436830072,0.0,47.760458247473686,6.863998489237258e-07,False,False,0.11293663828169298
368,270660.KQ,270660,에브리봇,KOSDAQ,가정용 기기 제조업,1545459615.0,502,0.7341983971989675,0.5390472864495328,-0.17437825283198688,0.09514539039277953,0.2695236432247664,2.8327556607011437,0.5201898140103898,0.017029151271937177,0.4780602520604991,0.6125620402844215,0.538094152848186,0.09950049647215725,-0.3473725512764183,1.0934679332456858,7.315889483160332,1193.2074725580464,7.912057798227648e-260,21.38082192112345,0.018589130668986622,False,False,0.24788711104140604
369,382900.KQ,382900,범한퓨얼셀,KOSDAQ,"전동기, 발전기 및 전기 변환 · 공급 · 제어 장치 제조업",1196400375.0,502,0.7339924461717305,0.5387449110371607,-0.008364478922447578,0.2610079765961328,0.26937245551858036,1.0320468325586472,0.520043894832464,0.017019598869452944,0.47779208696721454,0.6122184272022474,0.5376719916401572,0.2576258759723953,-0.0166625730915424,-0.8220563027136613,9.223684921525106,1795.9880540238014,0.0,54.82702997946739,3.401905907423953e-08,False,False,0.18013042501712606
370,103590.KS,103590,일진전기,KOSPI,절연선 및 케이블 제조업,23446749930.453125,502,0.7336665042302204,0.5382665394293921,0.5325859892207091,0.8017192589354052,0.26913326971469603,0.3356951535280259,0.5198129604166724,0.01700448653575297,0.4773678376348512,0.6116748157317231,0.5383198819773962,0.8035465567137345,1.0609451055110952,0.24714258007971393,1.4200044224916253,45.724176620875255,1.177934663186099e-10,26.21353884567222,0.0034633581475952656,False,False,0.5696236289825627
371,000660.KS,000660,SK하이닉스,KOSPI,반도체 제조업,1217960177877.0234,502,0.733153722344125,0.5375143805870464,1.0344209655376577,1.3031781558311808,0.2687571902935232,0.20623211729796606,0.5194496472918093,0.016980724934444864,0.4767007769616964,0.61082007818519,0.5406897726420952,1.3060412252877958,2.0606322408726356,-0.02632894961695334,2.789588826854083,158.23454018891235,4.3632105904863653e-35,94.315836603276,7.433438536481957e-16,False,False,0.5227132394837695
372,457370.KQ,457370,한켐,KOSDAQ,기초 화학물질 제조업,753188990.0,441,0.7327658869736566,0.5369458451122897,-0.5254467236662005,-0.25697380111005563,0.26847292255614486,,0.5539189446182742,0.01810044074624575,0.47250058093700803,0.6156112787476953,0.5368238929781806,-0.2546755129521977,-0.9195317664158509,0.5974411790874367,6.800697880917914,853.4389523344314,4.765255375442026e-186,145.58043253815475,3.0191291860296994e-26,False,False,0.3041391834195315
373,138610.KQ,138610,나이벡,KOSDAQ,의료용품 및 기타 의약 관련제품 제조업,1832952900.0,502,0.7326082374807883,0.5367148296247071,-0.11201628472346738,0.15634113008888617,0.26835741481235353,1.7164863440591842,0.5190631636510289,0.016955466159139676,0.4759916860448146,0.6099114852266244,0.5356954688317859,0.16123225172459593,-0.22314355131420882,1.2460895575037403,5.395048076825258,723.2521958525904,8.86709085499428e-158,35.83598040560391,8.981717684784648e-05,False,False,0.32415019937594736
374,229640.KS,229640,LS에코에너지,KOSPI,기타 금융업,6591350087.5,502,0.732369981520237,0.5363657898319523,0.21189390097064756,0.48007679588662366,0.26818289491597613,0.558624989197168,0.518894355976865,0.01694443957282682,0.4756821361120016,0.6095148437204616,0.5354755028184757,0.4839879987946832,0.422106104314544,0.9129741797099751,4.970358343638581,573.3899999557309,3.0898935682681486e-125,34.56684419326348,0.00014799335037572967,False,False,0.3654689292222655
375,007460.KS,007460,에이프로젠,KOSPI,의약품 제조업,1706541747.178955,502,0.7320528905516374,0.5359014345650075,-1.0704706688463612,-0.8025199515638575,0.26795071728250375,,0.5186696925989421,0.016929770032169625,0.47527031733182856,0.6089871601259295,0.5393811536238953,-0.797862390701978,-2.1324455387336245,0.868886557376923,7.634039554187998,1253.9178200310666,5.19044986099816e-273,209.25616602521492,1.8868775163008776e-39,False,False,0.24854244956974525
376,446540.KQ,446540,메가터치,KOSDAQ,일차전지 및 이차전지 제조업,682897717.5,502,0.7317511161462024,0.535459695981213,0.2626663988618844,0.530396246852491,0.2677298479906065,0.5047732701341401,0.5184558812198445,0.016915814979699857,0.47487855641581583,0.608485177656184,0.5346668274745449,0.5345119705547869,0.5232481437645475,0.9335919538160716,5.571655769964828,706.2268678871851,4.41351038061874e-154,20.914602337803515,0.021696982478081637,False,False,0.3370360267638446
377,171090.KQ,171090,선익시스템,KOSDAQ,특수 목적용 기계 제조업,3013069700.0,502,0.7315063122262818,0.5351014848268945,0.17009770126140641,0.43764844367485367,0.26755074241344723,0.6113371275055218,0.5182824342250564,0.016904498659058742,0.47456087275609027,0.608078114006931,0.5341503600108158,0.4414900763843176,0.33884542076676993,0.9194925240226381,4.838652402232717,547.9602525243067,1.0278814137844078e-119,62.30960734242783,1.3213971893183377e-09,False,False,0.3709611402980185
378,317330.KQ,317330,덕산테코피아,KOSDAQ,기타 화학제품 제조업,3912500750.0,502,0.7305190136454609,0.533658029297537,-0.6877973647888279,-0.4209683501400594,0.2668290146487685,,0.5175829193976074,0.016858898165035958,0.4732807277084306,0.6064378013917857,0.5344722084108636,-0.4191680903725851,-1.3701360203333,0.46438953703318414,2.0174652702224005,100.39337423429697,1.5843669528579834e-22,15.176101462092232,0.12577220168676143,False,True,0.878254760371113
379,416180.KQ,416180,신성에스티,KOSDAQ,자동차 신품 부품 제조업,2078496532.28125,502,0.7300427846353308,0.532962467398108,-0.23472171819875326,0.03175951550030076,0.266481233699054,8.390595054780682,0.517245504495653,0.016836924529137723,0.4726638606815045,0.6056473794251626,0.5321194172912557,0.03277119156784379,-0.4675805656181513,0.34471897615077374,3.0330154157289204,197.00024647899465,1.667016929267764e-43,39.11916372797993,2.4197151870579334e-05,False,False,0.49053304121548036
380,443670.KQ,443670,에스피소프트,KOSDAQ,"컴퓨터 프로그래밍, 시스템 통합 및 관리업",866001645.0,502,0.7290675477625524,0.5315394892005018,-0.6542901098743912,-0.3885203652741403,0.2657697446002509,,0.5165545355567367,0.016791970938621923,0.4714018761897451,0.6040303368207053,0.532179437453181,-0.3834487523433877,-1.3033874410989856,1.2395569446852115,6.230228161717061,920.5590137808539,1.268089843984366e-200,29.59013106745702,0.0009993128853824495,False,False,0.2870026030770514
381,007110.KS,007110,일신석재,KOSPI,"건축자재, 철물 및 난방장치 도매업",2746676205.0,502,0.7289673404151275,0.5313933833919042,-0.4476894274087577,-0.1819927357128056,0.2656966916959521,,0.5164835372521662,0.016787355280628902,0.4712723005821103,0.6038643052415439,0.5311301714044481,-0.17866934565371628,-0.8918257641237952,0.8625248342814348,6.411337264689248,901.497521664686,1.747030334014839e-196,39.265829732340116,2.2806244982847076e-05,False,False,0.3039881674702216
382,451760.KQ,451760,컨텍,KOSDAQ,"컴퓨터 프로그래밍, 시스템 통합 및 관리업",862971560.0,502,0.7288046385365055,0.5311562011523264,-0.20077662539686758,0.06480147517929563,0.2655781005761632,4.098334178988207,0.5163682606998032,0.016779862408782,0.4710619527998524,0.6035947763147741,0.5302580863612456,0.06688550594532358,-0.39995978551280764,0.5990298269703235,3.9288368803983245,344.38813719280427,1.6484136119974219e-75,28.03659225064249,0.0017810551623261082,False,False,0.4332670185840539
383,189300.KQ,189300,인텔리안테크,KOSDAQ,통신 및 방송 장비 제조업,4132118609.015625,502,0.7284918095095931,0.5307003165225613,0.1599568636568018,0.42530702191808245,0.26535015826128067,0.6239026034994297,0.5161466169670637,0.016765460465728074,0.4706576463011563,0.6030767185748258,0.5297446771099598,0.4283223752640043,0.3186442283956925,0.7409819814098627,4.064079729811411,382.30481816738944,9.62860858474333e-84,51.459977556417726,1.436188567521115e-07,False,False,0.4177176133978291
384,460870.KQ,460870,에스엠씨지,KOSDAQ,유리 및 유리제품 제조업,902259147.5,351,0.7278505209365366,0.5297663808275876,-0.08942964702485448,0.17545354338893934,0.2648831904137938,1.5097055624953093,0.6167212449133715,0.020023287094750472,0.4592705432140299,0.6179295262105629,0.5282888116523475,0.17932249774396072,-0.1245627226417616,1.0823137040545316,4.624790926052441,369.6691662167335,5.337777800598867e-81,34.97937561941179,0.00012588119010411124,False,False,0.3697301613906714
385,215100.KQ,215100,로보로보,KOSDAQ,기타 전기장비 제조업,1469492610.0,502,0.7277289047172874,0.5295893587610228,-0.0022460531066140267,0.26254862627389736,0.2647946793805114,1.0085548080692333,0.5156060882713716,0.016730363975580458,0.4696723807022739,0.6018142494553537,0.5285344198978961,0.2662378110414254,-0.004474280394921593,0.9391190945669773,6.421757343652086,915.7107814870909,1.431958034037968e-199,40.857941024173435,1.1956644208724778e-05,False,False,0.29841297989785764
386,140410.KQ,140410,메지온,KOSDAQ,자연과학 및 공학 연구개발업,4924541500.0,502,0.7258355303500821,0.5268372171185849,0.29991016801572823,0.5633287765750207,0.26341860855929244,0.467610779908759,0.5142646061002226,0.016643420515277445,0.4672316124053849,0.5986867733655519,0.5261446695939492,0.5661896946540177,0.5974400966027602,0.6251710978781545,5.59921791986946,672.5431023310155,9.101666281492891e-147,33.272711474504696,0.00024507835437199483,False,False,0.35635712041399736
387,166090.KQ,166090,하나머티리얼즈,KOSDAQ,반도체 제조업,6502196400.135742,502,0.7256881162011746,0.5266232419956094,0.0473492713002853,0.31066089229809,0.2633116209978047,0.8475853495751502,0.514160161117783,0.016636660784119944,0.4670418461199481,0.5984436165197706,0.5255830883535936,0.31276061592281795,0.09432275473310803,0.5718319645555395,3.2649479268545756,244.14686410658612,9.64233181008898e-54,13.72327056953789,0.18599238269370116,False,True,0.8149552123211747
388,115450.KQ,115450,HLB테라퓨틱스,KOSDAQ,기타 전문 도매업,2479869843.7280273,502,0.7254853022629836,0.5263289237996126,-0.5825634392472766,-0.3193989773474703,0.2631644618998063,,0.5140164646112408,0.016627362918779177,0.46678082666117116,0.598109159489442,0.5266272064776135,-0.3240981291153561,-1.1605033591354479,-1.2842027801872267,17.00263652931696,6056.029702623445,0.0,33.773476466287995,0.00020174293780360252,False,False,0.11438648132085161
389,128820.KS,128820,대성산업,KOSPI,연료 소매업,722167809.6496582,502,0.7251459239478317,0.5258366110181546,0.10954222091607914,0.3724605264251564,0.2629183055090773,0.7058957576861747,0.5137760103371488,0.01661181016665649,0.46634421343945065,0.5975497055612823,0.5248367447854771,0.37953083278259747,0.2182150591264751,1.70292559050963,11.413957719415059,2906.672348778059,0.0,151.00597891297383,2.314320787871443e-27,False,False,0.08647162729935798
390,473980.KQ,473980,노머스,KOSDAQ,창작 및 예술관련 서비스업,3494764700.0,426,0.7247606632892244,0.5252780190514365,-0.3145029274379015,-0.051863917912183255,0.2626390095257182,,0.557429674717609,0.018016887414756228,0.4612344046156531,0.6037270898731728,0.5244374803574334,-0.0517399819189994,-0.5316597106688334,0.16807959645272028,1.5126862662410065,40.92061138341482,1.300774875846841e-09,38.95863843350362,2.5815438317792417e-05,False,False,0.5707238115889735
391,141080.KQ,141080,리가켐바이오,KOSDAQ,자연과학 및 공학 연구개발업,58085021700.0,502,0.7234139853529097,0.5233277942041799,0.18557526730578536,0.44723916440787526,0.2616638971020899,0.5850648107898182,0.5125489076643467,0.016532553629961623,0.46411924055003667,0.5946987387075383,0.5224219680021468,0.44766238528830593,0.36967771502977875,0.11993617747192445,1.6653746754767127,57.241663560203946,3.716470504625479e-13,28.26608894823146,0.0016363303898826388,False,False,0.567062394438753
392,085620.KS,085620,미래에셋생명,KOSPI,보험업,656313210.0,502,0.7227926956077324,0.5224292808238921,0.684718491906172,0.9459331323181179,0.26121464041194603,0.2761449319063489,0.512108715206527,0.016504168513001734,0.4633223836807824,0.5936776869310286,0.5232490589070974,0.9511536669923589,1.3640027100670569,0.7966412015538034,18.307600394155582,6915.768280896825,0.0,216.93029058463128,4.691353866586342e-41,False,False,0.14689058656307974
393,101730.KQ,101730,위메이드맥스,KOSDAQ,소프트웨어 개발 및 공급업,527800095.0,502,0.7226480607579364,0.5222202197172061,-0.39977409493997523,-0.13866398508137218,0.26111010985860306,,0.5120062393963075,0.016497564021521437,0.46313697544690263,0.593440114270383,0.5218141440735726,-0.1339003243889229,-0.7963753796026491,1.1996491084535112,11.497282551687414,2824.283227804749,0.0,57.632198756897424,1.0138541442957296e-08,False,False,0.12002339276976592
394,010660.KS,010660,화천기계,KOSPI,특수 목적용 기계 제조업,1321370332.2705078,502,0.722235721163636,0.5216244369247574,-0.01961377827757958,0.2411984401847991,0.2608122184623787,1.0813180145881212,0.5117140910373809,0.01647874252746541,0.46260859866235865,0.5927630791900053,0.5205868710094085,0.24104775999046194,-0.039071891648194246,-0.062456661067159955,11.324905213061985,2624.3421038907704,0.0,13.467551370145774,0.19869198118314332,False,True,0.5458362225955227
395,289930.KQ,289930,웨이비스,KOSDAQ,반도체 제조업,1151528820.0,438,0.7218466420028461,0.5210625745707851,-0.24448442306686838,0.016046864218524165,0.26053128728539254,16.2356510117809,0.5475302973036134,0.017625204499790128,0.458329335457347,0.5976906939900498,0.520110126978154,0.01693008311229557,-0.4249372115209855,0.346688077613206,2.660158910764916,133.62821261054486,9.616174116142828e-30,24.705238552294457,0.00593311789320833,False,False,0.5071803105080317
396,411080.KQ,411080,샌즈랩,KOSDAQ,소프트웨어 개발 및 공급업,1024799252.2695312,502,0.7213231539526731,0.5203070924282318,-0.29061437223680653,-0.030460826022690624,0.2601535462141159,,0.511067524428745,0.016437126032451874,0.4614402966267292,0.591266076509843,0.5196057698045209,-0.026830221437715063,-0.5789222812018924,0.991923313156982,5.796133680505033,767.777597267461,1.902011282986431e-167,8.197617470318407,0.6095407417611208,False,True,0.6730457635001413
397,306620.KQ,306620,지아이에스,KOSDAQ,특수 목적용 기계 제조업,821407880.0,502,0.7206465886876832,0.5193315057871948,-0.08290319796269625,0.17676255493090115,0.2596657528935974,1.4690088237019667,0.5105881684934779,0.016406306078606034,0.46057508645455136,0.5901574402949313,0.5183242544476191,0.179651510332136,-0.16514843403679969,0.8017224574900955,4.698543321918144,503.77350411608853,4.045512213524492e-110,39.76032482657186,1.8672910926495367e-05,False,False,0.3851173866810105
398,131030.KQ,131030,옵투스제약,KOSDAQ,의약품 제조업,574678740.0,502,0.7201144584666245,0.5185648332926799,-0.12698280704025575,0.1322996096060842,0.25928241664633994,1.9598124092606246,0.5102111468031856,0.01638208597359239,0.459895154182951,0.5892862097382147,0.5175958222568131,0.13311474430288647,-0.25295781402463646,0.15075538472262234,16.413512317566912,5517.421982924037,0.0,85.5217841633355,4.11827096249082e-14,False,False,0.18994964101849188
399,336370.KS,336370,솔루스첨단소재,KOSPI,전자부품 제조업,1919351947.477539,502,0.7198054611287794,0.5181199018708147,-0.3837237933917687,-0.12466384245636136,0.25905995093540735,,0.5099922178756415,0.016368030055532796,0.45950056166197284,0.5887805989941933,0.5176720918998671,-0.12151636197449585,-0.7644021598518567,0.8629134172124253,6.135834199095733,830.8141749649229,3.899367456969998e-181,27.596452985888995,0.0020940849366220446,False,False,0.316359899893197
400,000440.KQ,000440,중앙에너비스,KOSDAQ,기타 전문 도매업,519823016.0644531,502,0.7196970873859484,0.5179638975918174,-0.22963617042186577,0.029345778374042925,0.2589819487959087,8.825185874946316,0.509915433565921,0.01636310169297,0.459362207482637,0.5886033190006976,0.5171413540258543,0.03278557464656426,-0.4574498315546691,0.8104861278538175,18.30763741223656,6917.646565468787,0.0,138.79233241343982,7.44986409245377e-25,False,False,0.14596759147641214
401,223250.KQ,223250,드림씨아이에스,KOSDAQ,자연과학 및 공학 연구개발업,636776675.0,502,0.7196750184047876,0.5179321321159314,-0.01040794777462467,0.248558118283341,0.2589660660579657,1.041873296460831,0.50989979738468,0.016362098183430696,0.4593340359069874,0.588567221379564,0.516900824663566,0.2536525293603134,-0.020733292789133273,1.3203610270069461,7.681840392424256,1351.106238128483,4.0832705635306176e-294,11.76013265065656,0.3014306970828712,False,True,0.5662931138737788
402,084990.KQ,084990,헬릭스미스,KOSDAQ,자연과학 및 공학 연구개발업,684753077.5,502,0.7196391974622068,0.5178805745240491,-0.02258215970325881,0.23635812755876576,0.25894028726202456,1.0955421331878854,0.5098744177467921,0.01636046941717317,0.4592883114668679,0.5885086324125671,0.5168509635401769,0.23729482730401324,-0.044985095916809215,0.3162366161494957,2.541613029016867,139.51111833334727,5.0762800318102695e-31,96.90843216151623,2.2609805098014836e-16,False,False,0.5145449726176079
403,461030.KQ,461030,아이엠비디엑스,KOSDAQ,자연과학 및 공학 연구개발업,920211255.0,502,0.7191800970631446,0.517220012011754,-0.6918259558002523,-0.4332159497943753,0.258610006005877,,0.509549138704899,0.016339601453955074,0.4587024840467738,0.5877579830160513,0.5180889914893891,-0.43061723348530595,-1.3781612294116137,0.66349113134676,3.82620054933009,334.88777462664217,1.9056525107231573e-73,13.801833148314477,0.18222401947469502,False,True,0.783588233190362
404,217730.KQ,217730,강스템바이오텍,KOSDAQ,기초 의약물질 제조업,965238147.5,502,0.7189215096376774,0.5168481370197171,0.2413424537358928,0.49976652224575135,0.25842406850985855,0.517089594854421,0.5093659259040099,0.016327853476267702,0.45837268245626933,0.5873353920679486,0.5160496946923488,0.5018777660435313,0.4807694911722944,0.4896064063083686,5.18125527805492,567.7968831711073,5.0637633185574345e-124,27.264565740657854,0.0023646955372512283,False,False,0.384203085400304
405,455900.KQ,455900,엔젤로보틱스,KOSDAQ,특수 목적용 기계 제조업,3254566500.0,502,0.7189113426904278,0.5168335186489537,-0.1302725523152223,0.12814420700925452,0.25841675932447683,2.016608985732879,0.5093587224799503,0.016327391664375985,0.4583597179869406,0.5873187800577491,0.5158713147986375,0.13185177946994078,-0.2595111954850857,1.0072458730031515,6.3030991688318405,895.839326439715,2.957753164290653e-195,15.04914872253647,0.13028023058528634,False,True,0.6492108125356904
406,260970.KQ,260970,에스앤디,KOSDAQ,기타 식품 제조업,2283151662.5546875,502,0.7186374601185398,0.5164397990856259,0.20193712869324867,0.46015702823606164,0.25821989954281294,0.5611560482573907,0.5091646728542979,0.016314953590442265,0.45801054328851043,0.5868713653965968,0.5155728544025389,0.46415007425358207,0.40227158176194777,0.9936224686036454,5.229631637190437,640.2724945874669,9.259645133735249e-140,6.031240486463891,0.8126317564491975,False,True,0.6984250784195206
407,110990.KQ,110990,디아이티,KOSDAQ,특수 목적용 기계 제조업,1789222815.0,502,0.7183600810082887,0.5160412059862352,-0.05183961010945363,0.20618099288366395,0.2580206029931176,1.2514276868319463,0.5089681458824026,0.016302361555650322,0.4576570464388752,0.58641841255119,0.515023899524542,0.20640634556423557,-0.1032677947418481,0.1524764009671872,1.4995183525879758,47.298326130400135,5.3616564028999465e-11,39.47705329352308,2.0940584718808358e-05,False,False,0.5723565807357287
408,065350.KQ,065350,신성델타테크,KOSDAQ,가정용 기기 제조업,9270526591.013672,502,0.7179527962619793,0.5154562176603951,-0.25427758955998286,0.003450519270214669,0.25772810883019753,74.69255745213194,0.5086795789538445,0.016283881071760566,0.4571382428505193,0.5857536440764622,0.5146859882100291,0.005725789066023188,-0.5065371030123469,0.664369723509164,5.169896703121655,582.1643549600083,3.842523569233655e-127,44.478388158461826,2.7002192985002627e-06,False,False,0.3730633334589146
409,017860.KS,017860,DS단석,KOSPI,기타 화학제품 제조업,3325241540.5859375,502,0.717878811325852,0.5153499877506181,-0.4809089679935857,-0.2232339741182766,0.25767499387530907,,0.5086271595937499,0.016280525141309433,0.4570440316398872,0.5856329266330988,0.5152411458776827,-0.21674916937399127,-0.9580011981459524,1.6654802965787443,10.603798287821213,2530.8483681518633,0.0,116.49755715775797,2.5950271442610066e-20,False,False,0.08896798022808372
410,203650.KQ,203650,드림시큐리티,KOSDAQ,소프트웨어 개발 및 공급업,1117285855.0,502,0.7178467880882176,0.5153040111685704,0.19611166439506408,0.45376366997934925,0.2576520055842852,0.5678110052221919,0.5086044706828334,0.01627907268585638,0.45700325678217957,0.5855806798087246,0.5144301273483849,0.4597835283280368,0.3906668870092149,1.4464657889537698,11.849440638627952,3046.9981738163956,0.0,234.7346122241972,8.728316170700471e-45,False,False,0.10356894740308198
411,017510.KQ,017510,세명전기,KOSDAQ,기타 금속 가공제품 제조업,3738963674.9609375,502,0.7178248447588745,0.5152725077531023,0.05902560008601531,0.31666185396256646,0.25763625387655115,0.8136005352479465,0.5085889235276595,0.01627807745512046,0.4569753176178094,0.5855448799875584,0.5142598939766361,0.32012443861082585,0.11758274302849081,0.9178379990184672,5.150846974281123,611.4959303288847,1.641896873710287e-133,3.7945410154359305,0.9561399418987493,False,True,0.707022686222785
412,105840.KS,105840,우진,KOSPI,"측정, 시험, 항해, 제어 및 기타 정밀기기 제조업; 광학기기 제외",3248245710.434082,502,0.7177636072103284,0.5151845958355825,0.24775726153479383,0.5053495594525851,0.25759229791779126,0.5097309240693225,0.5085455358696229,0.016275300212047945,0.4568973519281471,0.5854449787267323,0.5144019176553853,0.5069789391366346,0.4935481955970893,0.3950843531199082,2.513693365589642,141.29554509499016,2.079994678549597e-31,61.23566971030491,2.113841733107675e-09,False,False,0.5105448416738056
413,092220.KS,092220,KEC,KOSPI,반도체 제조업,639544677.5,502,0.7176357177920957,0.5150010234509764,-0.4188712864062401,-0.1613707746807519,0.2575005117254882,,0.5084549244314365,0.0162695009399147,0.45673454865900504,0.5852363709157277,0.5146713676747742,-0.16102501438042205,-0.8344181975235418,0.04698409490282478,14.705628673195832,4426.856486070967,0.0,46.79060553305949,1.030782510016653e-06,False,False,0.19686772700647837
414,294570.KQ,294570,쿠콘,KOSDAQ,기타 정보 서비스업,813291036.7089844,502,0.7172334109292243,0.5144237657531696,0.1683390224373137,0.4255509053138985,0.2572118828765848,0.6044209509714424,0.5081698844027868,0.016251264675850394,0.4562226010665497,0.5845803873646973,0.5135114697018252,0.43141713054177455,0.3353420208870297,1.4705017937484386,7.835895342822628,1434.8936324302451,0.0,20.69199618831044,0.02334667264096375,False,False,0.19935125665641928
415,039610.KQ,039610,화성밸브,KOSDAQ,일반 목적용 기계 제조업,1970553250.0,502,0.7167696851946542,0.5137587816140436,-0.2535223931793787,0.0033569976276431324,0.2568793908070218,76.52057561547063,0.5078413282461156,0.01623025702812954,0.4556328522761224,0.5838247133241086,0.5129904117297922,0.004030431272363208,-0.5050327038732068,0.2115507263996284,8.709685888535752,1554.7684282706275,0.0,6.877104548970373,0.7369938754994483,False,True,0.5939607532559159
416,220100.KQ,220100,퓨쳐켐,KOSDAQ,의약품 제조업,5708114595.0,502,0.7167008962002575,0.5136601746142522,-0.4752014444811957,-0.21837135717406964,0.2568300873071261,,0.5077925902832737,0.016227141914561337,0.4555454015304082,0.5837126583959102,0.5135330440511189,-0.21782494529220284,-0.9466314489268264,0.2331970173651976,1.6018057389232272,56.34109171879225,5.830252731104323e-13,12.63279081148873,0.2449335034936426,False,True,0.9123722739241082
417,163280.KQ,163280,에어레인,KOSDAQ,일반 목적용 기계 제조업,1054420290.0,428,0.7165463246604349,0.5134386353843774,-0.5604524848810126,-0.3037331671888239,0.2567193176921887,,0.549822690444156,0.017569508406620773,0.4509714583232131,0.5899201859426768,0.513485468705338,-0.29815153112940085,-0.9518796171788626,1.4688073857416553,8.361652351213792,1366.686585658286,1.6895796836261186e-297,55.045243593983905,3.097201564057e-08,False,False,0.17580515181260237
418,033100.KQ,033100,제룡전기,KOSDAQ,"전동기, 발전기 및 전기 변환 · 공급 · 제어 장치 제조업",10057983804.81836,502,0.7160022598216043,0.5126592360696441,-0.2652789741535711,-0.00894935611874903,0.25632961803482207,,0.5072975966558578,0.016195521063629478,0.4546577077325521,0.5825752128090437,0.5119172602067679,-0.007242003869478314,-0.5284525596233838,0.5278298913994738,4.449903909195152,426.9727504696699,1.923292216290071e-93,40.29391528097982,1.5039646978583166e-05,False,False,0.41456566465958655
419,252990.KQ,252990,샘씨엔에스,KOSDAQ,전자부품 제조업,2787366585.0,502,0.7159869586716054,0.5126373249878152,0.4655088336151161,0.7218274961090236,0.2563186624939076,0.3550968394465174,0.5072867555774757,0.016194828866235342,0.4546382756389949,0.5825503135148122,0.5124760496774556,0.7239162006050831,0.9273231526777312,0.3835228080456554,2.149685145198088,105.92233321820987,9.982919900701303e-24,137.81430863145798,1.1814669214759289e-24,False,False,0.5276959812630424
420,083500.KQ,083500,에프엔에스테크,KOSDAQ,특수 목적용 기계 제조업,962899688.9355469,502,0.7149566142760544,0.5111629602970788,-0.00039031853380139855,0.255191161614738,0.2555814801485394,1.001529514311278,0.50655674218936,0.016148251914677114,0.4533307184480014,0.5808748763763943,0.5101447079926782,0.25571060013854635,-0.0007775393014615162,0.21635784709857137,1.746233300615458,65.55446801527216,5.821409341203765e-15,59.67614810170531,4.173306674391235e-09,False,False,0.5569956449990663
421,377300.KS,377300,카카오페이,KOSPI,금융 지원 서비스업,13569760550.0,502,0.7145313973736225,0.5105551178327016,0.24980333904517613,0.5050808979615269,0.2552775589163508,0.5054191515589564,0.5062554700778518,0.01612904944109903,0.4527916464054592,0.5801841369375546,0.5097857015914888,0.5095829502502379,0.49762411190745404,1.0877449750779393,8.085318816604305,1434.7552661036098,0.0,53.8358072213275,5.206168622237435e-08,False,False,0.2136443215809436
422,321550.KQ,321550,티움바이오,KOSDAQ,자연과학 및 공학 연구개발업,610696147.5,502,0.7139516465737566,0.5097269536453783,-0.09186674242711974,0.16299673439556944,0.2548634768226892,1.5636109383895536,0.5058447085426793,0.01610288673964696,0.45205717952269836,0.5792430285097232,0.5087450513803131,0.16356117914602084,-0.18300438372386552,0.2409715024941338,2.4772076039865834,129.42760531135545,7.855116014823736e-29,47.67929539237788,7.101996977546724e-07,False,False,0.5224608909876616
423,001510.KS,001510,SK증권,KOSPI,금융 지원 서비스업,918155068.986145,502,0.7138483610997656,0.5095794826448213,0.37528581418603474,0.6300755555084454,0.25478974132241067,0.4043796638274686,0.5057715293424654,0.016098227953600098,0.4519263931789581,0.5790754455550274,0.5091232707497256,0.6375761744924443,0.7475931695293232,1.7693173758569862,11.142347576167218,2800.3654558012136,0.0,234.3975000064754,1.027208198991677e-44,False,False,0.08204550827620094
424,235980.KQ,235980,메드팩토,KOSDAQ,자연과학 및 공학 연구개발업,887414940.0,502,0.7136542256439815,0.5093023537795109,-0.5625684177224619,-0.30791724083270644,0.25465117688975547,,0.5056339816618624,0.0160894731198632,0.45168061827472633,0.5787605221198788,0.509543693070017,-0.3069053122619389,-1.1206720067328408,0.24594741022918737,9.4823008376333,1843.8764999568803,0.0,77.2022033751604,1.7704680372647024e-12,False,False,0.20689996829122237
425,250060.KQ,250060,모비스,KOSDAQ,"컴퓨터 프로그래밍, 시스템 통합 및 관리업",1243901842.5,502,0.7132983043660626,0.5087944710115,-0.04326805431262153,0.21112918119312846,0.25439723550575,1.2049363999239995,0.5053818064677059,0.016073428493162945,0.45123019663232883,0.578183374785278,0.5077883652742597,0.21705029740997656,-0.0861927113687937,1.5858966594504347,7.553725636319367,1375.3304922178143,2.242736330155756e-299,58.77345293929054,6.179762480929712e-09,False,False,0.2043559024022662
426,099440.KQ,099440,스맥,KOSDAQ,특수 목적용 기계 제조업,2587961685.0,502,0.7132969011585294,0.5087924692023609,0.10333609095507075,0.3577323255562512,0.25439623460118044,0.7111357191598784,0.5053808122755795,0.016073365253607707,0.4512284213049954,0.5781810999713213,0.5078213127828272,0.36199719377500317,0.20585205420414887,1.1197002272815442,6.239640578100584,899.4434927600994,4.87895885044142e-196,29.2124769623567,0.0011510588561804023,False,False,0.29456949216670414
427,394280.KQ,394280,오픈엣지테크놀로지,KOSDAQ,소프트웨어 개발 및 공급업,1973223380.0,502,0.7130274021775534,0.5084080762560705,-0.3141331805339984,-0.05992914240596314,0.25420403812803527,,0.5051898684852844,0.01606122181870915,0.4508875180235705,0.5777442838823258,0.5077868970969127,-0.06011541689722073,-0.6257732405875682,0.053927792137950306,2.614538955295428,139.10935468168012,6.205652324479749e-31,27.490841602043535,0.0021767710599590396,False,False,0.5287505608691758
428,011930.KS,011930,신성이엔지,KOSPI,반도체 제조업,2512833750.0,502,0.7121726504623359,0.5071898840665484,-0.0723899737080845,0.1812049683251897,0.2535949420332742,1.3994922124771643,0.5045842649625031,0.016022737664173652,0.44980715034559393,0.5763599558060504,0.5062003405262535,0.18354447289929743,-0.1442054238153112,0.6670973165332714,6.156010128706331,810.9720997804037,7.936811098755044e-177,76.57930403837969,2.34239616866671e-12,False,False,0.32850638977266367
429,036830.KQ,036830,솔브레인홀딩스,KOSDAQ,회사 본부 및 경영 컨설팅 서비스업,2725942831.0585938,502,0.7117626591208026,0.5066060829187159,-0.21349368644229155,0.039809355017066395,0.25330304145935795,6.362902422075568,0.5042937803734441,0.01600429468466317,0.44928939961963393,0.5756965364155324,0.5057777787013643,0.04237978119433584,-0.4252929785477395,0.775495862482372,3.5982710150566684,313.70797644141777,7.571439409053846e-69,34.40915663184304,0.0001574165627846645,False,False,0.43637808015695856
430,384470.KQ,384470,코어라인소프트,KOSDAQ,소프트웨어 개발 및 공급업,537045860.0,502,0.7107526992190435,0.5051693994471561,-0.674697814666299,-0.4221131149427209,0.25258469972357805,,0.5035782096837527,0.01595890812808067,0.4480152604488966,0.5740639194249562,0.5059695031290894,-0.4213636510464794,-1.3440408847717542,0.14483784902495436,8.715990748401031,1555.0405755251923,0.0,6.994107858463466,0.7260010903633645,False,True,0.59812455972029
431,483650.KS,483650,달바글로벌,KOSPI,기타 화학제품 제조업,29003097809.125,299,0.7107232458006136,0.5051275321213594,0.5560924475201974,0.808656213580877,0.2525637660606797,0.3123252648270411,0.6524769837803879,0.020690829912341228,0.43290742918115693,0.5971610558829339,0.5046652805174939,0.8067212738717112,0.6598081024148374,-0.6839022733384962,4.3523798559703355,249.15678507910644,7.875743359542229e-55,2.0527999675111195,0.9959192265319203,False,True,0.7585494215921018
432,060370.KQ,060370,LS마린솔루션,KOSDAQ,전기 및 통신 공사업,5965523357.587891,502,0.7106056311781646,0.5049603630621176,0.22196609268350134,0.4744462742145601,0.2524801815310588,0.5321575808536733,0.503474009923683,0.01595230441758691,0.44782987413969244,0.5738263748574723,0.5041499776162148,0.4783660764802691,0.4421705497107844,0.9889328584563746,6.258033734490631,881.2150144045643,4.431910045183421e-192,9.467182503979668,0.48841263964356796,False,True,0.6524596247174966
433,453450.KQ,453450,그리드위즈,KOSDAQ,"그외 기타 전문, 과학 및 기술 서비스업",1368405350.0,502,0.7101388300338297,0.5042971579218165,-0.3245265077418103,-0.07237792878090205,0.25214857896090825,,0.5031432747962599,0.01593135297057583,0.44724170307472266,0.5730727224338683,0.5037105083156832,-0.06954756270430502,-0.6464774082793205,0.8265471577902126,5.467580790413891,667.0521568865532,1.417309053272575e-145,35.371065997459134,0.00010790357574914809,False,False,0.3488557205786941
434,082740.KS,082740,한화엔진,KOSPI,일반 목적용 기계 제조업,31772166900.0,502,0.7099746442799616,0.504063995520458,0.5857996351170708,0.8378316328772998,0.252031997760229,0.30081461223264533,0.5030269468975698,0.015923987090246824,0.44703492033197173,0.5728077615670129,0.5044216348188636,0.8393640699926089,1.1669500667808315,0.157212232496058,1.2909522451027247,35.5905167326077,1.8690352294402613e-08,39.31279142079505,2.237777446012393e-05,False,False,0.5814263334706402
435,178320.KQ,178320,서진시스템,KOSDAQ,기타 전기장비 제조업,13933010500.0,502,0.7098305329741419,0.5038593855423543,0.11730854696517744,0.3692382397363546,0.25192969277117716,0.6822957799578432,0.5029248420255663,0.015917523215265048,0.44685345963239076,0.5725752470756121,0.502910289901341,0.3703161469260183,0.23368607371634553,0.31061151946712956,3.57439671880401,268.21654174040174,5.721606464786923e-59,138.9305516890191,6.97971917908937e-25,False,False,0.46844471302267754
436,101490.KQ,101490,에스앤에스텍,KOSDAQ,전자부품 제조업,7367374648.986328,502,0.7096756468757759,0.5036395237685509,0.12558653789186192,0.3774062997761374,0.25181976188427546,0.6672378336918199,0.502815103062625,0.015910577517736963,0.4466584727033308,0.5723254007631882,0.5026988450012168,0.3789617704881438,0.25017635722902654,0.4425966298872669,2.9291345865385114,190.76173301635833,3.772384887355088e-42,22.280589962051984,0.013737267973327668,False,False,0.4886825016132825
437,114810.KQ,114810,한솔아이원스,KOSDAQ,특수 목적용 기계 제조업,1976645825.0,502,0.7092152632504353,0.5029862896273842,0.04827127104065029,0.29976441585434244,0.2514931448136921,0.8389693089385711,0.5024889148369995,0.015889941066565508,0.4460791445329998,0.5715830791740524,0.5019935713975184,0.2999848192318859,0.09615943675558114,0.12320369639212335,2.0659483589600853,87.75538323799341,8.79347738921393e-20,107.74446189624089,1.5194016128691656e-18,False,False,0.5488187440873213
438,298040.KS,298040,효성중공업,KOSPI,"전동기, 발전기 및 전기 변환 · 공급 · 제어 장치 제조업",69752951248.125,502,0.7091153459892341,0.5028445739174312,1.0808096472852855,1.332231934244001,0.2514222869587156,0.18872260940163524,0.5024181220625683,0.015885464097061968,0.44595346233456545,0.5714220364109937,0.5064784053630187,1.336153018501822,2.153041440227037,0.2152972692909343,2.1670583380920334,99.07342204286377,3.0653477594521754e-22,48.82819904095321,4.379391275137145e-07,False,False,0.5381292234997962
439,042660.KS,042660,한화오션,KOSPI,선박 및 보트 건조업,172987863800.0,502,0.7091112305841024,0.5028387373405001,0.5753715659100975,0.8267909345803476,0.25141936867025005,0.30409062092324757,0.5024152062405804,0.015885279712585933,0.44594828609955045,0.5714154038472778,0.5031507667031829,0.8276655150296023,1.1461766908209086,-0.05868012508886277,5.80113136454993,687.4208608175333,5.351267990200874e-150,8.525852063581517,0.5776128369720068,False,True,0.7350370802559956
440,010820.KS,010820,퍼스텍,KOSPI,무기 및 총포탄 제조업,2686329152.5,502,0.7088959777396261,0.5025335072554205,0.3626403182362566,0.6139070718639668,0.2512667536277102,0.4092911861477749,0.502262696595285,0.015875637127561893,0.4456775893071211,0.5710685467748602,0.5020543016364495,0.619192036294769,0.7224025387087334,1.282890677944335,6.073430292130173,890.172659106699,5.028785418684638e-194,183.25062447385045,4.950488191320681e-34,False,False,0.29116959165785317
441,010100.KS,010100,한국무브넥스,KOSPI,자동차 신품 부품 제조업,816476390.7883301,502,0.7073107250234447,0.500288461733191,-0.06233432894234971,0.1878099019242458,0.2501442308665955,1.3319011846749838,0.5011395229153425,0.015804713442810148,0.4436865450050275,0.5685173240895808,0.4993072900948452,0.1880464208637027,-0.12417394098833157,0.021410733564071624,14.64224775024567,4388.604378861668,0.0,132.6849465323067,1.322393523654899e-23,False,False,0.1985726177623952
442,322180.KQ,322180,LS티라유텍,KOSDAQ,소프트웨어 개발 및 공급업,596859415.0,502,0.7063009569513529,0.49886104179039686,-0.15387318801558078,0.09555733287961765,0.24943052089519843,2.6102708539325703,0.5004240881396482,0.015759619532228524,0.44242062130074006,0.5668952339789715,0.4979612508776971,0.09913108079574326,-0.30652516025326015,1.0123927527086778,7.896090024160639,1359.6828984292906,5.605444242260442e-296,44.14762465656831,3.0966455617871436e-06,False,False,0.22718309873219278
443,000990.KS,000990,DB하이텍,KOSPI,반도체 제조업,19984932778.353516,502,0.7061201170496451,0.49860561970220446,0.34264294340768414,0.5919457532587864,0.24930280985110223,0.42115820322831543,0.5002959605447176,0.01575155044165454,0.4421940973000956,0.566604977670462,0.4980782710455764,0.5933896027721179,0.6825664983756248,0.30100885305809,3.351050085838734,236.12455205708127,5.323594894241339e-52,73.03408503038455,1.146747829047705e-11,False,False,0.4791354892667177
444,454910.KS,454910,두산로보틱스,KOSPI,특수 목적용 기계 제조업,22439931800.0,502,0.7059554739170438,0.49837313115343795,-0.015600759297779742,0.23358580627893924,0.24918656557671898,1.0667881304361015,0.5001793085868099,0.015744205849138333,0.44198791217122396,0.5663407825555711,0.49738132180007405,0.2368720266334722,-0.03107770304557711,0.9239185327804886,6.729478970937873,996.1784307206444,4.815066322919762e-217,51.49673341654802,1.413899829027386e-07,False,False,0.28557887745576327
445,011070.KS,011070,LG이노텍,KOSPI,전자부품 제조업,37159896761.578125,502,0.7048933149273594,0.49687458542928153,0.40283592392226125,0.651273216636902,0.24843729271464077,0.38146400983222006,0.49942675411461096,0.01569686498968859,0.44065890975413924,0.564637866597502,0.49652875090101506,0.6540459975295234,0.802474737337203,0.5961905947393975,5.906096164118811,741.8390966484272,8.159939386486665e-162,150.06845278979063,3.608554901895197e-27,False,False,0.3444796329653603
446,253840.KQ,253840,수젠텍,KOSDAQ,의료용품 및 기타 의약 관련제품 제조업,1149649000.0,502,0.7048408254151162,0.4968005891718623,-0.06212312164543383,0.18627717294049734,0.24840029458593116,1.3334983061251302,0.4993895645624198,0.015694527359033865,0.4405932853268161,0.5645537788012037,0.49582626117602546,0.19297926591926792,-0.12375320264288803,1.8444511121398028,9.182098590803841,2007.0466523151758,0.0,34.22363405816753,0.00016925845414981764,False,False,0.1138421559378403
447,413390.KQ,413390,엠오티,KOSDAQ,특수 목적용 기계 제조업,835415180.0,422,0.7045776544302167,0.4964296711223859,-0.035722613721129386,0.21249222184006356,0.24821483556119295,1.1681125709533817,0.5444686899349943,0.017108096261270373,0.43564370158242094,0.5709601792581421,0.4952583614033841,0.2168730266431136,-0.05982120234252619,1.2734647953947749,5.646922407219922,657.998525729489,1.3104956617577914e-143,16.3261988619511,0.09066759984216509,False,True,0.6609908386487852
448,004800.KS,004800,효성,KOSPI,기타 금융업,3057652200.0,502,0.7044865899064022,0.49630135535795133,0.4820846760160881,0.7302353536950638,0.24815067767897567,0.33982287549254975,0.49913858375927883,0.01567875596318258,0.440150534108296,0.5639864599567985,0.49623495182244454,0.7251788310865007,0.9603432831749057,-1.8079457999451156,26.57203512963717,14735.494208697719,0.0,4.369352613874888,0.9291505688867959,False,True,0.42947028000365894
449,247540.KQ,247540,에코프로비엠,KOSDAQ,일차전지 및 이차전지 제조업,78398750673.01172,502,0.7044843506628324,0.4962982003288327,-0.22338872941937418,0.02476037074504217,0.24814910016441635,10.022026839565957,0.4991369972239493,0.015678656292022964,0.44014773603463236,0.5639828746478235,0.49550758438611,0.025263108670173586,-0.4450045324147851,0.25555915553183073,1.5826812146560423,56.010841770546236,6.877019347172295e-13,33.6521300058583,0.00021149824523747018,False,False,0.5617420683050227
450,115440.KQ,115440,우리넷,KOSDAQ,통신 및 방송 장비 제조업,859257088.0551758,502,0.7040083771315374,0.49562779507138105,0.11264304619906056,0.36045694373475107,0.24781389753569052,0.687499302879428,0.4987997633323161,0.01565747738466246,0.43955317946340655,0.5632210401619719,0.49469083972200245,0.3635383131555773,0.22439209996796983,0.8139318612664715,8.560580379074711,1553.4192731371172,0.0,169.04675857549458,4.369710735753708e-31,False,False,0.21051175885720652
451,071970.KS,071970,HD현대마린엔진,KOSPI,일반 목적용 기계 제조업,19018191700.0,502,0.7037147422880727,0.49521443851356856,0.5189350934769911,0.7665423127337754,0.24760721925678428,0.32301833198708196,0.49859171894650484,0.015644418954485397,0.43918658947179323,0.5627513104317912,0.49529658108912383,0.7674354721328671,1.0337516544660694,0.04462632037854855,1.471512522543252,43.83824116782373,3.0244532944097646e-10,35.416850462875544,0.00010597436955669763,False,False,0.580806848460317
452,256940.KQ,256940,킵스파마,KOSDAQ,의약품 제조업,613338130.0,502,0.7036267393704821,0.4950905883571364,-0.03321473490205278,0.2143305592765154,0.2475452941785682,1.1549696646813732,0.498529367650849,0.015640506379277334,0.4390767515438599,0.5626105697093708,0.4941087299769945,0.21735004880900785,-0.06616586079694642,0.8875799901503718,4.715264478103211,519.0551370872533,1.943609798005521e-113,43.229590707373816,4.524285941126876e-06,False,False,0.3786410991419974
453,003280.KS,003280,흥아해운,KOSPI,해상 운송업,3921857358.0,502,0.7035891902057892,0.4950377485744383,-0.13352737489708047,0.11399149939013867,0.24751887428721914,2.1713801082664927,0.49850276354346823,0.015638837107071795,0.43902988997814857,0.5625505236875998,0.49412236982279706,0.11996649454140688,-0.2659950087235492,1.6164942872165151,13.767505082348777,4096.788073669078,0.0,138.07971599135445,1.042513165502598e-24,False,False,0.0922337141855657
454,475230.KQ,475230,엔알비,KOSDAQ,기타 금속 가공제품 제조업,2296621000.0,255,0.7024343790440554,0.4934140568630077,-0.6731995839634632,-0.4264925555319594,0.24670702843150386,,0.6982901872472473,0.021891708759740117,0.4177041792298272,0.5918684469959729,0.493277503268733,-0.4265883987397479,-0.6812138647249331,0.13480975405177176,0.6787390640162383,5.143446527460366,0.07640376807059035,13.372560413014979,0.2035809049296033,True,True,0.9604694251824845
455,460930.KQ,460930,현대힘스,KOSDAQ,선박 및 보트 건조업,4971481435.140625,502,0.702327406771839,0.4932637863028562,0.010555742282453958,0.25718763543388207,0.2466318931514281,0.9589570382547895,0.49760877236569934,0.015582795508063933,0.43745663124553513,0.5605346301365439,0.49228163127650615,0.26187983677242127,0.021027708832507486,1.292559552866554,9.193684528682057,1867.4199086830722,0.0,12.667869685586808,0.24283887134907264,False,True,0.5001135593515371
456,281740.KQ,281740,레이크머티리얼즈,KOSDAQ,기타 화학제품 제조업,4863536685.175293,502,0.7017966415404331,0.4925185260774311,-0.10903371265930718,0.13722555037940837,0.24625926303871554,1.7945583920621566,0.49723271778963163,0.015559251842350831,0.4367956886897084,0.5596877320337148,0.4915845894697161,0.13979407543751093,-0.21720207839274686,0.7859284077917548,4.572103083263642,477.7169978379749,1.841077047724347e-104,32.75653443906251,0.00029926628491134643,False,False,0.39186013406701914
457,333430.KQ,333430,일승,KOSDAQ,선박 및 보트 건조업,1696723510.0,502,0.7011233537962965,0.4915739572385668,0.10635745968228093,0.35214443830156433,0.2457869786192834,0.6979720588652316,0.49675568402364406,0.015529411778133599,0.4359579870101949,0.5586143437991967,0.49063961477674234,0.3567252765296823,0.2118708125416866,1.2700729898230194,6.13889878172597,903.8116267451002,5.492864834952866e-197,26.43032668433985,0.0032025580092381024,False,False,0.28907802216746337
458,290550.KQ,290550,디케이티,KOSDAQ,전자부품 제조업,1127435530.0,502,0.7003715515917647,0.49052031027905585,0.2231382980927587,0.4683984532322866,0.24526015513952792,0.5236143574921228,0.4962230216663847,0.015496125805062648,0.4350235481516594,0.5574170014741688,0.48974076033002417,0.4709828688504838,0.4445056573117654,0.6803159645910499,4.891241942157374,526.6028336296093,4.463212862788595e-115,141.54556093313926,2.0319588054852842e-25,False,False,0.3845397149635148
459,005070.KS,005070,코스모신소재,KOSPI,기타 화학제품 제조업,14234069150.0,502,0.6999204426818032,0.48988862608389133,-0.5747391392248382,-0.3297948261828926,0.24494431304194567,,0.4959034047060828,0.015476170142570772,0.43446333179744673,0.5566991687920788,0.49022356612896206,-0.3298499930864646,-1.1449168567097967,0.043992492923047556,1.549835020032729,48.64674689889648,2.7320782231365556e-11,28.843094247763403,0.0013210317049638588,False,False,0.5773245912369906
460,042000.KQ,042000,카페24,KOSDAQ,"자료처리, 호스팅, 포털 및 기타 인터넷 정보매개 서비스업",7165738600.0,502,0.6994336188271855,0.48920738714569256,-0.23516366922496237,0.009440024347883907,0.24460369357284628,25.911341386283297,0.4955584832089022,0.015454648986222261,0.43385916725252566,0.555925023138452,0.4884523226260221,0.009621941478687831,-0.4684609601227425,0.12122934219169669,6.133255021416595,769.4611352188055,8.196670322683663e-168,6.172310090755991,0.8005846312631446,False,True,0.71592156789014
461,037270.KS,037270,YG PLUS,KOSPI,"자료처리, 호스팅, 포털 및 기타 인터넷 정보매개 서비스업",4212302411.4189453,502,0.6986100293620807,0.4880559731252873,0.06223752222269311,0.30626550878533676,0.24402798656264366,0.7967857286002267,0.4949749585753587,0.015418274434261789,0.43283802255769477,0.554616580374187,0.48709912113939746,0.3102375479889224,0.12398109585631722,1.1073355697424456,8.152916960688671,1460.8041622702556,0.0,97.17655892761448,1.998806374196453e-16,False,False,0.2092963654528468
462,006260.KS,006260,LS,KOSPI,기타 금융업,36414824930.5625,502,0.6982761730009641,0.48758961378087234,0.4586412648172062,0.7024360717076423,0.24379480689043617,0.3470704548212679,0.49473841668278856,0.015403541582390051,0.43242442643849294,0.5540866193880144,0.48745304913345694,0.7030536066885538,0.9136425195961806,0.022497504463283264,1.1423046204280922,26.234548489302345,2.010204208769393e-06,61.418436093566164,1.95156481324128e-09,False,False,0.5970964584498504
463,033240.KS,033240,자화전자,KOSPI,전자부품 제조업,2359212350.0,502,0.698034352694805,0.4872519575420553,0.126274271440033,0.36990025021106065,0.24362597877102765,0.6586261529480383,0.4945670836200023,0.015392874616219788,0.4321249721407041,0.5537029139139976,0.48634461068263973,0.37055286581601093,0.2515463661226054,0.1730939834367206,6.620725326858391,897.9622133703588,1.0232526730078897e-195,25.878826042445677,0.003906621752808709,False,False,0.34052776139559104
464,009150.KS,009150,삼성전기,KOSPI,전자부품 제조업,73322656329.32031,502,0.6976235976931074,0.48667868405827464,1.1183179438448583,1.3616572858739957,0.24333934202913732,0.17870821428678885,0.49427605796705615,0.015374764218262326,0.43161655799403276,0.5530514579402952,0.4906720420029013,1.3666537677626018,2.2277603484528523,0.44461599716297684,5.478447890804153,629.1083654979259,2.459541600256317e-137,243.62105614109768,1.1892293003927134e-46,False,False,0.37382877843628126
465,102940.KQ,102940,코오롱생명과학,KOSDAQ,기초 의약물질 제조업,1087120800.0,502,0.6975622411174229,0.4865930802327617,-0.09934878126332337,0.1439477588530575,0.24329654011638085,1.6901724768409838,0.4942325859766304,0.01537205989058874,0.4315406392621686,0.5529541795468582,0.4856629386902909,0.14054995660237482,-0.197909080135668,-0.9547893756629179,11.638976701894375,2847.554858484891,0.0,64.9325962750329,4.175428037199797e-10,False,False,0.1363473749558055
466,417200.KQ,417200,LS머트리얼즈,KOSDAQ,전자부품 제조업,5781237168.20752,502,0.6965780006805604,0.4852209110321268,-0.2977093676841904,-0.055098912168126984,0.2426104555160634,,0.49353523788686837,0.015328711417318033,0.43032371531056907,0.5513948752218284,0.48460604530423346,-0.05351678038696786,-0.5930559626089824,0.547823006661257,3.311901536307836,248.21952767071406,1.2583875589647793e-54,76.02713616995786,3.001491934236468e-12,False,False,0.4644428970887302
467,036540.KQ,036540,SFA반도체,KOSDAQ,반도체 제조업,2544829775.0,502,0.6958989145202558,0.4842752992304702,0.08295396886377981,0.3250916184790149,0.2421376496152351,0.7448289523676704,0.4930540958620783,0.015298838404653407,0.42948508866757296,0.5503203017862491,0.4833379143872317,0.32590495566301175,0.1652495728953074,0.25609238503405213,4.7841157134739,472.36668442747566,2.672254143265229e-103,77.9103854038943,1.2874827951030709e-12,False,False,0.4176419672247377
468,285490.KQ,285490,노바텍,KOSDAQ,그외 기타 제품 제조업,659204197.7929688,502,0.6951124618987131,0.48318133468688995,-0.05830296167186813,0.18328770567157684,0.24159066734344498,1.318095321550579,0.4924968832006383,0.015264278750673018,0.4285148936984194,0.5490771434035622,0.48223231109711767,0.18784445930383956,-0.11614320142570556,1.3300316598531978,7.823175618696226,1398.0989289430306,2.55079174362384e-304,71.06057912613967,2.7657565287891715e-11,False,False,0.2092883198351233
469,222080.KQ,222080,SFA넥셀,KOSDAQ,특수 목적용 기계 제조업,3538681095.0,502,0.6945483433949218,0.4823974013126302,-0.0767005900824807,0.1644981105738344,0.2411987006563151,1.4662703408259143,0.4920971973654654,0.015239513353734805,0.4278196534181729,0.5481862979448149,0.4814597954747891,0.16858115888936456,-0.15279244532303693,1.1955666571135173,8.376454523907329,1553.3503120548462,0.0,25.838924930434533,0.003962970221229011,False,False,0.1933551026166025
470,272110.KQ,272110,케이엔제이,KOSDAQ,반도체 제조업,1487176680.0,502,0.6939858707989149,0.48161638886852826,0.18785025741769273,0.42865845185195683,0.24080819443426413,0.5617717168386326,0.4916986776789352,0.01521484023248884,0.427127003598249,0.5472987717698893,0.4807970243033723,0.4299281532956952,0.3742096397765149,0.3686773616386923,2.552677796333092,143.64850228074067,6.413927741361603e-32,46.93530271344077,9.702036979014574e-07,False,False,0.5105510083890981
471,214430.KQ,214430,아이쓰리시스템,KOSDAQ,전자부품 제조업,3450008095.4472656,502,0.6926446058941331,0.47975655007423895,0.31798745321982036,0.5578657282569398,0.23987827503711948,0.42999285112319574,0.49074837276950073,0.015156085690975468,0.4254775842891452,0.5451852899380192,0.4792021137846727,0.5591121545444935,0.6334511964934517,0.28159270813859266,3.440721685982922,247.62653382276812,1.692705455718824e-54,3.3179730316287492,0.9729206070347035,False,True,0.826394676921529
472,475430.KQ,475430,키스트론,KOSDAQ,절연선 및 케이블 제조업,553281440.5371094,292,0.6907831138872728,0.47718131043179685,-0.5658184967592313,-0.32722784154333295,0.23859065521589842,,0.6417273623844636,0.019779801693305024,0.4082328918008026,0.5653016509049631,0.47681756663672525,-0.32420237723040857,-0.655630956562284,0.9769619710486298,7.594755117094554,720.3209620570645,3.839639843834386e-157,43.96296261013011,3.342470202092676e-06,False,False,0.24310522166083648
473,108860.KQ,108860,셀바스AI,KOSDAQ,소프트웨어 개발 및 공급업,3587563190.0,502,0.6903533780994369,0.476587786653304,-0.1400898530478742,0.0982040402787778,0.238293893326652,2.4265182231830034,0.4891250058908401,0.015055980648251846,0.42266733020232855,0.5415843735896753,0.4757162862387772,0.10154411006242062,-0.2790678818652097,1.0478580868141112,5.23141755841932,649.8629959911459,7.65673160733272e-142,125.2800576751137,4.277085885935679e-22,False,False,0.34472900408352314
474,002710.KS,002710,TCC스틸,KOSPI,1차 철강 제조업,3278666747.3125,502,0.69008984758051,0.4762239977336914,-0.6940850083572423,-0.4559730094903966,0.2381119988668457,,0.48893829083922785,0.01504448811930519,0.42234469983764883,0.5411709714848274,0.4771870665693163,-0.45410486229970026,-1.3826614055370463,0.5324953555527137,2.857350324551102,189.57097844511196,6.842031450273055e-42,6.5863727521128475,0.7638312729875715,False,True,0.8359195450250195
475,418550.KQ,418550,제이오,KOSDAQ,"건축기술, 엔지니어링 및 관련 기술 서비스업",1311563385.0,502,0.6886323636542774,0.474214532272077,-0.6992238971695437,-0.4621166310335052,0.2371072661360385,,0.48790564313064866,0.01498100669164241,0.4205625824070731,0.5388874570437193,0.4752100169616574,-0.4612312421511881,-1.3928983983298053,0.21640559453097186,5.361048040376254,590.528974205025,5.864926169580664e-129,38.52725945450572,3.071170367251678e-05,False,False,0.39432579854767047
476,196170.KQ,196170,알테오젠,KOSDAQ,자연과학 및 공학 연구개발업,173428734857.65625,502,0.6882683305177985,0.4737132947937575,0.221101733810118,0.4579583812069967,0.23685664739687876,0.5172012504119229,0.4876477205714589,0.014965171997625698,0.42011805421585297,0.5383178612770684,0.47296363478310394,0.45684345386811576,0.4404486919550763,-0.3451601300160194,3.3323275671252333,235.94092718551832,5.835507533991001e-52,14.31959085756703,0.1589067948287713,False,True,0.8270345841449632
477,448280.KQ,448280,에코아이,KOSDAQ,기타 전문 서비스업,506461879.2651367,502,0.6879623857020623,0.47329224414087306,0.09087274754556095,0.32751886961599747,0.23664612207043653,0.7225419480346109,0.4874309543984429,0.014951870501743316,0.4197446406280136,0.5378393881384819,0.47238220017635196,0.3306089548250507,0.18102428280901428,0.9062755546350892,7.075839191816151,1091.3603257418931,1.0330381995016498e-237,22.974080721820304,0.010842656111180817,False,False,0.27116886605926727
478,267320.KQ,267320,나인테크,KOSDAQ,특수 목적용 기계 제조업,2421316550.0,502,0.6877160457205248,0.472953359541475,-0.11022024691536676,0.12625643285537075,0.2364766797707375,1.8729871771494306,0.48725641908255535,0.014941164730186817,0.4194440969445925,0.5374542867812419,0.47205942971962145,0.1291306458662821,-0.21956572996632584,0.9245713571772961,4.670174072104255,515.9756012981486,9.064039297303293e-113,11.733282688109913,0.30330345611793047,False,True,0.728204076276822
479,370090.KQ,370090,퓨런티어,KOSDAQ,"측정, 시험, 항해, 제어 및 기타 정밀기기 제조업; 광학기기 제외",991225740.0,502,0.6858809610807379,0.47043269277303673,-0.5362068392812889,-0.30099049289477053,0.23521634638651837,,0.4859562359970216,0.014861533839196516,0.41720861478751287,0.534589853887568,0.4706365194047337,-0.29892061696005723,-1.068158068727012,0.6459098894749149,5.075823161749899,560.4371705557526,2.0073111042588332e-122,11.385606633750855,0.32827505085017916,False,True,0.728527298422927
480,095500.KQ,095500,미래나노텍,KOSDAQ,플라스틱제품 제조업,1681858850.0,502,0.6857678280808709,0.47027751403075485,-0.2824869720962294,-0.04734821508085199,0.23513875701537743,,0.4858760796872506,0.01485663155633018,0.41707099274485626,0.5344135120166961,0.46965736849342093,-0.044178425428713905,-0.5627319840964571,1.0028495842516307,6.995018187757349,1083.4172205732216,5.4820091116583845e-236,36.827107741125886,6.0625844019725925e-05,False,False,0.2683675426008105
481,014160.KS,014160,대영포장,KOSPI,"골판지, 종이 상자 및 종이용기 제조업",559228993.0,502,0.6857533290231225,0.4702576282662948,-0.2386011707804938,-0.0034723566473464085,0.2351288141331474,,0.4858658069024253,0.014856003341144498,0.41705335682717487,0.534390914250681,0.4695467748392347,0.0012263819284944618,-0.47530868147542815,1.3619450190643243,15.816651050718871,5275.6734896860125,0.0,113.47713822619048,1.0597529858843755e-19,False,False,0.10920366539571169
482,089010.KQ,089010,켐트로닉스,KOSDAQ,기타 화학제품 제조업,4795492250.0,502,0.6853279230616443,0.4696743621279869,-0.0340358358625461,0.20080134520144735,0.23483718106399346,1.1695000390978496,0.4855644008399434,0.01483757726322754,0.4165360805805317,0.5337281028337755,0.4687433528056052,0.20102909536347607,-0.06780154604364341,0.14923481897565546,3.172637156789384,206.66554483644578,1.3278442552575412e-45,22.652047325041163,0.012106413233033075,False,False,0.4972823400127674
483,064820.KQ,064820,케이프,KOSDAQ,선박 및 보트 건조업,1105307012.333252,502,0.6853268310663431,0.4696728653794359,0.26360299454791103,0.498439427237629,0.23483643268971796,0.4711433724077382,0.485563627146028,0.01483752997914295,0.4165347531719582,0.5337264019600874,0.4690130022950209,0.5005680526845543,0.5251139018375053,0.58455691352422,3.75370701829409,315.46409760424666,3.1466003449983595e-69,25.316114922481976,0.004777453281477182,False,False,0.4421127232751513
484,083450.KQ,083450,GST,KOSDAQ,특수 목적용 기계 제조업,6842831110.916992,502,0.6834957195024849,0.46716639857821957,0.5002316753087326,0.7338148745978423,0.23358319928910978,0.3183135248070871,0.48426625904025494,0.01475834768217391,0.4143118644182404,0.5308781056115962,0.4672287712740026,0.735161000451322,0.9964932579562849,0.20286271425061372,1.8317023964699395,71.31167587914366,3.2723996324293074e-16,74.80781371704998,5.1856848662892604e-12,False,False,0.5540492112088118
485,022100.KS,022100,포스코DX,KOSPI,"건축기술, 엔지니어링 및 관련 기술 서비스업",12961388465.006836,502,0.6829967719035445,0.4664845904306623,-0.2143953594010387,0.018846935814292448,0.23324229521533116,12.375608295882953,0.4839127477009712,0.014736808543818041,0.4137071950634887,0.5301033131203826,0.46573774052092104,0.020905440168898053,-0.4270891683306406,0.6983509532328689,5.502131698820481,658.5480897841919,9.956329693831906e-144,14.910093937311332,0.13537421215291112,False,True,0.7058473433375538
486,006660.KS,006660,삼성공조,KOSPI,자동차 신품 부품 제조업,1304488053.8720703,502,0.6806498482159332,0.463284215876373,-0.11185540729808718,0.1197867006400993,0.2316421079381865,1.9337881976911462,0.4822499195046517,0.014635704867421084,0.41086890628146205,0.5264664745425236,0.4624109882862125,0.12499810065350232,-0.22282307326841178,1.6007653710563925,10.31375998132174,2389.0213809235897,0.0,20.573542976613883,0.02427155853183683,False,False,0.09328230859624054
487,060250.KQ,060250,NHN KCP,KOSDAQ,금융 지원 서비스업,3059221416.8027344,502,0.6804887115631365,0.46306488656485756,0.26289273592544815,0.49442517920787693,0.23153244328242878,0.46828610883727445,0.4821357519366368,0.014628775991016257,0.41067439157267294,0.5262172333090857,0.46241670286369435,0.4993393783422342,0.5236990215657737,1.3860991046333828,8.97383132810893,1806.4731944098528,0.0,28.466720145631395,0.0015192030780359056,False,False,0.1537709832595393
488,393210.KQ,393210,토마토시스템,KOSDAQ,소프트웨어 개발 및 공급업,981981110.0,502,0.6803006013202118,0.46280890815664166,-0.6017675852446382,-0.3703631311663174,0.23140445407832083,,0.4820024732034582,0.014620689325624488,0.410447374193252,0.5259263448101595,0.46332397896012156,-0.36577558383842323,-1.1987592372730491,1.374265805317576,7.436002140621792,1287.1068391712,3.223302492420574e-280,13.601559586660608,0.19195351113205567,False,True,0.5737621833175143
489,053610.KQ,053610,프로텍,KOSDAQ,특수 목적용 기계 제조업,1169041520.75,502,0.6802067857866843,0.4626812714302521,0.5155490824782606,0.7468897181933867,0.23134063571512606,0.309738680396758,0.48193600358826544,0.014616657128123118,0.410334178102438,0.5257813011089894,0.46281432121155985,0.7488718855830439,1.027006505571773,0.3582867761373491,4.400510467619855,405.539526733988,8.673825342640057e-89,35.630582396138905,9.740742033442212e-05,False,False,0.4280912438812833
490,011500.KS,011500,한농화성,KOSPI,기타 화학제품 제조업,2118069806.2978516,502,0.6782205050577074,0.45998305348073165,0.012315575055369444,0.24230710179573528,0.22999152674036583,0.949173693366398,0.48052869596280506,0.014531417182051445,0.40794123264943705,0.5227151027738177,0.4590673544559111,0.24442345325423492,0.02453340745156929,0.6847515217895256,6.461484028424444,891.8319151378391,2.1936141314346706e-194,27.105810026956895,0.002505807317823328,False,False,0.31358311726826504
491,299030.KQ,299030,하나기술,KOSDAQ,특수 목적용 기계 제조업,1141369925.0,502,0.6780935361120917,0.45981084371700054,-0.3376961853002014,-0.10779076344170113,0.22990542185850027,,0.4804387366923178,0.014525976868760199,0.4077885064505931,0.5225194072070655,0.45934742043863475,-0.10831620110867264,-0.6727122421456393,-0.05435239316047192,2.5365041168825435,130.9102388913927,3.7428533603996224e-29,19.794697947857063,0.03125540224115985,False,False,0.5322338218629208
492,006800.KS,006800,미래에셋증권,KOSPI,금융 지원 서비스업,41803176618.518555,502,0.6780328402171852,0.45972853241298306,0.8056558638470063,1.0355201300534977,0.22986426620649153,0.2219795246226803,0.48039573280344655,0.014523376555795567,0.40771550772907983,0.5224258703660594,0.46138845824971053,1.040730758140044,1.6049176335364965,1.0363113615425197,4.410756252075161,486.02583308083626,2.889557328754394e-106,51.33933780647866,1.5118235662540813e-07,False,False,0.38242854455378317
493,047560.KQ,047560,이스트소프트,KOSDAQ,소프트웨어 개발 및 공급업,1674057600.0,502,0.6778675316685321,0.4595043904903884,-0.3485646862899808,-0.11881249104478658,0.2297521952451942,,0.48027860938897676,0.014516295643225933,0.40751672490110435,0.5221711601822419,0.45907117540265757,-0.1165241751292673,-0.6943629861808347,0.7886961518503847,4.441584146741433,454.0227769762301,2.5716191456591705e-99,51.47903746572422,1.424587464760554e-07,False,False,0.39754896993994326
494,003530.KS,003530,한화투자증권,KOSPI,금융 지원 서비스업,7383710275.0,502,0.6776800389437863,0.4592502351828517,0.09574241400949059,0.3253675316009164,0.22962511759142584,0.70574072483998,0.4801457681760486,0.014508266571774493,0.407291324359375,0.5218823434167236,0.45837176951278424,0.3275389565831608,0.19072496759033442,0.6916445802386935,4.833946482528523,516.4991725886391,6.976373417142867e-113,88.46483139002342,1.0789565041114736e-14,False,False,0.3863627696036369
495,001440.KS,001440,대한전선,KOSPI,절연선 및 케이블 제조업,35689040045.0,502,0.6775036968553777,0.4590112592527036,0.3721617789926768,0.6016674086190286,0.2295056296263518,0.3814493295442451,0.4800208273446311,0.014500717035087929,0.40707938582211695,0.5216107761775772,0.45864651478864954,0.6036190653239387,0.7413698930727133,0.4749837996202435,4.1967891753407605,377.81691766774935,9.080269607525333e-83,54.43936706010339,4.018448098257202e-08,False,False,0.42947890046831616
496,267260.KS,267260,HD현대일렉트릭,KOSPI,"전동기, 발전기 및 전기 변환 · 공급 · 제어 장치 제조업",115553453492.79688,502,0.6773937363687401,0.4588622740716021,0.4991269942962849,0.7285581313320859,0.22943113703580106,0.3149112296863838,0.4799429188047722,0.014496010414258865,0.40694725661004033,0.5214414725398412,0.4589368080046355,0.7289854032498734,0.9942926632410121,-0.0690937501454922,1.6518717151660347,55.53064460025268,8.743266915602191e-13,42.09970249311216,7.19847015208917e-06,False,False,0.571059522807829
497,101360.KQ,101360,에코앤드림,KOSDAQ,일차전지 및 이차전지 제조업,3135468850.0,502,0.6772127026277417,0.45861704460037017,-0.8060850838506428,-0.5767765615504578,0.22930852230018509,,0.47981465387199806,0.01448826332069783,0.4067297720483389,0.5211627989076537,0.4602819297604344,-0.5758194259833233,-1.6057726670358043,0.2111437065095761,2.072882029733898,90.78566342811776,1.9326075356839093e-20,23.73043167902996,0.008348972645186834,False,False,0.5426440615613362
498,364950.KQ,364950,에이아이코리아,KOSDAQ,특수 목적용 기계 제조업,825380800.0,312,0.6766958218696009,0.45791723533577455,-0.9768752380839131,-0.7479166204160258,0.22895861766788728,,0.6081580621355219,0.018360808359914774,0.3936789088195864,0.5393594506391499,0.4602363980430804,-0.744285422800598,-1.2094645804848447,0.9418944469570565,6.52285016106735,578.1055791958031,2.9239402851047928e-126,40.6622099359758,1.2948413962649336e-05,False,False,0.2936787796214988
499,016880.KS,016880,웅진,KOSPI,기타 금융업,914097062.5,502,0.676492450864629,0.45764203607683246,0.3278222242219788,0.5566432422603951,0.22882101803841623,0.4110730188859004,0.4793043454429363,0.014457461630278216,0.4058650745862783,0.5200548196533534,0.45715685653371096,0.5585118433656915,0.6530426847596562,0.4158697696827055,10.701729257683061,2357.272235077367,0.0,13.935293770257077,0.17596357352386538,False,True,0.5222753486878196
500,064760.KQ,064760,티씨케이,KOSDAQ,기타 비금속 광물제품 제조업,5603458810.984375,502,0.6764040301692354,0.4575224120291839,0.36558504826477106,0.594346254279363,0.22876120601459196,0.38489551228342794,0.4792416981458748,0.014453682562922945,0.4057589846312615,0.5199188813923943,0.4571413795778864,0.5960494768802037,0.7282686278925201,0.41485560150619577,3.352579068449961,243.11196323401572,1.6177370851024845e-53,85.15550590749068,4.863824082989805e-14,False,False,0.47147690181933877
501,228760.KQ,228760,지노믹트리,KOSDAQ,자연과학 및 공학 연구개발업,2522580005.0,502,0.6756597356171623,0.4565160783342537,-0.2445913100470901,-0.016333270879963224,0.22825803916712686,,0.47871435506519117,0.014421891272711863,0.404866506082628,0.51877530486976,0.4558440841882421,-0.014135526957672118,-0.48724141922079056,0.7828237849980179,3.777347915320945,341.6499270449692,6.481282789200597e-75,41.08976219681036,1.0878652718045071e-05,False,False,0.4278310914773563
502,458650.KQ,458650,성우,KOSDAQ,일차전지 및 이차전지 제조업,898610029.4619141,434,0.6755103427419447,0.45631422315133957,-0.6761785367161153,-0.4480214251404455,0.22815711157566979,,0.5147393959090151,0.015506188522845219,0.4011468872313834,0.5237629842277824,0.45707716270616006,-0.44310379570461284,-1.1645297021221985,1.4663220994205077,9.67596694615023,1804.0605645713356,0.0,11.587323014628268,0.3136240941558654,False,True,0.46682668079520584
503,093520.KQ,093520,매커스,KOSDAQ,기계장비 및 관련 물품 도매업,827368400.0,502,0.6754089405103657,0.45617723692133466,0.5337628090216898,0.7618514274823571,0.22808861846066733,0.29938726926642056,0.4785366632308628,0.01441118686546811,0.4045660006996299,0.5183902525887298,0.4563990837397418,0.7640293507845961,1.0632894052733661,0.37674991430469146,7.825875131656648,1263.647406319203,4.003613842063931e-275,63.94967014581947,6.43449359210056e-10,False,False,0.2727189581218048
504,061970.KQ,061970,LB세미콘,KOSDAQ,반도체 제조업,775231450.0,502,0.6750364655026208,0.4556742297582709,-0.12236920339974483,0.10546791147939061,0.22783711487913544,2.160250560414832,0.4782727594880304,0.014395296264984616,0.404119903043251,0.51781864578942,0.4548259336847486,0.10523828303180924,-0.24376722264552342,0.021170579443720756,3.9880514285852957,324.16459088331555,4.060256548566865e-71,46.45160705940083,1.1877736363051847e-06,False,False,0.469126313750747
505,297090.KQ,297090,씨에스베어링,KOSDAQ,일반 목적용 기계 제조업,849096007.5,502,0.6746741722137987,0.4551852386523745,-0.2008374528185306,0.026755166507656636,0.22759261932618724,8.506492353955492,0.4780160696351942,0.014379848448582852,0.4036862356874984,0.5172629665437609,0.45443855738104577,0.03018434327029333,-0.4000809575988189,1.130298542992032,7.41601208007191,1230.2117849085882,7.29298165162266e-268,22.7476153898545,0.01171750029681818,False,False,0.24092622019729526
506,090460.KS,090460,비에이치,KOSPI,전자부품 제조업,6263250712.917969,502,0.6745702515828309,0.45504502432052374,-0.1510422211770983,0.07648029098316356,0.22752251216026187,2.974916926118245,0.4779424404173953,0.014375418909416989,0.40356188500340806,0.5171036299153153,0.4542290908928492,0.07858741609143137,-0.3008856945670768,0.7463947850349851,4.574724170434855,473.1691457704521,1.7890624168551853e-103,41.399268965741534,9.587675923817842e-06,False,False,0.3943777599947659
507,023160.KQ,023160,태광,KOSDAQ,1차 철강 제조업,6738096825.728516,502,0.6745499781421727,0.4550176730116057,0.21801989807835073,0.44552873458415354,0.22750883650580284,0.5106490756834224,0.47792807640166657,0.014374554848714414,0.40353762818222694,0.5170725484610228,0.45429988503440377,0.44661900128895665,0.434309479505286,0.33602366838983583,2.116619591418946,100.20385774351954,1.7418420002384314e-22,17.94038718985558,0.05597758928264556,False,True,0.8823505404934917
508,251370.KQ,251370,와이엠티,KOSDAQ,기초 화학물질 제조업,520235080.0,502,0.6740957645210577,0.4544050997452293,-0.039306402996547675,0.18789614687606698,0.22720254987261465,1.2091921715801521,0.47760625971016984,0.014355202923418627,0.4029943605738168,0.5163764330379275,0.45350604122936505,0.18984122480256577,-0.07830085041375767,0.6868342245236081,3.833779699412494,338.6958560915834,2.8387642543365096e-74,37.066985216854206,5.510310302191868e-05,False,False,0.43169096522486394
509,121600.KQ,121600,나노신소재,KOSDAQ,기타 화학제품 제조업,4756638350.568359,502,0.6735984763936966,0.4537349073999095,-0.34934041356310097,-0.12247295986314621,0.22686745369995476,,0.4772539241296668,0.014334030742208114,0.4023999928261506,0.5156148405009608,0.4533153336556685,-0.1220890520770616,-0.6959082841614155,0.22917501427991313,2.2826812607091043,110.07803788339216,1.2498496825973607e-24,54.8503791189248,3.3679287687524734e-08,False,False,0.5320010089827628
510,064400.KS,064400,LG씨엔에스,KOSPI,"컴퓨터 프로그래밍, 시스템 통합 및 관리업",43272791266.25,372,0.6735944886786787,0.4537295351782905,0.2626957101660724,0.48956047775521766,0.22686476758914526,0.4634049885509316,0.5544052389649157,0.01665693525349812,0.3949110643607775,0.526816426954517,0.45278367750824267,0.49299085954169825,0.38778890548324974,1.0421794173466519,7.009611077654434,804.6810980146657,1.843825089204945e-175,145.91822561145972,2.5733583057656114e-26,False,False,0.2650888736824404
511,010690.KS,010690,화신,KOSPI,자동차 신품 부품 제조업,1932737374.5263672,502,0.6733139010963844,0.45335160940963176,-0.08973124620837183,0.13694455849644405,0.22667580470481588,1.6552377633223143,0.4770522985587781,0.014321921898285234,0.4020600606189905,0.5151792686970326,0.45248046973100436,0.13892985934117524,-0.17875033966905818,0.6922156363169538,5.6423328641043575,689.8048876470798,1.624695032021661e-150,158.75835944851568,5.845655459972197e-29,False,False,0.34994731202750695
512,019170.KS,019170,신풍제약,KOSPI,의약품 제조업,1903715455.0,502,0.6729148567324329,0.4528144044112307,-0.14825426985073806,0.0781529323548773,0.22640720220561536,2.8969764202518236,0.47676957005615844,0.014304950947105669,0.4015836342211594,0.5145688001942803,0.4519996032429665,0.08539915161516745,-0.29533191851218454,2.265214810817779,13.801355234559868,4325.331676165235,0.0,71.7233292931139,2.0584964828614308e-11,False,False,0.0489856792788147
513,056090.KQ,056090,시지메드텍,KOSDAQ,의료용 기기 제조업,618232410.5,502,0.6725323283750508,0.45229973270956725,-0.1826465044246432,0.04350336193014043,0.22614986635478362,5.1984457366293855,0.47649854337476083,0.014288691849836596,0.4011271917352947,0.5139839380577428,0.451531117168854,0.046058763073217414,-0.3638434334173448,0.8523801846557275,8.720189294745111,1615.219943196801,0.0,167.41187706704534,9.523263252207379e-31,False,False,0.20076613609275484
514,003720.KS,003720,삼영,KOSPI,플라스틱제품 제조업,1493994153.395874,502,0.6718862571768355,0.4514311425830967,0.29226137592097856,0.5179769472125269,0.22571557129154834,0.43576373911276955,0.47604079291150825,0.014261252044408017,0.4003568726459756,0.5129968904398127,0.45087083256460225,0.5201744641523872,0.5822032171124256,0.6219611889503733,4.2334384426674,397.542213143193,4.729391365646591e-87,49.497557773316515,3.3012639669897244e-07,False,False,0.4180311908166088
515,146320.KQ,146320,비씨엔씨,KOSDAQ,반도체 제조업,625269100.0,502,0.6718389084115747,0.4513675188556562,-0.23661565376226643,-0.010931894334438336,0.2256837594278281,,0.47600724565032027,0.014259242094434603,0.40030044721551367,0.51292458976922,0.4506905508782504,-0.011109707063833964,-0.4713534055105466,0.06258209865189801,2.214870002970759,99.81606791975916,2.1145416731014368e-22,42.971197424517676,5.032341272005075e-06,False,False,0.5461587099561893
516,315640.KQ,315640,딥노이드,KOSDAQ,소프트웨어 개발 및 공급업,966028560.0,502,0.6717098939362756,0.4511941816118826,-0.7190224133557109,-0.4934253225497696,0.2255970908059413,,0.4759158370934962,0.014253766162694508,0.400146721098097,0.5127276129577744,0.4523469488615313,-0.4913214823402563,-1.4323382996212972,0.5983388626734523,5.3206732788635875,607.586197608387,1.1596676680610696e-132,14.348033180304434,0.15770036141837665,False,True,0.7206804449395751
517,372170.KQ,372170,윤성에프앤씨,KOSDAQ,특수 목적용 기계 제조업,780617113.7753906,502,0.6714921317255493,0.4509016829693224,-0.4673543911182808,-0.2419035496336196,0.2254508414846612,,0.47576154952718125,0.014244525779232416,0.3998873153310989,0.5123952236298414,0.45087021898078694,-0.23948124043430202,-0.9309996204022895,0.8007125600925706,6.6527815123786365,957.5003865968457,1.2062375403071212e-208,67.19307813427838,1.539521163541319e-10,False,False,0.29724399460345663
518,001430.KS,001430,세아베스틸지주,KOSPI,1차 철강 제조업,2990619306.263672,502,0.6707025535263745,0.44984191530679923,0.4219476515918806,0.6468686092452802,0.22492095765339962,0.3477073310387116,0.47520212235035497,0.01421104644580124,0.3989474482570832,0.511190925866173,0.4496523230988532,0.6494578501737953,0.8405465122981113,0.6448999895186651,5.074745019772259,560.1049054081361,2.3700916877320468e-122,84.66672148744095,6.072428547233689e-14,False,False,0.3786431414756707
519,050890.KQ,050890,쏠리드,KOSDAQ,통신 및 방송 장비 제조업,5263212126.594238,502,0.670362418473546,0.4493857721017016,0.37561943040870766,0.6003123164595585,0.2246928860508508,0.3742933134805802,0.4749611319170548,0.014196636334041961,0.39854291243789575,0.5106725742866356,0.4490504621003866,0.6039861049177965,0.74825775422687,1.0174751685169758,5.916214948325573,800.8248103134141,1.267949494336585e-174,56.48013237399766,1.668697617374294e-08,False,False,0.31593864942421745
520,376270.KQ,376270,HEM파마,KOSDAQ,자연과학 및 공학 연구개발업,844376850.0,431,0.6702286107306382,0.4492063906419214,0.594701782172182,0.8193049774931427,0.2246031953209607,0.27413869253936096,0.5124890592273743,0.015317810783587633,0.39472702529626696,0.5158607895318035,0.44956760164942533,0.8218330127237093,1.0171288417309938,0.5094429101655511,3.407656810795448,220.57622350370409,1.2661397590991813e-48,20.22046693023181,0.02723506513339379,False,False,0.4626925828365014
521,249420.KS,249420,일동제약,KOSPI,의약품 제조업,2215022595.0,502,0.670012800074882,0.44891715226418366,0.04965804743283536,0.27411662356492716,0.22445857613209183,0.8188433565720127,0.47471342240084025,0.014181832070477839,0.3981273115745282,0.5101400445234705,0.4480326803922285,0.27773493552746326,0.09892198337810854,1.1682009115390688,7.260928244905436,1190.8652543662479,2.552088139566591e-259,34.82771726047594,0.0001336050609013592,False,False,0.24537816820998415
522,357780.KQ,357780,솔브레인,KOSDAQ,기타 화학제품 제조업,7294295139.265625,502,0.6700073874533875,0.44890989924211366,0.07720221245539946,0.3016571620764563,0.22445494962105683,0.7440730002099792,0.47470958748294984,0.01418160293879846,0.3981208791489393,0.5101318023411814,0.4480393079292556,0.3030076792232204,0.15379170893893068,0.4527220497038183,5.796472513464476,703.0746485430296,2.1344200204137e-153,58.38389260771658,7.3186555287886575e-09,False,False,0.358977266913844
523,180640.KS,180640,한진칼,KOSPI,기타 금융업,7283223315.6875,502,0.6699319722457799,0.4488088474371204,0.26599899748847133,0.4904034212070315,0.2244044237185602,0.4575914726822926,0.47465615475554457,0.014178410590897283,0.39803126019976615,0.510016969187584,0.4481955815697297,0.49274445202776845,0.5298868918222723,0.6490715657957955,8.025426470307186,1351.6365429135622,3.132232106524309e-294,152.46004401829845,1.161715502634605e-27,False,False,0.24558437111645692
524,424960.KQ,424960,스마트레이더시스템,KOSDAQ,"측정, 시험, 항해, 제어 및 기타 정밀기기 제조업; 광학기기 제외",956807625.0,502,0.6697540920292692,0.4485705437899507,-0.4352369722760515,-0.21095170038107616,0.22428527189497535,,0.47453012413889395,0.014170882292437539,0.3978199178843577,0.5097461659167263,0.44842868816820775,-0.21090797816370138,-0.8670196828673724,0.10435150949786373,2.317124267584033,109.84696599650242,1.4029248467901456e-24,14.882399017054471,0.1364085632227569,False,True,0.888772640658861
525,071090.KS,071090,하이스틸,KOSPI,1차 철강 제조업,1097028644.9533691,502,0.6692010972656126,0.44783010858149985,-0.08515225767891163,0.1387627966118383,0.22391505429074993,1.6136533693329083,0.4741383196288968,0.01414749105480637,0.3971632544500272,0.5089047508620759,0.44696679017216373,0.143746759791825,-0.169628703788943,1.6203784695389205,9.471661641942534,2053.0818656549704,0.0,9.842398699762823,0.45442742484023624,False,True,0.46574999480999124
526,361390.KQ,361390,제노코,KOSDAQ,통신 및 방송 장비 제조업,772416620.0,502,0.6690808667421131,0.44766920624037726,-0.07339954410809395,0.1504350590120947,0.22383460312018863,1.487915148171629,0.47405313462454896,0.01414240795657758,0.39702055636826733,0.5087219048134225,0.44679881385398007,0.15144642528611726,-0.14621655215183793,0.39946352462049645,4.892340706264914,501.60158090714106,1.1983968230453784e-109,79.30824776585362,6.85909317749347e-13,False,False,0.4032137665767125
527,052690.KS,052690,한전기술,KOSPI,"건축기술, 엔지니어링 및 관련 기술 서비스업",16731949798.998047,502,0.6690525979140207,0.44763137877550024,0.12147273665866876,0.34528842604641885,0.22381568938775012,0.6481992227496831,0.4740331057652055,0.014141212941524508,0.3969870086483391,0.508678918475032,0.44679823687228576,0.34783753219771374,0.24198140397877665,0.8128196544552132,6.413172790716505,895.0536646039358,4.380929129308318e-195,39.06347384180421,2.4746911832119565e-05,False,False,0.30721924745407647
528,407400.KQ,407400,꿈비,KOSDAQ,가구 제조업,550622200.0,502,0.6686008614811934,0.44702711197339384,-0.6995684625187408,-0.4760549065320439,0.22351355598669692,,0.47371304419619276,0.014122123427412573,0.396451107722783,0.5079922423438664,0.4480786674714462,-0.4729847224168638,-1.393584794382571,0.8881677386069899,9.002488005832529,1722.8403950047784,0.0,74.83511031222832,5.122650025870306e-12,False,False,0.18567685716373694
529,378340.KQ,378340,필에너지,KOSDAQ,특수 목적용 기계 제조업,1552065035.9423828,502,0.6681576748640579,0.4464346784797441,-0.23962601359128857,-0.01640867435141652,0.22321733923987205,,0.4733990402909552,0.014103407741728718,0.39592570130219107,0.5073190133364575,0.4457732259997492,-0.016740925535604478,-0.47735023342391614,-0.014855053143295946,4.905554004013664,490.9967539907511,2.406631266667124e-107,17.07785792405699,0.0726588377744262,False,True,0.7782597329431654
530,025900.KQ,025900,동화기업,KOSDAQ,나무제품 제조업,930792720.0,502,0.6676950083036032,0.4458166241135488,-0.26552234696150817,-0.04261403490473378,0.2229083120567744,,0.47307123457393113,0.01408388266190586,0.39537757271770907,0.5066166693063875,0.4452083134935275,-0.03848475839549037,-0.5289373737090362,1.3809469733637447,8.406788052634367,1603.4968763186685,0.0,25.20676125674645,0.004967070043813642,False,False,0.17963140607387051
531,036200.KQ,036200,유니셈,KOSDAQ,특수 목적용 기계 제조업,2278190000.0,502,0.667351162997075,0.44535757475354854,-0.06713070299547486,0.1555480843812994,0.22267878737677427,1.4315752473744097,0.47282761537408863,0.014069380741222394,0.3949704595418031,0.5060950152333187,0.44448829133062917,0.15568080854054292,-0.13372862263384278,0.1409017779283872,2.8266738121690658,164.0800974977686,2.346710590575237e-36,69.90581627812709,4.6233598078031444e-11,False,False,0.5134062265904996
532,014940.KQ,014940,오리엔탈정공,KOSDAQ,일반 목적용 기계 제조업,2673213312.3535156,502,0.6670987604520106,0.44502075619660897,0.124797041424074,0.3473074195223785,0.22251037809830448,0.6406726882031589,0.47264878464730725,0.014058740238428848,0.3946717481517696,0.5057122616834335,0.4441960634502583,0.34976387018110083,0.24860363013843312,0.8138727518159488,4.102888298834355,398.20980285021017,3.3871933745701954e-87,7.468353997275272,0.6806121682552472,False,True,0.7611118430980575
533,383310.KQ,383310,에코프로에이치엔,KOSDAQ,기타 화학제품 제조업,3243770652.0878906,502,0.6669102704916726,0.444769308887276,-0.3856696556504235,-0.1632850012067855,0.222384654443638,,0.4725152368790404,0.014050796715893458,0.39444874922922346,0.5054265222303264,0.4444735566420643,-0.16111242496790415,-0.7682784410179071,0.7676819569930943,5.703174853129614,713.0906269398359,1.4267169193648782e-155,54.605653706637,3.741449718040972e-08,False,False,0.3421783344762944
534,293780.KQ,293780,압타바이오,KOSDAQ,자연과학 및 공학 연구개발업,838455590.0,502,0.6667257722739243,0.4445232554142607,-0.37058654217364473,-0.14832491446651438,0.22226162770713034,,0.472384517316124,0.014043023591126313,0.3942305338921149,0.5051469122197796,0.44418272864061087,-0.1465929274301165,-0.7382319213141653,0.6615227765593911,2.6460619095490996,178.6468658493729,1.6118550200109925e-39,13.709080476376442,0.18667965140469914,False,True,0.8368256956329978
535,025550.KQ,025550,한국선재,KOSDAQ,1차 철강 제조업,537979550.0,502,0.6666958883714367,0.44448340757137916,-0.2184593910921499,0.00378231269353968,0.22224170378568958,58.758151901424235,0.47236334415402476,0.01404176474990524,0.3941951943768424,0.5051016299661627,0.44378736541525204,0.007188098342797155,-0.43518497749309226,1.146959647040689,9.117233019152158,1809.2148723745865,0.0,265.8391394021373,2.5181176023994706e-51,False,False,0.1632605376687737
536,005180.KS,005180,빙그레,KOSPI,동·식물성 유지 및 낙농제품 제조업,2790127283.859375,502,0.6662215128141432,0.44385110413636564,-0.3741095151706804,-0.1521839631024976,0.22192555206818282,,0.47202724244927985,0.014021789524882715,0.3936344288426864,0.504383093592885,0.44352232719877427,-0.18364580226446653,-0.7452499072050855,-12.10368934379688,225.10218182432376,1050991.3957970156,0.0,0.06641411761909857,0.9999999996726913,False,True,0.35
537,064350.KS,064350,현대로템,KOSPI,그외 기타 운송장비 제조업,126630150680.23438,502,0.6662115755343316,0.44383786337593645,0.62816597244565,0.8500849041336183,0.22191893168796822,0.26105502004431136,0.4720202017478064,0.014021371233356216,0.3936226861228408,0.5043680470702007,0.4445195674159385,0.8500016483005819,1.2513465006655409,-0.37066387176563975,2.3125324181427303,119.93419368715053,9.049420000033288e-27,21.215441878262887,0.019640369078797137,False,False,0.5212251163992012
538,075580.KS,075580,세진중공업,KOSPI,선박 및 보트 건조업,5339216670.890625,502,0.6661196619100604,0.44371540398317316,0.14221558769727038,0.364073289688857,0.22185770199158658,0.609376486204714,0.47195507966187283,0.01401750259404301,0.393514081609576,0.5042288867824695,0.44291176777748037,0.36597198962211874,0.2833024802540862,0.6174354959522322,5.208556015930743,585.3682663473232,7.742763998285511e-128,8.513051898195192,0.5788531329800479,False,True,0.7244526128863011
539,102120.KQ,102120,어보브반도체,KOSDAQ,반도체 제조업,2164243248.9472656,502,0.6657621023776443,0.44323917696230103,-0.3156943050115043,-0.09407471653035379,0.22161958848115051,,0.47170174374153473,0.01400245801041913,0.3930917342286334,0.5036877123755534,0.44275171807011016,-0.0934183977814163,-0.6288830996657744,0.2935996207483198,5.440418673963807,611.3418010168773,1.7734323680475e-133,24.955727858994905,0.005430056753895371,False,False,0.3856078516217407
540,003670.KS,003670,포스코퓨처엠,KOSPI,일차전지 및 이차전지 제조업,61693785764.40625,502,0.6656906770431804,0.4431440775022079,-0.1844468620654334,0.03712517668567056,0.22157203875110396,5.968241999953243,0.47165113789495133,0.013999453704243188,0.3930073941846228,0.5035796433419659,0.44239632293493875,0.037518306236656,-0.3674298601462205,0.24562689279605554,2.3653298492158497,118.56320007058451,1.7960905434428196e-26,8.43487457538088,0.586438246155128,False,True,0.8771850305988831
541,091580.KQ,091580,상신이디피,KOSDAQ,일차전지 및 이차전지 제조업,890285576.2338867,502,0.6655787714282251,0.44299510097590555,0.14292154926909897,0.3644190997570518,0.22149755048795278,0.607809938160813,0.4715718512045249,0.013994747356829623,0.3928752726481538,0.5034103495393623,0.44219369842986195,0.3660915476034094,0.28470880052812575,0.5737959378206978,2.5750474290487606,162.0670225839591,6.420859940217178e-36,27.41049559639882,0.0022417828121903067,False,False,0.4958698031714259
542,214450.KQ,214450,파마리서치,KOSDAQ,의료용품 및 기타 의약 관련제품 제조업,35580873164.1875,502,0.6635764783448671,0.44033374261257585,0.5184307226603241,0.7385975939666121,0.22016687130628793,0.29808771800066336,0.470153198602449,0.013910671849360725,0.39051501654079684,0.5003860376655246,0.4405231330254409,0.7371249214376216,1.032746915775725,-0.7402031693753441,4.831751866239524,521.8478094819586,4.8104751371043e-114,9.84364271864913,0.45431661085890584,False,True,0.7332242880608651
543,305090.KQ,305090,마이크로디지탈,KOSDAQ,의료용 기기 제조업,1108460115.0,502,0.6631307377731072,0.4397423753795054,-0.8508311356494231,-0.6309599479596705,0.2198711876897527,,0.46983738518470614,0.013891989848129343,0.3899905557455963,0.49971402033429385,0.4417390676528121,-0.6302191988430264,-1.6949096432381365,0.08125636610238834,4.478954776335933,409.65517814347186,1.1079198018837836e-89,65.56585799698232,3.1586580666742043e-10,False,False,0.4430299439913905
544,144960.KQ,144960,뉴파워프라즈마,KOSDAQ,특수 목적용 기계 제조업,944297622.6035156,502,0.6629193498805868,0.43946206444609975,0.3526115015259168,0.5723425337489667,0.21973103222304988,0.3839152592482763,0.4696876139118271,0.01388313448903908,0.38974195878787515,0.4993954808636438,0.43908003435223547,0.5756362012009774,0.7024244990714692,0.9138300144232449,9.251204980906884,1819.6481423118803,0.0,62.89055176711207,1.0243722059327759e-09,False,False,0.17277377489764056
545,004090.KS,004090,한국석유공업,KOSPI,기타 비금속 광물제품 제조업,2132355753.9941406,502,0.6620176186476896,0.4382673273999578,-0.2313862702096946,-0.012252606509715713,0.2191336636999789,,0.4690487247449239,0.013845391310656818,0.38868239257210474,0.4980378067207899,0.4376067436692304,-0.007220669837049905,-0.46093614144947104,1.6187042296793344,17.680281842932644,6618.333751022228,0.0,88.70209280316169,9.683368472557694e-15,False,False,0.09208638468804442
546,499790.KS,499790,GS피앤엘,KOSPI,기타 금융업,5956897500.0,396,0.6614975093456673,0.43757895487052123,0.342521293416728,0.5613107708519887,0.21878947743526062,0.38978314473312137,0.5276924624415289,0.01556836055308515,0.3824332812654411,0.5056430171087295,0.43693951638451445,0.5630568437819512,0.5382477467977154,0.5445058379290725,0.9238880871322701,32.70050616026051,7.928213002807533e-08,7.401817497959489,0.6870439102744714,False,True,0.9221246468837764
547,282720.KQ,282720,금양그린파워,KOSDAQ,전기 및 통신 공사업,646910695.0,502,0.6611124212134304,0.43706963348268424,-0.21889796645399956,-0.0003631497126574401,0.21853481674134212,,0.46840737972596663,0.013807554721163774,0.3876202040213481,0.4966767724515449,0.4363891209681444,0.0033879316646114686,-0.4360586474599515,1.307776185006079,7.6116236157067405,1326.3726600565874,9.590392796128654e-289,6.429698007226784,0.7779631340096409,False,True,0.5702918582927914
548,071280.KQ,071280,로체시스템즈,KOSDAQ,특수 목적용 기계 제조업,770721603.6572266,502,0.6602960051225756,0.4359908143808323,-0.3200272781465401,-0.10203187095612393,0.21799540719041616,,0.4678289375282213,0.013773473529879988,0.3866634409604375,0.49545082503145693,0.43552872526959857,-0.10139321431252167,-0.6375146572601711,0.3166625834431573,3.2692823667954123,225.8700800262473,8.972951261153678e-50,22.11602385522894,0.014524320331234769,False,False,0.481771454597996
549,208370.KQ,208370,셀바스헬스케어,KOSDAQ,의료용 기기 제조업,929704795.0,502,0.6595553040206711,0.4350131990617999,-0.17811750313332958,0.03938909639757038,0.21750659953089996,5.522000234164202,0.46730414045714763,0.013742589487659466,0.3857964316319737,0.4943398834693833,0.43427253511431607,0.043158594145180085,-0.3548213752894105,1.3201668590557534,7.727344739884513,1365.4176677793164,3.186549690034972e-297,17.490999499111407,0.0641812326027785,False,True,0.5642583627681467
550,299900.KQ,299900,위지윅스튜디오,KOSDAQ,"영화, 비디오물, 방송프로그램 제작 및 배급업",611947539.0,502,0.6586755072134608,0.4338534238029098,-1.0187375355221988,-0.801810823620744,0.2169267119014549,,0.4666807921370537,0.0137059507941319,0.3847678716771497,0.4930219391689186,0.4371075317574026,-0.8007239087245613,-2.0293898525085075,-0.013818215865697826,9.375858512365042,1797.7579343534253,0.0,45.43739574882304,1.813109738175782e-06,False,False,0.22716515255252667
551,278280.KQ,278280,천보,KOSDAQ,기초 화학물질 제조업,1630226000.0,502,0.6581427829817208,0.43315192279092446,-0.30282449859226435,-0.08624853719680212,0.21657596139546223,,0.46630334958190117,0.013683789534534068,0.3841457374803165,0.4922247681192438,0.432652969866783,-0.08563001409591861,-0.6032456281480822,0.30837404476609265,3.8713464073437898,313.2875061027121,9.342915590321835e-69,26.53560201386619,0.00308284195069394,False,False,0.4552311420184566
552,024740.KQ,024740,한일단조,KOSDAQ,자동차 신품 부품 제조업,923980420.0,502,0.657590246082211,0.43242493174246277,0.0023186740155107873,0.21853113988674217,0.21621246587123139,0.9893897317484708,0.46591186947504387,0.013660823014065817,0.3835009971530579,0.49139863072627527,0.4315635488302861,0.22432527801309185,0.004618945856295298,1.9305699521477444,12.560126458318402,3538.2919092186307,0.0,30.025643778314,0.0008484065028749166,False,False,0.07129533652348374
553,112610.KS,112610,씨에스윈드,KOSPI,"구조용 금속제품, 탱크 및 증기발생기 제조업",13979655280.998047,502,0.6571845016572911,0.43189146921854216,0.030137837717035338,0.24608357232630643,0.21594573460927108,0.8775300706498497,0.4656243938856936,0.013643970292150476,0.38302788981152935,0.4907924150930969,0.43103473196886294,0.2480330081161094,0.06003648624584024,0.7033214163818431,5.6005212153248785,681.4763087753016,1.0454415953817657e-148,39.3839425437579,2.1743682327370893e-05,False,False,0.35108845088492424
554,220260.KQ,220260,켐트로스,KOSDAQ,기타 화학제품 제조업,586394415.0,502,0.6560769744265571,0.43043699637270527,-0.1921473313176866,0.023071166868666032,0.21521849818635264,9.328461772718152,0.4648396953813589,0.013598021747866318,0.38173797393072467,0.4891395826303783,0.4297260624621112,0.02567181393956135,-0.38276968381539156,0.9634252627277192,6.100763468334026,837.2994720421708,1.5231048315726947e-182,8.882967164389605,0.5432453578999292,False,True,0.6612372930764542
555,352480.KQ,352480,씨앤씨인터내셔널,KOSDAQ,기타 화학제품 제조업,2625660450.0,502,0.6558054382931474,0.4300807728948672,-0.83924558297441,-0.6242051965269764,0.2150403864474336,,0.4646473082401252,0.01358676822031278,0.3814220530646225,0.48873477773502494,0.4320190110991818,-0.6219561865695435,-1.6718304867188643,0.6064317899869321,4.027901469311329,361.2425523283981,3.60725170671784e-79,26.957421778454524,0.0026450372790241235,False,False,0.4283156478818614
556,294630.KQ,294630,서남,KOSDAQ,기타 전기장비 제조업,640590767.5,502,0.6541461729958707,0.4279072156451437,-0.19045544581805468,0.02349816200451718,0.21395360782257186,9.105120978459608,0.46347169561324236,0.013518102935959805,0.37949440895474346,0.4862647928245448,0.4271987524078704,0.028923774603344336,-0.3793993404788232,1.8675430796044918,12.778093322621137,3631.512538953601,0.0,58.56981161947913,6.751206044536324e-09,False,False,0.07549712802636721
557,060280.KQ,060280,큐렉소,KOSDAQ,기타 상품 전문 소매업,2240447980.0,502,0.6538124214647488,0.4274706824615983,-0.04038042449358303,0.17335491673721612,0.21373534123079915,1.2329349824833327,0.46323522799418687,0.013504312328336533,0.3791072645074854,0.48576872566256046,0.42662561778789776,0.1750965246103216,-0.08044036942769317,0.6950085426165047,2.654764901547118,183.3662610221915,1.5223774255120997e-40,16.478626140627224,0.08672652115727242,False,True,0.8342016765892794
558,298830.KQ,298830,슈어소프트테크,KOSDAQ,소프트웨어 개발 및 공급업,3063428040.0,502,0.6536066475232131,0.4272016496865337,-0.10017763087029283,0.11342319397297401,0.21360082484326684,1.8832199778659269,0.4630894342839526,0.013495813259815364,0.37886866971349786,0.48546300245470897,0.42639047402614233,0.11516596582280904,-0.199560201178123,0.6828100726632332,5.060839656592352,561.4081661495466,1.23528074792501e-122,8.347957784355321,0.5948891458072966,False,True,0.7267415439424619
559,130660.KS,130660,한전산업,KOSPI,"건축기술, 엔지니어링 및 관련 기술 서비스업",3475141900.0,502,0.6534479151862244,0.4269941778612231,-0.15936691168215028,0.05413017724846128,0.21349708893061156,3.944141692916413,0.46297697020725265,0.013489258975642729,0.3786846709519853,0.48522723582011396,0.42624437681994065,0.05615585020091394,-0.3174690066049184,0.7929360845272546,4.532673607650408,471.29606488818297,4.564149255716602e-103,44.733452289560255,2.429199198055758e-06,False,False,0.3931672820205814
560,000880.KS,000880,한화,KOSPI,기타 화학제품 제조업,18199198937.046875,502,0.6527358938106496,0.42606414706878754,0.5470709787857034,0.7601030523200972,0.21303207353439377,0.2802673570171127,0.4624724931226598,0.013459878185774996,0.37785986250524545,0.48417036831690463,0.4264030591677338,0.7623190775977982,1.089800124406441,0.4648198209332158,4.708864127381326,470.2716268052297,7.617522425146543e-103,27.582541811402255,0.002104800004273009,False,False,0.407113126205626
561,077500.KS,077500,유니퀘스트,KOSPI,기계장비 및 관련 물품 도매업,734026565.4638672,502,0.6517536270521576,0.4247827903756429,0.11220727512348112,0.3245986703113026,0.21239139518782146,0.654319979142644,0.46177654341157637,0.013419398588698103,0.37672347666470296,0.48271426142236,0.4239865717111409,0.32667307410206525,0.2235240163174108,0.7362089137182857,5.264332537536632,610.6888281138148,2.458135931543985e-133,16.400255236162334,0.08873361777427025,False,True,0.7140244415629659
562,041020.KQ,041020,폴라리스오피스,KOSDAQ,소프트웨어 개발 및 공급업,3065565340.0,502,0.6515559384843208,0.4245251409741841,-0.4223204047429236,-0.21005783425583155,0.21226257048709204,,0.4616364783014817,0.013411259134622627,0.3764949773458103,0.4824214740417292,0.4243872294113414,-0.2076539551405054,-0.8412890602418557,0.8605369307228492,8.68318226574138,1603.1951802986084,0.0,18.08690746898869,0.05351521228324186,False,True,0.5518876693267813
563,005420.KS,005420,코스모화학,KOSPI,기타 화학제품 제조업,2786451220.0,502,0.6511387760369359,0.42398170565887905,-0.39639273374238404,-0.18440188091294452,0.21199085282943952,,0.46134091288381646,0.01339409136024833,0.37601302552016536,0.481803925537407,0.4237606412202413,-0.18428915795993836,-0.7896394934074475,0.14108261836682565,2.134147646504964,93.98768265416302,3.89792993294182e-21,29.587240341555354,0.0010003969294773477,False,False,0.5445578480161549
564,112040.KQ,112040,위메이드,KOSDAQ,소프트웨어 개발 및 공급업,4197818405.0,502,0.6505000143735179,0.423150268699947,-0.42209003577519255,-0.21051490142521906,0.2115751343499735,,0.46088834132801076,0.013367825268009947,0.37527565614246666,0.4808590980005023,0.4230143239980764,-0.20770245332335793,-0.8408301506315343,1.007356902376016,8.498285347558015,1560.959939064541,0.0,44.12828542644507,3.121527989718547e-06,False,False,0.20042003253482155
565,078150.KQ,078150,HB테크놀러지,KOSDAQ,특수 목적용 기계 제조업,2889610000.0,502,0.6503950142823328,0.4230136746033159,-0.22178437570086257,-0.010277538399204617,0.21150683730165795,,0.46081394729757835,0.013363510096423229,0.375154516105392,0.4807038753314962,0.4223662095845899,-0.009247059903503866,-0.4418085579437818,0.45237073912338854,5.1367577973225345,555.4882176557285,2.383779907865971e-121,40.16606194776019,1.5840893530196415e-05,False,False,0.38868784984559346
566,012450.KS,012450,한화에어로스페이스,KOSPI,"항공기,우주선 및 부품 제조업",208692995709.45312,502,0.6489257578196043,0.4211046391617476,0.6857090141472076,0.8962613337280815,0.2105523195808738,0.2349229088184158,0.4597729585825442,0.01330320137372827,0.3734614661868967,0.4785344874606015,0.4221316458230135,0.8984992241383666,1.365975893261501,0.3504799037874674,2.0496779704960364,95.34397819397404,1.97841863397038e-21,7.143365181149168,0.711844637437122,False,True,0.8843991644085138
567,194480.KQ,194480,데브시스터즈,KOSDAQ,소프트웨어 개발 및 공급업,2524176250.0,502,0.6484937414907381,0.42054413275265634,-0.49236846963935305,-0.2820964032630249,0.21027206637632817,,0.4594668689824855,0.013285494302995802,0.37296437466645393,0.47789753972303484,0.4206684061899676,-0.2783164115173427,-0.9808292530117271,1.3399505579872872,7.747370019749727,1376.1382524721557,1.4975292286913874e-299,17.069192692577726,0.07284687460509735,False,True,0.5620383119121097
568,000720.KS,000720,현대건설,KOSPI,토목 건설업,51963165318.515625,502,0.6484667034793862,0.4205090655214221,0.6356581550394904,0.8459126878002015,0.21025453276071104,0.24855346868892414,0.4594477121739852,0.013284386487039045,0.3729332748913056,0.4778576900563137,0.421274815877955,0.8497108256400031,1.2662714040866039,0.9249665739718439,5.2716864100501155,638.3516067006933,2.419412097712716e-139,39.677125393678125,1.931256979797824e-05,False,False,0.35110967328295517
569,014620.KQ,014620,성광벤드,KOSDAQ,1차 철강 제조업,8417957403.449219,502,0.6484361068564126,0.420469384675101,0.323026364764281,0.5332610571018315,0.2102346923375505,0.39424347519418446,0.45942603403947185,0.013283132921439908,0.372898083478843,0.47781259757408856,0.4200458678162897,0.5358973725788276,0.6434890282209089,0.829383712142054,4.294461742242033,433.2186830899261,8.467559135206998e-95,7.371914792999122,0.6899289474414767,False,True,0.7514569741229715
570,094360.KQ,094360,칩스앤미디어,KOSDAQ,반도체 제조업,2060690853.453125,502,0.6483271717024743,0.4203281215677297,-0.301921881792936,-0.09175782100907115,0.21016406078386485,,0.45934885196214437,0.013278670250195584,0.37277280267618557,0.4776520691391192,0.4198525479760887,-0.09110984432076714,-0.6014475581748169,0.3296328833271056,3.889550856797923,317.3032841693599,1.2544902714966695e-69,26.903910104174404,0.0026970562790708534,False,False,0.4529946858889531
571,338220.KQ,338220,뷰노,KOSDAQ,소프트웨어 개발 및 공급업,2610507450.0,502,0.6480151908122135,0.4199236875233894,-0.6874498108237946,-0.47748796706209995,0.2099618437616947,,0.45912780914606255,0.013265893692936655,0.3724141257177082,0.477192478766272,0.4209625323538275,-0.47750878315588874,-1.3694436707680353,-0.05244431336970509,3.3118308220796635,223.47945002472073,2.9652001795352768e-49,9.643164974206186,0.47233722862991023,False,True,0.8474713254484348
572,039200.KQ,039200,오스코텍,KOSDAQ,의약품 제조업,9552973625.0,502,0.6475547696717892,0.419327179724684,-0.07120872063283312,0.13845486922950886,0.209663589862342,1.514309977172377,0.4588015943404766,0.01324704929506212,0.3718851059530723,0.4765146198039772,0.4185119883712111,0.13884567164283326,-0.14185229268921518,0.25379080173754026,1.8142091733556596,71.94682102856495,2.3820250175369183e-16,16.752820524249255,0.08001551568505322,False,True,0.9014412004164927
573,046890.KQ,046890,서울반도체,KOSDAQ,반도체 제조업,1305449960.0,502,0.6473941671722002,0.4191192076885868,0.028664316503275947,0.23822392034756934,0.2095596038442934,0.8796749022455234,0.45868780522746644,0.01324047920862989,0.3717006635739018,0.4762782847403265,0.4182875693567463,0.2428499924139238,0.05710113843112907,1.612580819692408,12.160111674646037,3242.041331895192,0.0,167.0758430721333,1.1176529068738421e-30,False,False,0.09249461202050613
574,000670.KS,000670,영풍,KOSPI,1차 비철금속 제조업,1640316899.2460938,502,0.6473275814797916,0.41903299774447633,0.10172206858029474,0.3112385674525329,0.20951649887223817,0.6731701041651645,0.45864062833484187,0.013237755732941751,0.3716242072988261,0.4761803175664168,0.4182393316860512,0.31086368587673185,0.20263681915598397,-0.2262060791302074,17.511765354941076,6283.1649985163385,0.0,176.8291001089978,1.0661076335211048e-32,False,False,0.1849195947246529
575,213420.KQ,213420,덕산네오룩스,KOSDAQ,전자부품 제조업,6038005725.0,502,0.6468076332427557,0.41836011442109516,-0.031232796252252847,0.17794726095829475,0.20918005721054758,1.1755171508909756,0.4582722377502933,0.01321649854050193,0.37102745302648454,0.4754156670583721,0.4175305987213692,0.1797372880862825,-0.06221771316917035,0.7246467259604512,3.3287232487677665,269.21437427187675,3.4740926976014206e-59,9.438135586442257,0.4910877110562589,False,True,0.8018976720747537
576,092730.KQ,092730,네오팜,KOSDAQ,기타 화학제품 제조업,1032223351.484375,502,0.6467578251021608,0.4182956843308773,-0.0030802315832056983,0.20606761058223297,0.20914784216543866,1.0149476745739063,0.4582369479873476,0.01321446311655979,0.37097031246396966,0.4753424500540171,0.4174624636456624,0.1838409999572727,-0.006136016884005002,-9.135117412709779,155.9327359221388,505399.54130729794,0.0,0.06126067959575442,0.9999999997809736,False,True,0.35
577,092070.KQ,092070,디엔에프,KOSDAQ,기타 화학제품 제조업,608464400.2524414,502,0.6464436730572789,0.41788942243578603,-0.06848357277267451,0.14046113844521851,0.20894471121789301,1.4875624213980287,0.4580143668779069,0.01320162881530006,0.37061001445514535,0.4748807825498802,0.41707558449718735,0.14033761996270758,-0.1364236251265183,0.06863861054543566,2.1352983537665278,92.82428400220337,6.973693175296838e-21,16.394507299371718,0.08888241768556586,False,True,0.8993356667108106
578,019990.KQ,019990,에너토크,KOSDAQ,일반 목적용 기계 제조업,761819978.2016602,502,0.6463660466037788,0.41778906620219836,-0.19169733152279156,0.01719720157830762,0.20889453310109918,12.147007299408335,0.45795936745191723,0.013198458441335091,0.3705210123814298,0.4747667398290521,0.4171026419350396,0.018505714808365395,-0.38187325565254504,0.5502147229871955,5.952600617300698,748.73980264111,2.5895104372406608e-163,11.380027211753474,0.32868665495743765,False,True,0.6954519906889889
579,263750.KQ,263750,펄어비스,KOSDAQ,소프트웨어 개발 및 공급업,8070153125.0,502,0.6459326776394109,0.417229024042419,-0.1852740698909468,0.023340442130262706,0.2086145120212095,8.937898899126871,0.45765231949072244,0.013180766036796037,0.37002433258579986,0.47413031965467495,0.4165341067227314,0.02043970526751699,-0.369077710655775,-1.0980492846888052,21.82388413190541,9854.811161085257,0.0,79.60533395294222,5.999002426315086e-13,False,False,0.1267967143540797
580,031330.KQ,031330,에스에이엠티,KOSDAQ,기계장비 및 관련 물품 도매업,913421522.211792,502,0.6452396453190131,0.4163341998914059,0.6045647839811958,0.8127318839268988,0.20816709994570295,0.2561325623647202,0.4571612964168145,0.013152497467020366,0.36923074755172847,0.47311346024100326,0.4169552400782658,0.8163444307585878,1.2043314347561918,0.8585852741693458,10.40038189837149,2273.9643408594725,0.0,290.4023160179966,1.6582626941773647e-56,False,False,0.14276098172204366
581,156100.KQ,156100,엘앤케이바이오,KOSDAQ,의료용 기기 제조업,519358200.0,502,0.6442502086367,0.4150583313284315,-0.3996201294737847,-0.19209096380956897,0.20752916566421575,,0.4564602667146099,0.013112191246567786,0.36809922892220526,0.4716635899425773,0.4148652371728421,-0.1928727168793163,-0.7960686706184124,-0.28869267664554193,13.278806015702944,3615.6395941338933,0.0,15.115288314580209,0.12791484448888144,False,True,0.5307538215569638
582,205470.KQ,205470,휴마시스,KOSDAQ,의료용품 및 기타 의약 관련제품 제조업,1181661417.5,502,0.6432843747026472,0.41381478673657585,-0.4980506342817123,-0.29114324091342436,0.20690739336828792,,0.455775959889048,0.013072906179189764,0.36699637717621714,0.4702504519275636,0.4139747974853681,-0.28644840199587557,-0.9921484857516649,1.6699342720524433,10.59116491317457,2526.6001031184915,0.0,51.28622785874634,1.546361529543376e-07,False,False,0.0886710485298371
583,099220.KQ,099220,SDN,KOSDAQ,기계장비 및 관련 물품 도매업,616708707.5,502,0.6432788958961698,0.41380773790539527,-0.4792353905779484,-0.27233152162525076,0.20690386895269763,,0.45577207807817327,0.013072683498145853,0.3669901258396543,0.4702424417835222,0.4138947949388345,-0.2713560425447253,-0.9546673256751195,0.3606540313402477,8.506795358838621,1490.345265105755,0.0,27.443755024314502,0.002214646393357901,False,False,0.2431506067629121
584,053690.KS,053690,한미글로벌,KOSPI,"건축기술, 엔지니어링 및 관련 기술 서비스업",2108830003.881836,502,0.6432309764294867,0.4137460890384309,0.06186523525947573,0.2687382797786912,0.20687304451921545,0.7697937364545817,0.4557381264670604,0.013070735936387043,0.3669354518367957,0.4701723853029903,0.41293708136945473,0.2730943295039835,0.12323947658832068,1.5656113626222163,9.459086369292832,2033.695497693948,0.0,25.973853752296225,0.003775510711785621,False,False,0.11996702254034153
585,066570.KS,066570,LG전자,KOSPI,통신 및 방송 장비 제조업,55006424069.78125,502,0.6430841261615242,0.41355719332093116,0.34386081895875786,0.5506394156192235,0.20677859666046558,0.37552450986083513,0.4556340810021422,0.013064768493773405,0.36676792750898424,0.4699577281680389,0.413202581602853,0.5552555614160826,0.6849925837987954,1.457696507861625,12.882071501042851,3572.8226118810185,0.0,274.560101593095,3.6559135835397023e-53,False,False,0.10282023280922503
586,452260.KS,452260,한화갤러리아,KOSPI,종합 소매업,747564841.5,502,0.6425375940771397,0.4128545598024392,0.2902212886469558,0.4966485685481754,0.2064272799012196,0.4156405413684303,0.45524685539063,0.013042571456934684,0.366144788935801,0.46915927016170217,0.4123663800287917,0.5046919611174407,0.5781392337332214,2.696339348400629,16.747121607846342,6346.832469278333,0.0,26.545670760894787,0.003071620893221805,False,False,0.020244043439958115
587,052220.KQ,052220,iMBC,KOSDAQ,영상·오디오물 제공 서비스업,502990067.5,502,0.6419717348299396,0.41212770832056234,-0.24875321974963382,-0.04268936558935266,0.20606385416028117,,0.4548459362144508,0.013019609345542492,0.36550017238476473,0.46833329136927604,0.4115522850612172,-0.037984929715527395,-0.49553220759649275,1.6653452360977554,18.150784749941682,6976.496182868735,0.0,122.5332376899557,1.5478953621591275e-21,False,False,0.08897698426014966
588,005290.KQ,005290,동진쎄미켐,KOSDAQ,기초 화학물질 제조업,16321785697.37793,502,0.6413960351995339,0.41138887396968177,0.08667842530374456,0.29237286228858544,0.20569443698484088,0.703534641945705,0.4544380449893962,0.012996268680924886,0.3648449286892824,0.46749369549562164,0.410599188305711,0.29236974082435363,0.17266892659714195,0.0671906492150856,1.9090727649813939,74.160469245811,7.875147840980184e-17,77.58518432479278,1.4903489428838777e-12,False,False,0.5596123489614983
589,360070.KQ,360070,탑머티리얼,KOSDAQ,일차전지 및 이차전지 제조업,712905725.0,502,0.6413141482651853,0.4112838367651,-0.8127236936461841,-0.6070817752636342,0.20564191838255,,0.4543800269532479,0.012992950429463525,0.36475177524289576,0.46737433341744805,0.4130856565798614,-0.6048945638007653,-1.6189971992475574,0.6216097461164298,5.6104652617592485,674.7532941991288,3.014281732819662e-147,27.808091545089315,0.0019374381739970625,False,False,0.3560884134797385
590,006360.KS,006360,GS건설,KOSPI,건물 건설업,9599963373.527344,502,0.6406386112751417,0.4104178302565421,0.357765788294796,0.562974703423067,0.20520891512827105,0.3645082343496696,0.45390139956513514,0.012965592243628199,0.36398374746467604,0.46639022176877276,0.41010818691823664,0.5666309400105867,0.7126921655713794,1.1748080082682721,7.27909167337425,1197.5585782987116,8.983774546240334e-261,112.27982199408702,1.849736032794844e-19,False,False,0.24412034081360734
591,033320.KQ,033320,제이씨현시스템,KOSDAQ,기계장비 및 관련 물품 도매업,681318853.8168945,502,0.6377488677421177,0.40672361830635306,-0.08348319637475585,0.11987861277842068,0.20336180915317653,1.69639775135756,0.45185397593043863,0.012848887650707004,0.3607074933391716,0.46219219672285183,0.40594106841949923,0.12332665997258159,-0.16630382769891838,1.3062726578134827,10.343356876345213,2330.342758992897,0.0,15.878297647907937,0.10316967257869261,False,True,0.46291515614576784
592,041190.KQ,041190,우리기술투자,KOSDAQ,기타 금융업,6269460890.0,502,0.6370508367273187,0.40583376857497677,-0.293529859238509,-0.09061297495102061,0.20291688428748839,,0.45135941121176437,0.012820776228822835,0.35991831992605666,0.4611809901354137,0.40536723865503693,-0.09022120921802736,-0.5847301164195695,0.25420961291052946,3.503596373165232,255.32740558320384,3.600462883925245e-56,15.829645938141432,0.104613931055492,False,True,0.8253908556801959
593,489460.KQ,489460,바이오비쥬,KOSDAQ,기타 화학제품 제조업,808134340.0,302,0.6369085891091771,0.4056525508810426,-0.3350314314640906,-0.1322051560235693,0.2028262754405213,,0.5818002513949733,0.016533163693662,0.34791241970556963,0.4791441398784486,0.404754751387176,-0.1339892550454338,-0.40150592183394984,-0.5026686257488294,7.844457757104914,757.7628895645546,2.843670256746389e-165,2.203776210469452,0.9945262701780054,False,True,0.6134881592136903
594,011700.KS,011700,한신기계공업,KOSPI,일반 목적용 기계 제조업,831273622.9632568,502,0.6367010441048471,0.40538821956420235,-0.27766292619905447,-0.0749688164169533,0.20269410978210117,,0.45111157825555,0.012806700800387764,0.3595231796892899,0.4606746775762978,0.40488661259812775,-0.07370224772785226,-0.5531221783806561,0.5455702644975231,6.987182558440054,1022.2875152986973,1.0305915887074204e-222,16.311805605725517,0.09104774207492022,False,True,0.649205433903696
595,396470.KQ,396470,워트,KOSDAQ,특수 목적용 기계 제조업,875986718.6228027,502,0.6349922788231562,0.40321519416502494,-0.3184864282157396,-0.11687883113322711,0.20160759708251247,,0.4499008941986774,0.012738052317832387,0.35759600725715135,0.45820529704963303,0.4028144909521553,-0.11452262678998074,-0.6344451863662748,0.9435013625878375,7.762426931905221,1305.6301122114858,3.0621286291477866e-284,10.723902408554851,0.37942925573190506,False,True,0.5877906972250759
596,094940.KQ,094940,푸른로보틱스,KOSDAQ,컴퓨터 및 주변장치 제조업,726307330.0,502,0.6348084779786562,0.40298180371357806,-0.05606397838702753,0.1454269234697615,0.20149090185678903,1.3855130607826196,0.449770668734443,0.012730679233127162,0.35738902226557095,0.457940077031436,0.4021915240120652,0.14632258807604306,-0.1116830045646342,0.39296667106278954,7.650659422775719,1209.1728398679936,2.7005609844229345e-263,32.549325697990504,0.0003241749015946386,False,False,0.27952254790424
597,013580.KS,013580,계룡건설산업,KOSPI,토목 건설업,951801696.1699219,502,0.6332038476302876,0.40094711265380045,0.2130217720970548,0.41349532842395503,0.20047355632690023,0.4848266535223235,0.44863376573157915,0.012666400898517912,0.3555845332247128,0.45562789674919185,0.40032848574758173,0.4173285075760893,0.4243528952092124,1.3104813712014918,15.50141037206481,5061.968312535797,0.0,261.27679900070956,2.3010973210733555e-50,False,False,0.11263457525323395
598,029480.KQ,029480,광무,KOSDAQ,통신 및 방송 장비 제조업,659874965.0,502,0.6328240027371121,0.4004662184402205,-0.44524841718818314,-0.2450153079680729,0.20023310922011026,,0.4483646403220338,0.012651208872670253,0.35515804669053,0.4550814186422863,0.40045516805259135,-0.24391810699090458,-0.8869631167796346,0.49512491756992755,2.583603984824858,155.97404312382852,1.351035857238802e-34,7.098299775259745,0.7161334123855446,False,True,0.8507294928448862
599,079810.KQ,079810,APS이노베이션,KOSDAQ,기타 전기장비 제조업,618433245.0,502,0.6325171192480773,0.40007790614188643,-0.5114326423122253,-0.3113936892412821,0.20003895307094322,,0.4481472090858816,0.012638941620732785,0.35481366748691234,0.4546401486837605,0.4003188879935173,-0.30983650513784955,-1.0188062953997505,0.6070686884321645,6.114455066513447,794.1768898619133,3.5211095640993615e-173,66.43625073733415,2.1511661783428564e-10,False,False,0.33437827611141735
600,348210.KQ,348210,넥스틴,KOSDAQ,특수 목적용 기계 제조업,3765509897.7734375,502,0.6323919802058762,0.39991961662870934,-0.23911284611293235,-0.03915303779857768,0.19995980831435467,,0.4480585463275095,0.012633941064877271,0.35467328662150366,0.45446027179803117,0.3993498487407693,-0.040644547584655404,-0.4763279712249684,-0.44510708095987267,3.0642323256783257,207.48159062465922,8.829681691130318e-46,66.99783198112065,1.6783673295647761e-10,False,False,0.4824357399471505
601,073010.KQ,073010,케이에스피,KOSDAQ,일반 목적용 기계 제조업,1144477322.3544922,502,0.6319799346178097,0.399398637759531,-0.1397589615199274,0.0599403573598381,0.1996993188797655,3.3316337718995688,0.44776660627610404,0.012617482716610359,0.3542112505519818,0.4538682423285,0.39868053313107515,0.060458335853182,-0.27840872493255375,0.32837835977802654,1.6597050411831695,64.62969967087042,9.243555069841484e-15,30.37667954879618,0.0007431431415005115,False,False,0.5534213824948889
602,147830.KQ,147830,제룡산업,KOSDAQ,"구조용 금속제품, 탱크 및 증기발생기 제조업",1368824346.171875,502,0.6315042352386677,0.3987975991243746,-0.05857891790928691,0.1408198816529004,0.1993987995621873,1.4159847119718154,0.4474295666250986,0.012598495184169983,0.35367821256321186,0.45318523461860843,0.39801679861855355,0.1441658095377471,-0.11669292377167473,1.3243232927474295,8.214417537758457,1525.2945791509715,0.0,6.40307769644313,0.7803384006181052,False,True,0.5420629912843742
603,065680.KQ,065680,우주일렉트로,KOSDAQ,전자부품 제조업,836088493.5087891,502,0.6311119414335555,0.3983022826200317,0.24713468213982667,0.4462858234498425,0.19915114131001585,0.44624124461439046,0.44715162098765604,0.01258284754083335,0.3532389354554918,0.452622367322707,0.3977512150762399,0.4469716068481979,0.49230797791346426,0.2385276622785239,2.3666471447583834,118.40449895166516,1.944418463766765e-26,46.00532003756517,1.431059456429172e-06,False,False,0.5275990343339712
604,094820.KQ,094820,일진파워,KOSDAQ,전기 및 통신 공사업,1115980331.1523438,502,0.6307152135562248,0.39780168061127424,0.06662224959861261,0.2655230899042497,0.19890084030563712,0.7490905607394173,0.44687053374814595,0.012567032922063416,0.35279497083772166,0.4520534936903496,0.39702686017559663,0.2667872106848798,0.13271575118453782,0.5117842130824127,6.820300386662261,972.1549247205154,7.92939987105709e-212,11.860451809939379,0.29450453927097126,False,True,0.6589675350613707
605,263800.KQ,263800,데이타솔루션,KOSDAQ,기계장비 및 관련 물품 도매업,564582322.5,502,0.6302547279782773,0.39722102213897226,0.06393411627542613,0.26254462734491224,0.19861051106948613,0.7564828618967164,0.44654427328767526,0.012548689223447863,0.3522800072295044,0.45139364557044803,0.39644596572317026,0.2659114001841852,0.1273608189296187,1.2862658181023052,9.845876833942292,2120.3457242758477,0.0,117.33212420649468,1.75832513610721e-20,False,False,0.12118448793244319
606,950140.KQ,950140,잉글우드랩,KOSDAQ,기타 화학제품 제조업,1727756254.9921875,502,0.6301718029555229,0.3971165012402144,-0.4107096692637309,-0.21215141864362372,0.1985582506201072,,0.4464855197513995,0.012545387282707654,0.3521873116748438,0.4512748702113934,0.3969948072444963,-0.21461266732600054,-0.8181597379777497,-0.9296457821070248,10.980985053105096,2538.774589471938,0.0,9.942067339457225,0.44559056733387825,False,True,0.48802361452619836
607,034020.KS,034020,두산에너빌리티,KOSPI,일반 목적용 기계 제조업,277882413300.0,502,0.6299761987684158,0.3968700110147026,0.6874716836384154,0.8859066891457666,0.1984350055073513,0.22399086488295034,0.44634693145415033,0.012537600360404525,0.35196870899878774,0.45099476388446214,0.39795489884242524,0.8869972507926931,1.36948724280351,-0.0403191246859304,1.346551139411762,36.649356923422914,1.1007615761942116e-08,15.89549607864055,0.10266327883681363,False,True,0.936717257080742
608,035510.KS,035510,신세계I&C,KOSPI,"컴퓨터 프로그래밍, 시스템 통합 및 관리업",1385075763.2109375,502,0.629876185476299,0.396744009030173,0.17988525449981385,0.37825725901490037,0.1983720045150865,0.5244367418928296,0.44627607064047475,0.012533619806362131,0.3518569626974917,0.45085157786968455,0.3960820898776339,0.38472752502737784,0.35834284824962914,2.381390939986751,13.561381187786566,4235.714559127141,0.0,28.356578582505687,0.0015824576276569284,False,False,0.04124060400088325
609,376300.KQ,376300,디어유,KOSDAQ,소프트웨어 개발 및 공급업,5946792400.884766,502,0.6298231590847501,0.39667721171949444,-0.13689873930290908,0.06143986655683814,0.19833860585974722,3.2281744244392816,0.44623850070180054,0.01253150959908218,0.35179772273843307,0.4507756708056044,0.39596138816915366,0.06272176397098332,-0.2727109806748427,0.6053617733216473,3.4943385799618856,279.1068252526087,2.4701479467912134e-61,12.375067155682656,0.26073847099231884,False,True,0.8023973123469387
610,241710.KQ,241710,코스메카코리아,KOSDAQ,기타 화학제품 제조업,6852418810.261719,502,0.629677964135122,0.39649433851735194,0.22974377850229522,0.4279909477609712,0.19824716925867597,0.4632041175071654,0.4461356280530309,0.012525732414962805,0.35163553954725674,0.45056785753089973,0.39591396234728143,0.42794525527654165,0.4576641936831436,-0.031350386656795695,2.703614881208787,148.61799682545282,5.345791715132155e-33,6.183151336757165,0.7996480261660787,False,True,0.8762473045684849
611,204620.KQ,204620,글로벌텍스프리,KOSDAQ,금융 지원 서비스업,4354961940.0,502,0.6291565631653275,0.39583798097400674,0.13525514440604317,0.33317413489304654,0.19791899048700337,0.5940406825113783,0.4457662081870424,0.01250499729176476,0.35105344135197564,0.4498219865729809,0.3951220541554624,0.329301060780653,0.26943683528505424,-1.5527004075651585,14.194911592088456,4324.803173993292,0.0,10.771453625678557,0.3755989836054375,False,True,0.44648663949565615
612,086960.KQ,086960,MDS테크,KOSDAQ,소프트웨어 개발 및 공급업,1064449180.0,502,0.6283754252897314,0.3948556751080509,-0.23882353285011235,-0.04139569529608689,0.19742783755402546,,0.4452127610973007,0.012473965069532734,0.3501822721583185,0.4487057147716766,0.3942954460493174,-0.04005373318137194,-0.4757516408363349,0.600750460528195,6.82071352481549,980.5019752321452,1.220959703428744e-213,5.837593880457359,0.8287182774635421,False,True,0.6530178606814232
613,005090.KS,005090,SGC에너지,KOSPI,전기업,660981065.7783203,502,0.6282397100232496,0.3946851332500968,0.5199895298643653,0.7173320964894137,0.1973425666250484,0.275106282837242,0.44511660493637895,0.012468577447388439,0.35003102516079176,0.44851191457809736,0.394971880548424,0.720977896776259,1.0358521586980611,1.0796055372699427,8.362845010564268,1526.744044648527,0.0,314.4107137471822,1.391103561639551e-61,False,False,0.20169827203994517
614,079370.KQ,079370,제우스,KOSDAQ,특수 목적용 기계 제조업,3436190215.1953125,502,0.6280263221309907,0.3944170612893789,-0.2087829170179391,-0.011574386373249645,0.19720853064468946,,0.44496541663576467,0.012460108732146594,0.34979328247599834,0.44820728321953524,0.3938043473387309,-0.010913162254430644,-0.41590882675795804,0.36305450107500564,4.493876466353926,422.80598389418856,1.5447106455218766e-92,25.01805433124276,0.005311388806049619,False,False,0.423571925609073
615,278470.KS,278470,에이피알,KOSPI,기타 화학제품 제조업,70052242924.39844,502,0.6280091435162557,0.39439548434002103,0.9714810640924498,1.1686788062624602,0.19719774217001051,0.16873561932783449,0.4449532453474071,0.012459427090398573,0.3497741467116451,0.4481827636264419,0.3973549766707552,1.171995513735359,1.9352519610095626,0.35173057836185256,3.1819409555133555,216.30987463644894,1.0688272854179528e-47,4.736929934677669,0.9080444383972575,False,True,0.8333639517777756
616,382840.KQ,382840,원준,KOSDAQ,특수 목적용 기계 제조업,613099672.2216797,502,0.6280034979742432,0.3943883934678853,-0.4074098562918064,-0.21021565955786378,0.19719419673394264,,0.44494924540207803,0.012459203081230387,0.3497678580905802,0.44817470570794005,0.39426142108701157,-0.20956667334037685,-0.8115863010257414,0.3038116055268017,6.647881880945668,910.5213439388729,1.917795680442644e-198,30.58054143687955,0.0006879724631914232,False,False,0.3305912083223248
617,211270.KQ,211270,AP위성,KOSDAQ,통신 및 방송 장비 제조업,1236616530.0,502,0.6274870775528536,0.39374003249582085,-0.25966980872506346,-0.06279979247715303,0.19687001624791042,,0.4445833543241641,0.012438720579324427,0.349192851746011,0.44743792188605214,0.39322326285542875,-0.06140244841862377,-0.5172787459523089,0.6303191161538316,6.054436380810817,781.6244872117359,1.8724021957199522e-170,23.76774655448101,0.008241310750235358,False,False,0.3355290884532578
618,074600.KQ,074600,원익QnC,KOSDAQ,유리 및 유리제품 제조업,5970894591.417969,502,0.6273566611363746,0.39357638027217984,-0.0593149428859361,0.1374732472501538,0.19678819013608992,1.4314653510584747,0.44449095247244264,0.012433550609003776,0.3490477148994842,0.4472519509285302,0.39280632493733747,0.13795925923911517,-0.11815913225690444,0.2939537330395289,3.261105069117953,223.62600252944475,2.755691176731641e-49,94.2172051755235,7.777317703706951e-16,False,False,0.48365335635372353
619,950210.KS,950210,프레스티지바이오파마,KOSPI,자연과학 및 공학 연구개발업,1369940845.0,502,0.6272540560188327,0.39344765079207683,-0.24070866336286487,-0.04398483796682645,0.19672382539603842,,0.44441825531427087,0.012429483890100002,0.34893354968753965,0.44710566544493924,0.3928938137879552,-0.04176855648073578,-0.47950694050856413,0.9786941046665498,3.267624551033533,296.9699765807545,3.2642915441446717e-65,40.91769646997833,1.1669086305323485e-05,False,False,0.4377106215590544
620,086820.KQ,086820,바이오솔루션,KOSDAQ,기초 의약물질 제조업,637720900.0,502,0.6270219014631725,0.3931564649144924,0.12562053258330813,0.32219876504055434,0.1965782324572462,0.6101147918195882,0.44425377057064946,0.012420284978460363,0.3486753081611768,0.44677476791561493,0.39243590580949345,0.3241074485515804,0.2502440768127805,0.7866090683464874,2.683196922624642,197.75114052323786,1.1452108140409035e-43,22.62829471298574,0.012204954759185555,False,False,0.4768155339254586
621,267270.KS,267270,HD건설기계,KOSPI,특수 목적용 기계 제조업,14301459325.890625,502,0.626761565538261,0.3928300600359718,0.41802047843767626,0.6144355084556622,0.1964150300179859,0.31966744648540973,0.44406931893349444,0.012409973456276778,0.34838583226096936,0.4464038482516606,0.3927409471803179,0.6172513099311658,0.832723334030609,0.9078581482670032,4.677038869179247,514.7407803866951,1.680582100820648e-112,2.1061748555682427,0.9954597082816532,False,True,0.7290093743358004
622,009070.KS,009070,케이씨티시,KOSPI,도로 화물 운송업,871439091.3486328,502,0.625830158129938,0.39166338682494317,0.009120018367996273,0.20495171178046787,0.19583169341247159,0.9555016238275429,0.4434094037820151,0.012373116848155473,0.3473511547783868,0.4450780652629361,0.39088351093356505,0.20830266007906761,0.018167655637833846,1.3367314950872329,9.20767463179774,1882.3503730259797,0.0,62.71127357326288,1.108143509662984e-09,False,False,0.14653920856328617
623,053030.KQ,053030,바이넥스,KOSDAQ,의약품 제조업,5449560610.0,502,0.6248270611182777,0.39040885630570393,-0.48067428283439684,-0.28546985468154484,0.19520442815285197,,0.4426986955457663,0.012333484722135324,0.34623856003703246,0.4436524430702601,0.39054800563562636,-0.2839460419514795,-0.9575336904082032,0.6587973598225438,2.985844289700392,217.4151568455917,6.150331857417812e-48,13.6215477164805,0.19096420529992536,False,True,0.8217171829753127
624,102710.KQ,102710,이엔에프테크놀로지,KOSDAQ,기타 화학제품 제조업,3658287210.5478516,502,0.6246292491282645,0.3901616988665395,0.32947295502408974,0.5245538044573594,0.19508084943326975,0.3718986456214478,0.44255854298933667,0.012325676721751467,0.3460193656349164,0.4433715785357157,0.38981524793050565,0.5256002219076893,0.656331045325766,0.3315513124205312,1.7947488073516888,74.30193118083955,7.33737383515532e-17,50.930158055404384,1.7990220591841955e-07,False,False,0.5471328828411386
625,264660.KQ,264660,씨앤지하이테크,KOSDAQ,특수 목적용 기계 제조업,800227555.4042969,502,0.6229893846670884,0.3881157734078774,0.07507569426635062,0.26913358097028933,0.1940578867039387,0.7210467233569098,0.4413966761256717,0.012261043478986917,0.34420491323889907,0.4410466317180023,0.3873650009244441,0.26999819311100975,0.1495555496893175,0.4015313423535825,3.7764510834260667,303.9544470427124,9.934143970131286e-67,21.40929218581505,0.018413577860944087,False,False,0.45329094508892154
626,439260.KS,439260,대한조선,KOSPI,선박 및 보트 건조업,16196575208.191406,251,0.6229802934141949,0.38810444598243643,-0.5226918211885337,-0.32863959819731553,0.19405222299121822,,0.6242200564183724,0.01735655847173246,0.32813609401624644,0.4662524657180769,0.387642366859827,-0.3258104758048377,-0.5206176472949284,1.2688181621506307,8.30517948701862,755.5723312082105,8.502623304260502e-165,17.996269677929266,0.05502659933345212,False,True,0.5416790456074534
627,006650.KS,006650,대한유화,KOSPI,기초 화학물질 제조업,3352727520.0,502,0.6228780871372467,0.38797711143575553,-0.1450602333801831,0.048928322337694674,0.19398855571787776,3.9647497900909596,0.4413178202720372,0.012256662980729553,0.34408193928279146,0.4408890591586221,0.3872877505342422,0.0496510085700332,-0.2889691950668727,0.40077707774462773,3.851861697293378,315.66145912170884,2.850920303701675e-69,18.86867621724553,0.04196274893053704,False,False,0.4499477517721562
628,103140.KS,103140,풍산,KOSPI,1차 비철금속 제조업,19180338889.92383,502,0.6217295688432413,0.3865476567740027,0.1707031484289062,0.36397697681590757,0.19327382838700136,0.5310056423836815,0.4405040790271291,0.012211504790931962,0.3428142110647206,0.43926465683602667,0.38589327471544727,0.3652487889887591,0.34005150996551947,0.5151339251328152,4.07520983506483,360.5629728137328,5.06693419615679e-79,44.07032039892484,3.1972984332482806e-06,False,False,0.4322732957465617
629,003570.KS,003570,SNT다이내믹스,KOSPI,자동차 신품 부품 제조업,3759479312.6035156,502,0.6206090320081468,0.385155570610089,0.2748325131362341,0.46741029844127857,0.1925777853050445,0.4120101460050271,0.43971016303648763,0.012167527116867412,0.3415796235264103,0.43768271929129776,0.3846880622084985,0.4677952672825144,0.547483815850752,0.12105269815598754,1.3710066678239974,39.08341480678839,3.2594498828666315e-09,6.8562575973502256,0.738941868457669,False,True,0.9302345200708543
630,140860.KQ,140860,파크시스템스,KOSDAQ,"측정, 시험, 항해, 제어 및 기타 정밀기기 제조업; 광학기기 제외",7223435787.484375,502,0.6199331913333649,0.3843171617167704,0.2796436114847126,0.47180219234309784,0.1921585808583852,0.407286324601574,0.4392313204834983,0.012141040772847209,0.34083607100895014,0.436729968994257,0.38386190932212966,0.4716777449762447,0.5570678292274831,-0.15707330105912706,8.741024595816945,1564.2956702492847,0.0,106.00254659311108,3.4053312045756392e-18,False,False,0.2461823397842957
631,008730.KS,008730,율촌화학,KOSPI,플라스틱제품 제조업,2163913365.129883,502,0.6187064011761242,0.38279761085631114,-0.38359522465267115,-0.19219641922451558,0.19139880542815557,,0.43836212253079304,0.0120930363359107,0.33948843994646094,0.4350031832394677,0.38261897572102,-0.19189617918912516,-0.7641460427604798,0.21169546011681556,3.6033191538630014,268.1618753757294,5.880153098809071e-59,23.362720829466202,0.009484064957177392,False,False,0.47373760740171056
632,011170.KS,011170,롯데케미칼,KOSPI,기초 화학물질 제조업,10019462713.361328,502,0.6183290824855209,0.38233085424738605,-0.292147774532824,-0.10098234740913095,0.19116542712369303,,0.43809478697103643,0.012078290933975899,0.33907449150868413,0.43447277081023056,0.3819079307545022,-0.10055841143894194,-0.581976915934435,0.27167767439107415,4.747342000448947,465.88241304035216,6.837847336512569e-102,22.446918121883883,0.012982864764259229,False,False,0.41825776502039247
633,448710.KQ,448710,코츠테크놀로지,KOSDAQ,컴퓨터 및 주변장치 제조업,1523633902.5927734,502,0.6182861576137275,0.38227777269674706,-0.42327197429216723,-0.2321330879437937,0.19113888634837353,,0.43806437410012883,0.012076614024030699,0.3390274155283089,0.43441245004843804,0.3822272122537529,-0.23133787720438279,-0.8431846472010633,0.4106515528660797,2.3796985728094224,128.96117400663624,9.918291647464344e-29,41.629095406358736,8.728092369143526e-06,False,False,0.515536794032504
634,372320.KQ,372320,큐로셀,KOSDAQ,자연과학 및 공학 연구개발업,2522574300.0,502,0.618226496416328,0.382204000871208,-0.09024255891008791,0.10085944152551608,0.191102000435604,1.894735857597008,0.43802210330888586,0.012074283483448654,0.3389619901409658,0.43432861729182515,0.38147495466665043,0.10153713966009092,-0.17976890703517512,0.38411238325273367,3.73341915853357,296.21165121876135,4.769328099010139e-65,26.80526364691797,0.0027955515665916697,False,False,0.4563886456491405
635,018290.KQ,018290,브이티,KOSDAQ,기타 화학제품 제조업,14183957375.0,502,0.6175409241821589,0.38135679303975495,-0.47482018502931406,-0.2841417885094366,0.19067839651987747,,0.43753636581021565,0.012047519170403672,0.3382106341845714,0.43336586806587496,0.38149177770921866,-0.28164083666519873,-0.9458719558917288,1.0542672808004077,5.411976876356951,690.2966521415472,1.270534754437735e-150,53.16599308418791,6.935667415874909e-08,False,False,0.3361765551772433
636,083310.KQ,083310,엘오티베큠,KOSDAQ,특수 목적용 기계 제조업,1086978600.0,502,0.6174294873366986,0.38121917183285847,-0.20847522307690391,-0.01786563716047468,0.19060958591642924,,0.43745741124952053,0.012043171551169926,0.3380885832430091,0.43320947821028705,0.3806322390232547,-0.01846706605150109,-0.41529588089129277,-0.12037892016012057,3.1042247407835433,197.24791137061572,1.472855912230354e-43,51.6848317385354,1.3050997102999851e-07,False,False,0.5022846253207325
637,405100.KQ,405100,큐알티,KOSDAQ,"그외 기타 전문, 과학 및 기술 서비스업",723534235.0957031,502,0.6172954457547926,0.381053667349608,-0.15063811195379145,0.03988872172101254,0.190526833674804,4.776458744588911,0.43736244091748583,0.012037943065743312,0.33794180369886,0.4330214023837601,0.38038464328630534,0.03979820214486681,-0.30008068333652105,0.09130609612507472,2.6300740110394223,141.2236671068489,2.1561071048583884e-31,39.50095489001457,2.0739192009358414e-05,False,False,0.525559596428221
638,006400.KS,006400,삼성SDI,KOSPI,일차전지 및 이차전지 제조업,130874168568.64062,502,0.6171924950168871,0.38092657590517026,0.1897292978049962,0.3801925857575813,0.19046328795258513,0.5009652872979182,0.4372894988824615,0.012033928094353783,0.3378290911975824,0.43287697832957317,0.38031060408220474,0.380879956384793,0.377952807532175,0.29277340001613594,2.5651913450918116,140.7798585358696,2.691795962472989e-31,28.398214259228286,0.0015582515096461613,False,False,0.515048162803126
639,361610.KS,361610,SK아이이테크놀로지,KOSPI,일차전지 및 이차전지 제조업,4369697600.0,502,0.6167626574195259,0.3803961755871954,-0.4921666637946761,-0.3019685760010784,0.1901980877935977,,0.43698495294408973,0.01201717211120253,0.33735869960842485,0.43227424252306124,0.380599636602478,-0.301120162955829,-0.9804272429560612,0.39727651523156915,3.1403434694438275,213.775437803896,3.7953645573327065e-47,24.20056672005973,0.007085455681919994,False,False,0.4821994428595898
640,037440.KQ,037440,희림,KOSDAQ,"건축기술, 엔지니어링 및 관련 기술 서비스업",519571966.5373535,502,0.615667766848775,0.37904679913655753,-0.17530190888543556,0.014221490682843202,0.18952339956827877,13.326549501376793,0.43620920768976407,0.01197454368828243,0.33616198966788274,0.4307408394014933,0.37841367328888115,0.018082642928102775,-0.34921253277971687,1.6142350871984488,12.651838245832149,3492.39592345643,0.0,18.309637150939356,0.04995977907641752,False,False,0.0923843275201034
641,317850.KQ,317850,대모,KOSDAQ,특수 목적용 기계 제조업,712066928.5732422,502,0.6155923776115347,0.3789539753734224,-0.20612132571542532,-0.016644338028714123,0.1894769876867112,,0.43615579336272653,0.011971611274106914,0.33607966785175064,0.43063535642224027,0.3783676822179892,-0.012942398031166556,-0.41060676789342665,1.5627598479553604,11.292947760680587,2812.325529109596,0.0,11.301684189913654,0.33450213844995524,False,True,0.44581601013630934
642,181710.KS,181710,NHN,KOSPI,소프트웨어 개발 및 공급업,1878154618.3632812,502,0.6147198412873276,0.37788048327231727,0.651801922532087,0.8407421641682457,0.18894024163615863,0.22473030340173203,0.4355375891961985,0.011937698369175407,0.335127629102387,0.4294154624941708,0.3788136291239589,0.8450564978718881,1.298430813932967,1.281926529674571,7.0622571684448445,1155.7932197536784,1.0536375016832463e-251,112.52041814537581,1.6539218395960173e-19,False,False,0.2467366587750106
643,003350.KS,003350,한국화장품제조,KOSPI,기타 화학제품 제조업,2605581253.5546875,502,0.6144397037119123,0.3775361494975826,-0.019679229821759146,0.16908884492703213,0.1887680747487913,1.1163839627046446,0.4353391078132255,0.011926820451624583,0.3348222527554865,0.4290241688082687,0.3767856222487523,0.17065870961292634,-0.03920227527985354,0.7368461467371562,4.446802545356838,448.39274508004553,4.2929175071541326e-98,25.365453510708885,0.004694194661559493,False,False,0.40077080900979856
644,003780.KS,003780,진양산업,KOSPI,플라스틱제품 제조업,546239624.4504395,502,0.6142406544686413,0.3772915816020648,-0.22323361825963764,-0.03458782745860525,0.1886457908010324,,0.4351980786455903,0.01191909425803503,0.3346053549197748,0.42874624697685904,0.3767377557316858,-0.036034747326709214,-0.4446955411362623,-0.624889387729599,19.4417691169465,7772.7308724599725,0.0,56.98841721574816,1.3396240785589935e-08,False,False,0.15834070748469342
645,095700.KQ,095700,제넥신,KOSDAQ,자연과학 및 공학 연구개발업,725999940.0,502,0.6125819021035319,0.37525658678478113,-0.49044880369816185,-0.3028205103057713,0.18762829339239057,,0.43402282943830867,0.011854806327361297,0.33280059648809773,0.42643372151095044,0.375463587628334,-0.29829143135387626,-0.9770051565733224,1.8484312109362468,12.2034300998617,3331.546478090939,0.0,4.103049671194457,0.9425784937707762,False,True,0.4267712526042502
646,058970.KQ,058970,엠로,KOSDAQ,소프트웨어 개발 및 공급업,2912295900.0,502,0.6108213190128905,0.3731026837606473,-0.6167802491293016,-0.430228907248978,0.18655134188032366,,0.43277543174040495,0.011786761943602968,0.3308903829530044,0.42398607125056514,0.373869046067782,-0.4296031121033693,-1.2286654169163072,0.23608450754203913,3.101069686770236,200.27826431501154,3.2368865752029575e-44,28.95731444851707,0.0012660250225431536,False,False,0.49471289692587017
647,337930.KQ,337930,젝시믹스,KOSDAQ,기타 정보 서비스업,976210714.3935547,502,0.6105065655755828,0.37271826661089336,-0.48172752668263524,-0.29536839337718857,0.18635913330544668,,0.43255242453603504,0.011774617744087923,0.33054945820646087,0.42354922765726066,0.3728966785553051,-0.293404126405566,-0.9596318190265194,0.832545534956613,8.090117196815427,1395.5876960409946,8.953282722660996e-304,63.33707845228277,8.421181943199209e-10,False,False,0.23044169047953156
648,091120.KQ,091120,이엠텍,KOSDAQ,전자부품 제조업,915524000.0,502,0.6102310501670413,0.3723819345879701,-0.9014137228573623,-0.7152227555633772,0.18619096729398504,,0.43235721802281873,0.011763992611488368,0.330251178304685,0.423167026994436,0.3748645295712206,-0.7126340657794215,-1.7956733685491901,0.7776578312355457,4.56574849409286,475.454074969865,5.707677431961302e-104,28.93085607478623,0.0012785655147688928,False,False,0.39269746235011826
649,101930.KQ,101930,인화정공,KOSDAQ,선박 및 보트 건조업,617986566.2915039,502,0.6099311474379491,0.3720160046149732,0.3447922559602385,0.5308002582677251,0.1860080023074866,0.3504293741576664,0.4321447327525391,0.01175243244409351,0.3299266491223202,0.4227511918413892,0.37174668965356206,0.5331717009382182,0.6868480654446021,0.8671303164902943,5.3808267231338895,653.5150078869385,1.2331591135067954e-142,12.12774152459844,0.27659822944691886,False,True,0.7000541096929553
650,082920.KQ,082920,비츠로셀,KOSDAQ,일차전지 및 이차전지 제조업,3106781729.8447266,502,0.6095385717023656,0.3715372703929598,0.6050958027524403,0.7908644379489203,0.1857686351964799,0.2348931451239159,0.43186658736342187,0.011737308654973978,0.3295020782013661,0.4222071683036361,0.3722500965089427,0.7922739367872278,1.2053892578639882,0.21139936425162467,1.6742768379886224,60.36720505867215,7.788036487415392e-14,127.08921193921702,1.8314497476500517e-22,False,False,0.5605642513404037
651,041440.KQ,041440,현대에버다임,KOSDAQ,특수 목적용 기계 제조업,1767908272.701416,502,0.6090380249179826,0.37092731579599725,-0.028902196461594854,0.15656146143640376,0.18546365789799862,1.184606072250642,0.4315119429789271,0.011718039456590468,0.32896113298988017,0.42151402868158694,0.3701917315897546,0.15915208144029383,-0.057575010411589744,1.1553140245256242,8.049895198799758,1435.6586914540437,0.0,27.90819944521878,0.0018673542176887124,False,False,0.210733781085636
652,215600.KQ,215600,신라젠,KOSDAQ,자연과학 및 공학 연구개발업,1948385440.0,502,0.608989456617549,0.37086815827133757,-0.19424383905560433,-0.008809759919935545,0.18543407913566878,,0.43147753166004416,0.011716170599327613,0.3289086684624426,0.42144680331024265,0.37027910195659,-0.0037860932399722083,-0.38694606034092605,2.155440310093442,13.368478319441572,4044.044267888231,0.0,71.92490832240306,1.8815260563223366e-11,False,False,0.05630397932710385
653,094170.KQ,094170,동운아나텍,KOSDAQ,반도체 제조업,3692240658.165039,502,0.6073883978867022,0.3689206658873748,0.24255160480628268,0.4270119377499701,0.1844603329436874,0.4319793350875712,0.4303431591980552,0.01165464697562869,0.32718151256468203,0.4192337137758975,0.3684192216267619,0.42798999844726376,0.4831781968760076,0.39598643470398565,2.5450458315377906,144.59129651543316,4.0031226461228224e-32,68.62931110044153,8.149078767135624e-11,False,False,0.5090738419338671
654,039560.KQ,039560,다산네트웍스,KOSDAQ,통신 및 방송 장비 제조업,683172339.1630859,502,0.6072338016570981,0.36873288987493186,-0.13051666143420287,0.053849783503263055,0.18436644493746593,3.4237174774582733,0.4302336256111783,0.011648714905842765,0.32701498126010825,0.4190203290503085,0.3680659598205882,0.05537931685634921,-0.25999747634908665,0.7681718336768635,4.275006252847671,421.6770831425567,2.7163443413070546e-92,33.028104814171556,0.0002694393344595345,False,False,0.4064132630433972
655,375500.KS,375500,DL이앤씨,KOSPI,토목 건설업,9176215627.67871,502,0.6068276104331556,0.36823974878401367,0.39474765777239834,0.5788675321644052,0.18411987439200683,0.3180690989932989,0.4299458334584831,0.011633135986429281,0.3265776334426681,0.418459933848636,0.36812455947293626,0.581076190010908,0.7863623976259682,0.7218206076946708,9.918335708551243,2055.4064094335727,0.0,36.27216590136549,7.557438190495261e-05,False,False,0.1555535192688826
656,073490.KQ,073490,LIG아큐버,KOSDAQ,통신 및 방송 장비 제조업,749000045.6484375,502,0.6061746508738018,0.3674477073619756,0.2279501139730761,0.4116739676540639,0.1837238536809878,0.4462848470306333,0.4294832024952007,0.011608114446522521,0.32587520244750284,0.41755987457430205,0.36692193527163747,0.4134897290614359,0.454091100057477,0.7488072594992772,4.5836595564865705,475.1425805379182,6.669596760625247e-104,151.10954308468428,2.2034829751339027e-27,False,False,0.3938148359914859
657,085670.KQ,085670,뉴프렉스,KOSDAQ,전자부품 제조업,1050721878.9526367,502,0.6056398999490558,0.3667996884103023,-0.2886676108194788,-0.10526776661432763,0.18339984420515115,,0.42910432399976023,0.011587642749451546,0.3253004994276298,0.4168234794172194,0.3663996823335601,-0.10514786879030104,-0.5750442088546759,0.16734084696475562,3.453560474047517,245.16925818073054,5.783250710843344e-54,30.63823364353452,0.0006730980994846614,False,False,0.48343372220354475
658,018880.KS,018880,한온시스템,KOSPI,일반 목적용 기계 제조업,6927011675.0,502,0.605467441559303,0.36659082278836796,-0.08446596802562827,0.09882944336855572,0.18329541139418398,1.8546640064604731,0.42898213482305775,0.011581044433569365,0.32511526456163803,0.416586128901349,0.36588887369216627,0.09977030420912164,-0.16826157122565633,0.5109681291097334,4.626107799277312,458.21828809563345,3.1561888878471915e-100,109.43957684737651,6.92123137585932e-19,False,False,0.4077606070918721
659,000520.KS,000520,삼일제약,KOSPI,의약품 제조업,2069442270.0,502,0.6054399594509386,0.3665575444999542,-0.11438697168851121,0.06889180056146589,0.1832787722499771,2.6603858624141217,0.42896266336562444,0.011579993132465148,0.32508575133089346,0.4165483121517607,0.36587927232824924,0.06961453745276283,-0.22786611026838344,0.4476855870699104,1.9002740163028067,89.77066376628697,3.2103179328452667e-20,46.02618366888182,1.4186582897982136e-06,False,False,0.534641963461713
660,038460.KQ,038460,바이오스마트,KOSDAQ,전자부품 제조업,507330865.0,502,0.6048707378817829,0.3658686095456526,-0.22179652106437808,-0.03886221629155179,0.1829343047728263,,0.42855936193740085,0.011558228849723646,0.3244747614860581,0.4157654209067089,0.36533500069665287,-0.03473006920877808,-0.44183275227903884,1.811941143397929,13.601432894355547,4059.406757753192,0.0,8.468333311783667,0.5831899077574474,False,True,0.4292039237734714
661,336570.KQ,336570,원텍,KOSDAQ,의료용 기기 제조업,4780020513.725342,502,0.6044615573261799,0.3653737742851907,-0.11129632654064925,0.0713905606019461,0.18268688714259534,2.5589781842617345,0.4282694518014923,0.011542596409459274,0.3240359111749788,0.41520310048626924,0.36469509233659975,0.07205114648067601,-0.22170934890240446,0.39825682795614653,4.43916669019218,415.0414492133989,7.497119317487114e-91,17.410595836944587,0.06575808200477491,False,True,0.7736870437442754
662,048530.KQ,048530,인트론바이오,KOSDAQ,기초 의약물질 제조업,511181765.0,502,0.604263308081002,0.36513414549299594,-0.43925615206477825,-0.2566890793182803,0.18256707274649797,,0.4281289894436743,0.01153502624807645,0.32382339363954676,0.4149307913483742,0.3651724452371416,-0.25382940151099165,-0.8750261441925344,1.2186527208014823,12.946123168981432,3553.502942335286,0.0,140.10843873088587,4.0041744482445215e-25,False,False,0.11875648527990113
663,058470.KQ,058470,리노공업,KOSDAQ,전자부품 제조업,24360951418.10547,502,0.6042089212129352,0.365068420473299,0.23746173997841946,0.41999595021506897,0.1825342102366495,0.4346094531225325,0.42809045558839454,0.011532949915756624,0.3237651046540109,0.41485610281329505,0.3645649547581708,0.4209625662147582,0.4730388629728832,0.3990225369851847,2.759710448259858,168.0338964629082,3.2501469455197116e-37,55.118137300355535,3.001583888536201e-08,False,False,0.4992115273626274
664,006220.KS,006220,제주은행,KOSPI,은행 및 저축기관,1864326390.5981445,502,0.6032571526838704,0.36391919226425046,-0.07254463847625683,0.1094149576558684,0.18195959613212523,1.6630230457559927,0.4274161142986232,0.011496644416202463,0.32274589847098484,0.41355014395925094,0.36321513746190726,0.11395685835017352,-0.14451352585349575,2.0052284123743527,12.745718686210525,3658.932850986339,0.0,31.795103162741473,0.00043315980509585697,False,False,0.06631810584170983
665,450950.KQ,450950,아스테라시스,KOSDAQ,의료용 기기 제조업,1511854400.0,376,0.6024777265112049,0.36297941094211017,-0.055564898979618756,0.12592480649143634,0.18148970547105508,1.441254590956211,0.4932275691738211,0.01325413408552875,0.31615161343434045,0.42109912663998494,0.36202629198578284,0.1275042676334922,-0.08290635720768513,0.8686554512999712,2.3869343991606256,132.64908511632183,1.5689790773919442e-29,5.836964244307818,0.8287696843398384,False,True,0.8346775886177737
666,025320.KQ,025320,시노펙스,KOSDAQ,전자부품 제조업,3657225643.772461,502,0.6008040214104864,0.3609654721430122,-0.4174577240690902,-0.2369749879975841,0.1804827360715061,,0.42567803654509895,0.011403332849622042,0.3201263579943489,0.41019359831033003,0.3609379688120124,-0.23615359021169013,-0.8316022915979495,0.4312615772125613,4.408939036244892,411.8495926437223,3.6982585533696895e-90,64.88503533147055,4.2638055037707323e-10,False,False,0.4228469715548091
667,082850.KQ,082850,우리바이오,KOSDAQ,기타 식품 제조업,853711692.5,502,0.5996116278070985,0.35953410420147847,-0.6019632045032396,-0.42219615240250036,0.17976705210073923,,0.42483320903098304,0.011358114217017977,0.3188569329622186,0.40856702177668536,0.3602558361224318,-0.41860717055929414,-1.1991489232564536,1.4855860350774959,11.772025216239168,3019.0823476447113,0.0,10.699353078022522,0.3814158066580277,False,True,0.4509609309948336
668,204320.KS,204320,HL만도,KOSPI,자동차 신품 부품 제조업,10965550959.847656,502,0.5993100879857607,0.3591725815615002,0.1924621550978471,0.3720484458785972,0.1795862907807501,0.48269598427337806,0.42461956385799315,0.011346693282567181,0.31853631247355624,0.4081561950245229,0.3586040891294921,0.37317704814073704,0.3833968327742827,0.4724194520476179,6.923382951101601,997.9294794616105,2.0061660221518097e-217,53.96608357165605,4.9233528855542456e-08,False,False,0.30695313706392
669,063170.KQ,063170,서울옥션,KOSDAQ,상품 중개업,591738715.0,502,0.5972316124970861,0.35668559896586965,-0.18486346219649533,-0.006520662713560499,0.17834279948293483,,0.4231469349582248,0.011268126515056641,0.3163307035104388,0.405330040118957,0.35611068297813453,-0.004361289492246417,-0.36825975405809785,1.0628338975486236,7.160517578292463,1141.674132298823,1.2263434207725156e-248,22.637346092351322,0.012167314388274938,False,False,0.2569211158069309
670,314930.KQ,314930,바이오다인,KOSDAQ,의료용 기기 제조업,1524897520.0,502,0.5971033803598643,0.35653244683717683,-0.27133381248183147,-0.09306758906324306,0.17826622341858842,,0.4230560806988502,0.011263288255347911,0.3161948787932257,0.40515600124929885,0.3561143737831278,-0.09235092670879473,-0.5405141820074579,0.4462245589279225,3.0620907575781233,207.29648558452882,9.685902573671557e-46,37.53864946717993,4.564849177131865e-05,False,False,0.48245761198045634
671,054210.KQ,054210,이랜텍,KOSDAQ,전자부품 제조업,880076068.0283203,502,0.5966064038406548,0.35593920110367844,0.004168185571175325,0.18213778612301454,0.17796960055183922,0.9771152067898742,0.4227039658970726,0.011244546910031591,0.31566875202843286,0.40448184922954683,0.3552302278139397,0.1826761524535723,0.008303290304484179,0.34574796076591036,2.938961156282904,185.58935002298088,5.009388247057492e-41,30.19919992210847,0.0007946658094413611,False,False,0.4946968839162087
672,114840.KQ,114840,아이패밀리에스씨,KOSDAQ,기타 화학제품 제조업,1992650381.1591797,502,0.5959456895025095,0.35515126483662146,-0.6304959427175127,-0.452920310299202,0.17757563241831073,,0.4222358405647577,0.011219655056901718,0.3149699617369208,0.4035864549673077,0.3560212728871208,-0.45266585410238586,-1.255987949381712,0.07550073698504599,1.6942002625059587,58.49074046578801,1.9902016714297004e-13,23.75284776247237,0.008284137463909215,False,False,0.5687276057215621
673,214680.KQ,214680,디알텍,KOSDAQ,의료용 기기 제조업,900673707.5,502,0.5954351915609646,0.35454306734924257,-0.6396267328203082,-0.46235519914568696,0.17727153367462128,,0.42187414564649306,0.01120044136772056,0.3144305748381684,0.4028953120877682,0.3554603076769149,-0.46090431086468414,-1.2741770629991853,0.5485085517096006,8.28619906637817,1428.7047424183236,5.763775403482e-311,9.233956902296098,0.5100536223500806,False,True,0.5905538052323422
674,119830.KQ,119830,아이텍,KOSDAQ,"그외 기타 전문, 과학 및 기술 서비스업",846604260.0,502,0.594792738339364,0.35377840158123913,0.015747120406865964,0.19263632119748553,0.17688920079061957,0.9182546660516713,0.4214189585701799,0.011176284657607855,0.3137524222549293,0.4020263619330071,0.3530746477445675,0.19442513961171992,0.0313692636676457,0.8651687285761578,7.9496187606313065,1354.0581015051794,9.332954959705322e-295,44.79415993404948,2.3687675682680543e-06,False,False,0.23458924053318064
675,243840.KQ,243840,신흥에스이씨,KOSDAQ,일차전지 및 이차전지 제조업,1095146908.5466309,502,0.5943483688852946,0.3532499835966103,-0.18577825454013083,-0.00915326274182568,0.17662499179830515,,0.4211041166084621,0.01115959129874814,0.3132837887207753,0.4014258788085687,0.35268325694119523,-0.008061220374175245,-0.37008207848867336,0.6267770238135775,3.4086698562856697,269.21861004559275,3.466742748261582e-59,7.826986938429117,0.6457321146372473,False,True,0.8048247215462396
676,282880.KQ,282880,코윈테크,KOSDAQ,특수 목적용 기계 제조업,661964770.9257812,502,0.5943373048754361,0.35323683196659716,-0.19652564096216749,-0.019907224978868904,0.17661841598329858,,0.42109627760302093,0.011159175822958547,0.3132721250472588,0.4014109335718216,0.3526864361433609,-0.017073243997287386,-0.3914915546151114,1.3401802789674155,11.840250632278659,3017.9065797500953,0.0,4.70348485460282,0.9100853967395285,False,True,0.46065464806883893
677,125210.KQ,125210,아모그린텍,KOSDAQ,전자부품 제조업,578724275.0,502,0.5941527761612236,0.3530175214200892,-0.24574930832731812,-0.06924054761727352,0.1765087607100446,,0.420965536432934,0.011152247539362847,0.31307762698043123,0.40116171366254494,0.3525539529267523,-0.06925695315141768,-0.4895482253187051,0.1124842288553251,3.9194963649087278,314.09862508651923,6.228022541401043e-69,54.4881558277028,3.935129605469051e-08,False,False,0.46612371498875227
678,142210.KQ,142210,유니트론텍,KOSDAQ,자동차 부품 및 내장품 판매업,1060811872.5043945,502,0.5938118534707504,0.35261251732236787,0.08661905445970468,0.2629253131208886,0.17630625866118393,0.6705564274829685,0.4207239879473669,0.011139452973432875,0.31271844446359215,0.40070147549298135,0.351939875205547,0.264568798448097,0.1725506561062371,0.7780878366903377,7.462301568757816,1188.4086404913621,8.716509227079834e-259,44.51149954498594,2.663414215442918e-06,False,False,0.26232390695987573
679,005870.KS,005870,휴니드테크놀러지스,KOSPI,통신 및 방송 장비 제조업,1736891415.0,502,0.5938087295974582,0.3526088073461473,-0.1686722254489111,0.007632178224162539,0.17630440367307365,23.100142383325846,0.4207217746395293,0.011139335770827716,0.3127151542287432,0.40069725955374896,0.35201929745718724,0.009389981681616014,-0.3360057824418785,0.9094441519638555,5.867400992557682,771.7427426899114,2.619344977804046e-168,50.238618145372264,2.41247369256178e-07,False,False,0.3253373452039806
680,173130.KQ,173130,오파스넷,KOSDAQ,"컴퓨터 프로그래밍, 시스템 통합 및 관리업",787187440.0,502,0.5936266689380335,0.3523926220744656,-0.17918619290403148,-0.002989881866798688,0.1761963110372328,,0.42059278212071416,0.011132506218417795,0.31252342784764464,0.40045159114129286,0.35181805621476475,-0.002772226612895364,-0.3569502731659675,0.16681459984555103,9.999048290954656,2047.3093900619153,0.0,104.21578463163397,7.783975567641431e-18,False,False,0.18892185358400382
681,008930.KS,008930,한미사이언스,KOSPI,기타 금융업,4510519408.542969,502,0.593341019127487,0.35205356497924495,0.15900054719529297,0.33502732968491544,0.17602678248962247,0.5254102184892532,0.42039039524219857,0.011121794997511062,0.31222273118433025,0.40006629376341485,0.3514525851760565,0.33514410027794683,0.3167391852858614,0.010675764431097334,11.101310642089212,2521.3266707312364,0.0,114.1140906216686,7.878417750436587e-20,False,False,0.19928828237126017
682,001740.KS,001740,SK네트웍스,KOSPI,기타 전문 도매업,1836850583.5444336,502,0.5932540269000596,0.35195034043313667,0.2955061049981658,0.47148127521473415,0.17597517021656833,0.373238937509069,0.4203287600346327,0.011118534010108207,0.3121311853148456,0.3999489915523454,0.3515957673838466,0.4759616226695549,0.5886669234487272,1.8562854681490157,16.086419506652987,5584.310523727819,0.0,187.2482901957357,7.305368366924971e-35,False,False,0.0762476354567323
683,049950.KQ,049950,미래컴퍼니,KOSDAQ,특수 목적용 기계 제조업,660812025.0,502,0.5931102867670855,0.3517798122689345,-0.3128844913757188,-0.13699458524125152,0.17588990613446726,,0.4202269181437721,0.011113146820565986,0.31197995046177945,0.39975520692005895,0.35146753465866015,-0.13669098512502892,-0.6232857725024239,0.2505798339233099,3.5095007887865286,256.0211061911512,2.5452073294597917e-56,23.67710053473161,0.008505174780158706,False,False,0.4753671422430522
684,272290.KQ,272290,이녹스첨단소재,KOSDAQ,전자부품 제조업,3959063388.3476562,502,0.5928136678699971,0.3514280448134792,-0.17471693238238808,0.0009970900243515268,0.1757140224067396,176.22683821455138,0.4200167595143103,0.011102034064112006,0.3116679814700992,0.39935546575516295,0.35084912389359113,0.0011915749472147371,-0.348047222444281,0.22247560995248772,3.0409959835993687,192.22372979611617,1.816132077965907e-42,51.78276626599295,1.2517844997793278e-07,False,False,0.49832347340786254
685,003380.KQ,003380,하림지주,KOSDAQ,기타 금융업,2408536323.0249023,502,0.5926360031738847,0.3512174322579166,0.33329307920341006,0.5089017953323683,0.1756087161289583,0.3450738781816768,0.4198908815968706,0.011095380560498122,0.3114811973160363,0.3991161300605253,0.3509586065602843,0.5124882388639407,0.663940975238539,1.462133729180563,11.53590806370701,2900.612097531001,0.0,62.51273392372524,1.2088894385617277e-09,False,False,0.10252441805462909
686,042370.KQ,042370,비츠로테크,KOSDAQ,기타 금융업,1782393504.7910156,502,0.5924924842987178,0.35104734395046633,0.03653898340835432,0.21206265538358748,0.17552367197523316,0.8276972277732676,0.4197891964702552,0.011090007266559041,0.311330352554962,0.3989228452722342,0.35035334445774957,0.2133969718108834,0.0727879748848963,0.6727978238278741,6.440636204960455,884.9776227650094,6.753842251249341e-193,14.098344236698301,0.16855290343951015,False,True,0.6653181825215879
687,487570.KS,487570,HS효성,KOSPI,기타 금융업,545486700.0,495,0.5920829432462066,0.3505622116830907,-0.26888723004259185,-0.0936061242010465,0.17528110584154535,,0.42245477277297305,0.01115286968845199,0.31064474439970524,0.39874302986455096,0.3501409113157943,-0.09153223435246496,-0.5281713447265197,0.9797134437093882,14.126756246333386,4105.265322417901,0.0,18.148446122299344,0.05251060163100394,False,True,0.4846857704193741
688,178920.KS,178920,PI첨단소재,KOSPI,플라스틱제품 제조업,1925574712.8779297,502,0.5917097682513504,0.35012044984406676,-0.22085982518254915,-0.04579960026051577,0.17506022492203338,,0.4192346312237818,0.011060725568370912,0.3105083259141132,0.39786954223330523,0.34961656645661565,-0.04458578668662626,-0.43996679460968124,0.6684555838678792,5.573168313579783,671.2456406149114,1.7412500410291994e-146,39.39611154531942,2.163702183907927e-05,False,False,0.35464372029771773
689,047810.KS,047810,한국항공우주,KOSPI,"항공기,우주선 및 부품 제조업",63729813792.38281,502,0.5909176071800899,0.34918361847544305,0.5532322979773326,0.7278241072150542,0.17459180923772152,0.23988187187942914,0.4186733740460253,0.011031129940132677,0.30967748629859027,0.3968049466978256,0.3497025811000073,0.7272956969454284,1.1020738634310359,-0.61431999349762,4.904241782869431,522.1014346126001,4.237541622262513e-114,26.87076336897837,0.0027297724175508473,False,False,0.3883544535377009
690,009520.KQ,009520,포스코엠텍,KOSDAQ,1차 철강 제조업,2820804743.867676,502,0.5896968016099593,0.34774231782901566,-0.22803689471063482,-0.05416573579612699,0.17387115891450783,,0.41780841625683385,0.010985597521450053,0.3083992523335065,0.3951670828464853,0.3472559565300245,-0.05327143800635654,-0.45426397279658204,0.5307548995596055,5.025148897052453,538.6984092595194,1.0546946044251373e-117,15.19080667507905,0.12525869345362534,False,True,0.7384846396619992
691,148150.KQ,148150,세경하이테크,KOSDAQ,전자부품 제조업,1376195237.8200684,502,0.5894914169339865,0.3475001306388391,-0.5282605039477062,-0.35451043862828663,0.17375006531941956,,0.41766289834668524,0.010977946537201886,0.3081844658535592,0.39489186639873636,0.3479152769220761,-0.3523355918913634,-1.0523284642132875,1.0031981085115913,6.366087660080616,911.4932487184306,1.1796573955972512e-198,6.643620744042236,0.7586062944150558,False,True,0.6466461813955995
692,007160.KS,007160,사조산업,KOSPI,수산물 가공 및 저장 처리업,531308296.9160156,502,0.5894278356506502,0.34742517343980983,0.058629657754516486,0.2323422444744214,0.17371258671990492,0.7476582104681742,0.41761785011983066,0.010975578549247439,0.30811798920417705,0.39480668660852947,0.3467467320431023,0.2311539653651321,0.1167940007649495,-0.586464460920221,16.173892644033817,5384.153587495417,0.0,24.968813895915577,0.005404932372552461,False,False,0.1609023692719853
693,068240.KQ,068240,다원시스,KOSDAQ,"전동기, 발전기 및 전기 변환 · 공급 · 제어 장치 제조업",1091743860.0,502,0.5892062870678271,0.3471640487202546,-0.7391328320568678,-0.5655508076967405,0.1735820243601273,,0.41746087985602637,0.010967329305698813,0.30788640775967707,0.39450994994924116,0.3486404128361841,-0.5660695794752637,-1.4723995305259825,-0.5287628701635293,16.449986168296245,5563.342847129434,0.0,47.896701398728105,6.482127296724794e-07,False,False,0.16474914198909807
694,078520.KS,078520,에이블씨엔씨,KOSPI,기타 화학제품 제조업,1212100116.34375,502,0.5885528553293776,0.3463944635163633,0.220919848466295,0.39411708022447667,0.17319723175818166,0.43945629471205355,0.41699791434726297,0.01094301718469728,0.30720389231844825,0.3936354094506267,0.3458981076388888,0.3954446981378013,0.4400863648019051,0.6041953765659721,3.8889978912307424,338.53890500057565,3.0705121791140362e-74,44.84891057709106,2.3155431105716392e-06,False,False,0.43471540312355184
695,128940.KS,128940,한미약품,KOSPI,의약품 제조업,24316860461.625,502,0.5881219382620163,0.34588741426507086,0.1346103481786808,0.30755405531121627,0.17294370713253543,0.5623197098068903,0.41669260358932647,0.010926998889791364,0.30675420988988705,0.39305920930695815,0.34527030005852627,0.30781065802636404,0.26815236026070544,0.13966911597686957,5.932217741128445,720.227745103565,4.02283568518812e-157,13.503864123549784,0.19684777629859615,False,True,0.7237389272507619
696,237690.KQ,237690,에스티팜,KOSDAQ,의약품 제조업,16046103562.523438,502,0.5880742282434434,0.3458312979241215,0.05610502763353707,0.22902067659559783,0.17291564896206074,0.7550219985918271,0.4166588003751236,0.010925226107174928,0.3067044424710106,0.3929954398730525,0.3451548821233109,0.22895967016229982,0.11176477726998257,0.061622373812646215,2.527674275997427,130.06790233074338,5.703137896107989e-29,24.476739799794558,0.006430697320111413,False,False,0.5321464993259394
697,019180.KS,019180,티에이치엔,KOSPI,기타 전기장비 제조업,508202341.7998047,502,0.5877890872950388,0.3454960111431347,0.34213984582611506,0.5148878513976825,0.17274800557156736,0.3355060817664204,0.41645677403253933,0.010914633995023671,0.3064070895540024,0.3926144270012608,0.34527229459339004,0.5170319640602006,0.6815642960504356,0.8373983066840389,9.254052051125376,1809.5951132087494,0.0,54.13586279039464,4.577563527462111e-08,False,False,0.1777411039204222
698,053080.KQ,053080,케이엔솔,KOSDAQ,일반 목적용 기계 제조업,1122557970.0,502,0.5873537032672361,0.3449843727417365,-0.3048455630804656,-0.13235337670959738,0.17249218637086824,,0.4161482983707703,0.010898470723353518,0.30595333718517537,0.3920330118435802,0.3446659259603594,-0.1319076091745596,-0.6072717169301338,0.2995948141418507,6.16210119193383,782.9613994990831,9.59604613252435e-171,34.514766284067036,0.00015104256976969371,False,False,0.352732458753521
699,054450.KQ,054450,텔레칩스,KOSDAQ,반도체 제조업,1250771174.0625,502,0.5872118633051706,0.3448177724063303,-0.31294891220097654,-0.14054002599781137,0.17240888620316516,,0.4160478027775252,0.010893207618640993,0.3058055857720067,0.3918436907136276,0.34451952338828185,-0.14127358959337352,-0.6234141028765485,-0.23045355784045415,3.00712412935206,188.34067175188073,1.26573494392701e-41,25.4128995110354,0.004615445172959848,False,False,0.4993158436564604
700,042510.KQ,042510,라온시큐어,KOSDAQ,소프트웨어 개발 및 공급업,631438005.0,502,0.5870287845777585,0.3446027939228405,-0.15060509445031212,0.02169630251110813,0.17230139696142024,7.941509705315223,0.4159180889433285,0.010886416190119623,0.3056149296448204,0.3915993936699839,0.3440063416917456,0.024824850401842086,-0.3000149103732408,1.5172924093962317,13.36322174926454,3846.243434070542,0.0,163.60436334384963,5.835873383066544e-30,False,False,0.0988471727069179
701,017960.KS,017960,한국카본,KOSPI,"구조용 금속제품, 탱크 및 증기발생기 제조업",11049556234.105469,502,0.5862268379394482,0.3436619055204841,0.4242676021198862,0.5960985548801282,0.17183095276024205,0.28825930100568053,0.41534989855470816,0.010856692395312544,0.3047804920025239,0.3905301878063879,0.34369161766325845,0.5970922805440221,0.8451680010483447,0.27832832111655226,2.2805596193061284,111.95522252262025,4.889138262603727e-25,18.042946153740154,0.05424350766006395,False,True,0.878819595723454
702,001200.KS,001200,유진증권,KOSPI,금융 지원 서비스업,2570705147.5,502,0.5861755770831207,0.3436018071687297,-0.035632852373468096,0.13616805121089676,0.17180090358436484,1.2616829135512853,0.4153135795223857,0.010854793816191664,0.30472719309181545,0.39046189329884873,0.3429223799101288,0.13683542363548512,-0.07098290433127374,0.41868750509249314,4.724133744644708,469.82759125580225,9.511189527445961e-103,57.84363417129512,9.251016060568487e-09,False,False,0.40950148115148866
703,014680.KS,014680,한솔케미칼,KOSPI,기초 화학물질 제조업,10010512056.410156,502,0.5859817966037002,0.3433746659509003,0.11462932931534306,0.2863166622907932,0.17168733297545016,0.5996414305817749,0.4151762833474918,0.010847618152282874,0.3045257503045526,0.39020377477877843,0.3427427950655235,0.2861712628541701,0.2283489020488183,0.004563691845448257,1.2957242646097118,33.78744686074841,4.60414651412731e-08,32.57354448597389,0.0003211620272922669,False,False,0.5913881619695331
704,329180.KS,329180,HD현대중공업,KOSPI,선박 및 보트 건조업,101020457761.64062,502,0.585844726346,0.3432140433874196,0.5695204320488932,0.741127453742603,0.1716070216937098,0.23154859643522221,0.4150791671563759,0.010842543892565854,0.30438330034679484,0.39002124666357446,0.34381746722676065,0.7424680362310454,1.134520860668827,0.26345499254844645,1.9841091713376517,85.51004722817625,2.7022726813888715e-19,12.998853631478571,0.2237359186047131,False,True,0.8931514211199092
705,298020.KS,298020,효성티앤씨,KOSPI,화학섬유 제조업,4036989355.5625,502,0.5856760506915873,0.34301643635369483,0.023184122617702176,0.19469234079454958,0.17150821817684742,0.8809191849916306,0.41495965810046975,0.010836301249008806,0.3042080502885418,0.38979669017141527,0.34233526963024513,0.1951250983107341,0.046184244262247987,0.24806392838721988,9.244126642005739,1752.6336370585664,0.0,17.99907026919011,0.054979326756726475,False,True,0.5674767058839271
706,002900.KS,002900,TYM,KOSPI,특수 목적용 기계 제조업,1446911218.0483398,502,0.5848309262965055,0.3420272123528286,0.29741452324239515,0.46842812941880946,0.1710136061764143,0.36507971113646653,0.4143608756684044,0.010805050474585033,0.303330745667804,0.3886725567465722,0.3416968967312049,0.4690552663639021,0.5924686137606443,0.14975166746655158,11.504822406684946,2710.010044496547,0.0,9.02306673682917,0.5299158667887007,False,True,0.5400165555022298
707,340450.KQ,340450,지씨지놈,KOSDAQ,"그외 기타 전문, 과학 및 기술 서비스업",950455390.0,287,0.5840951727676721,0.34116717085049675,-0.5743668009472827,-0.4037832155220343,0.17058358542524837,,0.5473220425926159,0.014264916035022598,0.2914912069007835,0.4047923970052568,0.34128755102399944,-0.404214302320404,-0.6541399677455164,-0.09528412660220528,1.9748307019867255,44.501930555329686,2.1703439391032712e-10,19.003002418215598,0.04022456364147671,False,False,0.5547803433037837
708,214420.KS,214420,토니모리,KOSPI,기타 화학제품 제조업,1768237991.9018555,502,0.5837698223648854,0.3407872055039298,-0.24872280046725695,-0.07832919771529204,0.1703936027519649,,0.41360906871957287,0.010765877168756486,0.3022310314096249,0.3872634389485194,0.34035383474895037,-0.07743741261081497,-0.4954716104546151,0.5553639181899904,3.466617564426601,270.337624275363,1.9812111487098355e-59,30.94296790044748,0.0005995855056127689,False,False,0.456977948388137
709,443060.KS,443060,HD현대마린솔루션,KOSPI,"건축기술, 엔지니어링 및 관련 기술 서비스업",22241673750.214844,502,0.5837356664684449,0.3407473283073595,0.23004518818948316,0.4004188523431629,0.17037366415367974,0.425488618122475,0.41358486879011985,0.010764617400217126,0.30219566586169777,0.3872181233379857,0.34027855189829986,0.4004785589264484,0.45826462091714504,0.02415841499172549,1.6456865745314309,54.76702333127704,1.280831466555366e-12,19.714110961825728,0.03207566733755707,False,False,0.5743335431466372
710,137400.KQ,137400,피엔티,KOSDAQ,특수 목적용 기계 제조업,8357463800.0,502,0.5818243452570887,0.3385195687338399,-0.2446163215391366,-0.07535653717221663,0.16925978436691996,,0.4122306710293475,0.010694239799348667,0.30021995180094874,0.3846865440425837,0.33808267595061,-0.07506917538380267,-0.4872912437009784,0.27935335757776264,2.1109852912286637,96.81792960149377,9.467901092774172e-22,46.805268559124016,1.024476901971749e-06,False,False,0.5363821047228593
711,078140.KQ,078140,대봉엘에스,KOSDAQ,의약품 제조업,644251449.3217773,502,0.581611157734324,0.3382715388010608,-0.25242306372935125,-0.08328729432882084,0.1691357694005304,,0.4120796246933171,0.010686404235843498,0.29999998361789026,0.3844046880245792,0.33785053795191444,-0.07805643465868588,-0.5028427698100568,2.537531142882188,17.7462096643917,6983.791536293373,0.0,49.173995850839844,3.7848186143342545e-07,False,False,0.030831257141187507
712,039490.KS,039490,키움증권,KOSPI,금융 지원 서비스업,21268808451.4375,502,0.5806273670451036,0.3371281393617295,0.4371985116848492,0.6057625813657139,0.16856406968086474,0.27826755046644,0.41138259525603815,0.010650282874126107,0.2989859467459622,0.38310535286229663,0.33721507150037955,0.6068823957701995,0.8709271939118821,0.3368600314949619,2.0349600900109817,93.34008646545163,5.388374272104961e-21,48.556542108651634,4.910667283287953e-07,False,False,0.5359694605165084
713,033500.KQ,033500,동성화인텍,KOSDAQ,기초 화학물질 제조업,6694517934.145996,502,0.5794338324148319,0.3357435661469395,0.17279873838285345,0.3406705214563232,0.16787178307346975,0.4927687384157549,0.41053695930844597,0.010606542543148785,0.29775802215252173,0.381531952875514,0.3351932439605446,0.3403557699573936,0.34422605820711283,-0.12037067572849659,1.9093882622330085,75.01456447945822,5.1380022734729185e-17,14.892951310128907,0.13601367366720055,False,True,0.9060528164842815
714,439090.KQ,439090,마녀공장,KOSDAQ,기타 화학제품 제조업,2009428695.0,502,0.5793767849419399,0.33567745892965883,-0.13023299579403386,0.03760573367079556,0.16783872946482942,4.463115410381481,0.4104965403775049,0.010604454136748199,0.2976993942106869,0.38145683001910996,0.33507608283256196,0.038627765242640534,-0.25943239638335314,0.5996645777996336,7.411970442306691,1152.6396287392888,5.0989976023899534e-251,29.870713339644997,0.0008993570937224188,False,False,0.2764836915762233
715,001340.KS,001340,PKC,KOSPI,기초 화학물질 제조업,1309942247.7995605,502,0.5789998264618543,0.3352407990428575,-0.37980405396758704,-0.2121836544461583,0.16762039952142874,,0.4102294600319287,0.010590659526416878,0.2973121373951969,0.3809606188742006,0.3351454137632231,-0.20969595931510546,-0.7565937900465425,1.2790130757946465,7.56864501900872,1306.8290781901337,1.6814009004286607e-284,20.407671748474783,0.02562422840509906,False,False,0.22414343575829787
716,008350.KS,008350,남선알미늄,KOSPI,1차 비철금속 제조업,777172136.0,502,0.5787807504362085,0.3349871570755006,-0.23245009475960307,-0.06495651622185278,0.1674935785377503,,0.41007424160940203,0.010582646671998331,0.29708719211507795,0.3806723854577052,0.3345342688331283,-0.05925525940370579,-0.4630553474973045,2.8012764726374804,18.892956849276192,7961.791843329305,0.0,70.91910927072611,2.9456062513565283e-11,False,False,0.013248235157501287
717,192820.KS,192820,코스맥스,KOSPI,기타 화학제품 제조업,15992004373.882812,502,0.578749598321585,0.33495109755739605,0.2108936501209643,0.37836919889966236,0.16747554877869802,0.4426246884411697,0.41005216990129995,0.010581507508507426,0.2970552123189681,0.3806314081769786,0.3344603568812872,0.37734919019092567,0.42011354111398447,-0.5299287892781707,5.753221775324523,699.1636366410335,1.5085000527390328e-152,4.556875135290846,0.9187498500653674,False,True,0.7057764341585184
718,362320.KQ,362320,청담글로벌,KOSDAQ,생활용품 도매업,867845320.0,502,0.578273202547633,0.3343998967846958,-0.26105175600353747,-0.09385180761118958,0.1671999483923479,,0.4097146368448497,0.0105640944140063,0.29656637360860444,0.38000503516960193,0.3340041901802022,-0.09188832444463096,-0.5200316726737135,1.0630122195137157,7.147791694095298,1137.9785991835665,7.781922928836639e-248,25.779549814822186,0.0040482697162593706,False,False,0.25748189246479725
719,034730.KS,034730,SK,KOSPI,기타 금융업,36616886426.828125,502,0.5780934253956678,0.3341920084856965,0.7265019932594412,0.8935979975022894,0.16709600424284826,0.18699236648907122,0.4095872622229479,0.010557526972929577,0.29638200549263705,0.37976879526303453,0.33562075221916743,0.8952931602437585,1.4472380976834902,0.18576608986768453,3.6496465623586545,274.1711851724558,2.913960036634332e-60,96.51702958150895,2.706509699536863e-16,False,False,0.47338149870268165
720,365340.KQ,365340,성일하이텍,KOSDAQ,기초 화학물질 제조업,1453421150.0,502,0.5780618077027029,0.3341554535245166,-0.3006973382287111,-0.1336196114664528,0.1670777267622583,,0.4095648606460913,0.010556372157796803,0.2963495863071684,0.3797272549711792,0.33384861032666646,-0.13316006715677695,-0.5990081896460833,0.3479327404219956,3.0789144141853297,202.91450072492808,8.663153677438862e-45,52.49620145133739,9.234242902594313e-08,False,False,0.4882533353335271
721,092460.KQ,092460,한라IMS,KOSDAQ,선박 및 보트 건조업,970311351.1000977,502,0.5749071857956569,0.330518272279482,0.4990837299732651,0.6643428661130061,0.165259136139741,0.24875579248205562,0.4073297669856313,0.010441469233355599,0.293123910514895,0.37559403842348554,0.33084830017809885,0.667188316291671,0.9942064779626154,1.0861103582235514,7.544685964631235,1261.4726680472802,1.1876558099855194e-274,7.660644515933347,0.6619457484546494,False,True,0.5880817743766911
722,259630.KQ,259630,엠플러스,KOSDAQ,특수 목적용 기계 제조업,1033103184.9794922,502,0.5743159921878571,0.32983885888272274,-0.04561252411863716,0.11930690532272421,0.16491942944136137,1.3823125241179934,0.40691089806129316,0.010420005748053967,0.29252136497228165,0.37482196727689543,0.32919006532476813,0.12006012837424537,-0.0908630440776026,0.5009934714239909,3.537636925510329,275.7249480000551,1.3399490349433798e-60,27.884959559560357,0.0018834019072093446,False,False,0.4574067735904358
723,085660.KQ,085660,차바이오텍,KOSDAQ,기초 의약물질 제조업,3530537035.0,502,0.5740767660025382,0.329564133263933,-0.2666499437381107,-0.10186787710614417,0.1647820666319665,,0.40674140296933675,0.010411326835761391,0.29227772141471703,0.3745097748407314,0.3291897825639571,-0.10438164177554046,-0.5311836180814744,-1.2752126473176368,18.520539702190998,7158.915195537073,0.0,1.7172033442406058,0.9980841064699892,False,True,0.46498582351215756
724,104830.KQ,104830,원익머트리얼즈,KOSDAQ,기초 화학물질 제조업,1834733112.1572266,502,0.5740334022471166,0.3295143468954,0.08676537367910886,0.2515225471268089,0.1647571734477,0.6550393804839897,0.4067106791432516,0.010409754024577026,0.2922335678042855,0.3744531986548316,0.32888781774278303,0.252578226405625,0.1728421332813994,0.6111990779670075,2.8460587531712536,195.74225206216934,3.1268714491195305e-43,27.160652891435028,0.002456163507321544,False,False,0.4811807509094932
725,049070.KQ,049070,인탑스,KOSDAQ,통신 및 방송 장비 제조업,1214055526.8896484,502,0.5735474484002925,0.3289566755664862,-0.05529542628672985,0.10918291149651327,0.1644783377832431,1.5064476256295445,0.4063663740587384,0.01039213651743281,0.29173899060712827,0.3738194726429681,0.3283135166545918,0.11047719620013878,-0.11015199998388248,0.7274078253726252,9.1225031834226,1745.7811166863983,0.0,7.755909168288067,0.6526655398833799,False,True,0.5409935017211414
726,025980.KQ,025980,아난티,KOSDAQ,일반 및 생활 숙박시설 운영업,5460345360.0,502,0.5729773731487247,0.3283030701404129,-0.21235840800830336,-0.04820687293809692,0.16415153507020644,,0.40596246778460815,0.010371488336925173,0.29115933315853076,0.3730767291334449,0.3278280327126432,-0.04753147270427037,-0.4230314318260646,0.4564632961535834,5.679815897362788,675.9657661503063,1.6439889825039068e-147,11.5318116874931,0.3176112040399044,False,True,0.7139773982084356
727,000210.KS,000210,DL,KOSPI,기초 화학물질 제조업,3166042925.0,502,0.5722508697058942,0.3274710578791523,-0.02921388445101013,0.13452164448856602,0.16373552893957616,1.2171686538778022,0.4054477299531914,0.01034520407019519,0.29042145356738125,0.3721312478350299,0.3268221118050275,0.1347319600169525,-0.0581959126762186,0.19950354961170536,6.226251924501993,795.0694278620506,2.2535509156945635e-173,30.337809031588286,0.0007541413064639519,False,False,0.3565184267566299
728,028260.KS,028260,삼성물산,KOSPI,기타 전문 도매업,56170774156.07031,502,0.5717438380761444,0.32689101637804036,0.47132358645448624,0.6347690946435064,0.16344550818902018,0.2574881316186527,0.4050884909652241,0.010326879862440623,0.2899070371271213,0.37147210082825965,0.3271213704956429,0.6356427106686576,0.9389065095244131,0.16593949725923895,4.313625267373147,381.6728387789457,1.3206754747829377e-83,104.04277666181743,8.432200249461693e-18,False,False,0.4448242298175925
729,005850.KS,005850,에스엘,KOSPI,자동차 신품 부품 제조업,4891554879.912109,502,0.5707018130937636,0.32570055946850907,0.26264825046029044,0.425498530194545,0.16285027973425453,0.38272818394882985,0.40435020171827557,0.010289271898715108,0.2888512667994639,0.3701192905429575,0.3253255000154942,0.4278252243292639,0.5232119909962929,1.1050725453953247,8.09124541826959,1439.878054145182,0.0,21.496599325343606,0.017884888393593597,False,False,0.21222245315151345
730,240550.KQ,240550,동방메디컬,KOSDAQ,의료용 기기 제조업,1417087230.0,366,0.5699026156198316,0.32478899129032546,-0.2585031468536122,-0.09610865120844947,0.16239449564516273,,0.4728902696376074,0.012020979882983984,0.28237580597769846,0.37758502092978846,0.32416676378959247,-0.09576388831246442,-0.3754450466207224,0.3878715904569982,1.341894027271902,35.16404705711262,2.313258682219665e-08,13.66899138154774,0.1886322849029618,False,True,0.9137566627422978
731,001720.KS,001720,신영증권,KOSPI,금융 지원 서비스업,1913956472.515625,502,0.5670892571989298,0.3215902256304339,0.4762512824003974,0.6370463952156143,0.16079511281521694,0.2524072250040663,0.4017906554345938,0.010159421515518165,0.2852059702177381,0.3654483933037091,0.3218496683018365,0.6386118411322966,0.948722792718252,0.5250852188906877,4.648391809580793,463.66114776014484,2.076160993861054e-101,76.70484875587468,2.2139421069892183e-12,False,False,0.40581668730948517
732,214150.KQ,214150,클래시스,KOSDAQ,의료용 기기 제조업,10624930999.447266,502,0.5663205110749763,0.3207189212642223,-0.132192045132086,0.02816741550002516,0.16035946063211115,5.693083933524817,0.40124598807388284,0.010131895963995876,0.2844332439738569,0.36445826128061576,0.32014938314458274,0.02859469374656875,-0.263334947048838,0.37009162717831806,2.583168424013442,146.9310384965923,1.2425972275958083e-32,23.289310157930867,0.009727616069122527,False,False,0.509084645774174
733,005930.KS,005930,삼성전자,KOSPI,통신 및 방송 장비 제조업,1634450155377.6152,502,0.5657477355773137,0.3200705003108581,0.5959114991558093,0.7559467493112384,0.16003525015542905,0.2117017505548388,0.4008401686376984,0.010111411567208607,0.2838581844341858,0.36372140929723573,0.3208420783824162,0.757378942903311,1.1870935419691122,0.2738808756968008,5.717749310162663,673.7214106039135,5.04957139883671e-147,106.40869282251816,2.8214954256067484e-18,False,False,0.3744425559962268
734,052420.KQ,052420,오성첨단소재,KOSDAQ,플라스틱제품 제조업,1029864280.0,502,0.5656722479408203,0.31998509209042086,-0.21931093365352386,-0.05931838760831343,0.15999254604521043,,0.4007866845934163,0.010108713418934321,0.28378243917692053,0.3636243531853078,0.3195385338327724,-0.057449057393279164,-0.4368813043415436,1.0367310255390327,13.075211537163234,3588.1868650738015,0.0,9.783084700994234,0.45972583487230234,False,True,0.4808845982973978
735,108380.KQ,108380,대양전기공업,KOSDAQ,선박 및 보트 건조업,1090514446.227539,502,0.5651746352458024,0.3194223683252257,0.16917071491933994,0.32888189908195276,0.15971118416261285,0.48561865097603035,0.40043411905219733,0.010090936299259088,0.2832833811688531,0.3629848856907306,0.31889963517873837,0.32896790144873933,0.3369988051170978,0.07975704436727366,2.4083942992597613,118.26829376901172,2.0814515967091053e-26,17.4728753912906,0.06453368424730474,False,True,0.8863051202421591
736,060720.KQ,060720,KH바텍,KOSDAQ,전자부품 제조업,1458300052.4804688,502,0.5643590130307511,0.3185010955890435,0.009000901586532137,0.16825144938105388,0.15925054779452175,0.9465032745949962,0.3998562393265416,0.010061832186908405,0.28246633990448355,0.3619379706591177,0.3178669527481745,0.16981049568086135,0.017930367446187034,0.8880951748611601,9.040095863733535,1736.7234128719208,0.0,16.86174458401197,0.07747974913758274,False,True,0.5339893411412469
737,018260.KS,018260,삼성에스디에스,KOSPI,"컴퓨터 프로그래밍, 시스템 통합 및 관리업",24513687873.28125,502,0.5631054119997982,0.31708770502346256,0.24728450789985698,0.40582836041158826,0.15854385251173128,0.3906672573374055,0.39896804549552467,0.01001718148120476,0.28121285831385723,0.3603318232387799,0.316698713462037,0.4086632236869316,0.4926064403401913,1.3975517224451959,12.789750823118014,3509.992634608775,0.0,244.2390291401999,8.8193945528258e-47,False,False,0.10682988517032033
738,190510.KQ,190510,나무가,KOSDAQ,전자부품 제조업,864871662.7070312,502,0.5628800354166719,0.31683393427067374,0.07836544189672426,0.23678240903206113,0.15841696713533687,0.6690402711203377,0.39880836304006567,0.010009164558299725,0.2809877988189048,0.3600434434732185,0.31622716058834427,0.238017361349854,0.15610893584188723,0.6797373481342235,10.351655240040795,2230.37462906813,0.0,20.399550848525088,0.02569222439570836,False,False,0.15468417679105184
739,033230.KQ,033230,인성정보,KOSDAQ,"컴퓨터 프로그래밍, 시스템 통합 및 관리업",892065652.5,502,0.5614370497929158,0.31521156088017294,-0.3964446846916635,-0.23883890425157703,0.15760578044008647,,0.397785987581191,0.009957911834130804,0.27954897841947834,0.35819981234999354,0.3152073334837615,-0.23699172285520317,-0.7897429829968852,1.0252513422549998,9.41141358774325,1898.840476514733,0.0,62.63589729991149,1.1453685263511446e-09,False,False,0.15813629906788718
740,038110.KQ,038110,에코플라스틱,KOSDAQ,자동차 신품 부품 제조업,863091159.3918457,502,0.5599936266551948,0.31359286189443775,-0.2998305893915249,-0.14303415844430603,0.15679643094721887,,0.3967633021375644,0.00990677518882205,0.2781134167079492,0.356360356743345,0.31332491453099226,-0.140584748548282,-0.5972815709307362,1.3666419010061286,13.191759004967494,3716.8398262128953,0.0,65.69952580398154,2.977836373368662e-10,False,False,0.10889053993292475
741,120110.KS,120110,코오롱인더,KOSPI,화학섬유 제조업,4263374932.5546875,502,0.5594360133633207,0.31296865304784555,0.20572515344449419,0.36220947996841696,0.15648432652392277,0.43202714224257055,0.3963682253358493,0.009887055681570816,0.2775598299521272,0.3556510188907225,0.31251315728873386,0.3630094486734578,0.4098175675759368,0.42741331949007677,4.376328443281067,405.7168610298512,7.9378524115955e-89,40.53640699915356,1.3628277502575129e-05,False,False,0.4245709987530135
742,003000.KS,003000,부광약품,KOSPI,의약품 제조업,1029750422.296875,502,0.5592248868356245,0.3127324740563171,-0.07951810977812641,0.07684812725003214,0.15636623702815855,2.034743625168734,0.39621863924359696,0.009879594503534874,0.2773503719118778,0.35538263003401216,0.31213459278527994,0.07886503334617014,-0.1584051234469026,1.1312035884412275,15.377854156436104,4947.397380369197,0.0,87.91182449846586,1.388201064415413e-14,False,False,0.12458642743725157
743,145020.KQ,145020,휴젤,KOSDAQ,기초 의약물질 제조업,16720073250.0,502,0.5585579375157829,0.3119869695618852,0.07836382489062044,0.23435730967156304,0.1559934847809426,0.6656224420717135,0.3957460963397083,0.009856043121070437,0.2766892127232883,0.3545354543490027,0.31138985018205734,0.23485169615392756,0.15610571466306133,0.3711521287487085,1.3217735452722952,46.62741429758147,7.498694015730815e-11,20.203195432307954,0.027388332077188323,False,False,0.5657767152128328
744,051910.KS,051910,LG화학,KOSPI,기초 화학물질 제조업,80550863420.70312,502,0.5581107993397182,0.3114876643396192,-0.08179180472849912,0.07395202744131049,0.1557438321698096,2.10601166132207,0.3954292926998047,0.009840269469343443,0.2762463981754518,0.35396805435763923,0.3108937182038877,0.07337797104632467,-0.1629344681496292,-0.16997521062385398,2.1780900627306163,98.59857579802608,3.8867920315738363e-22,52.463249447905774,9.3650594655524e-08,False,False,0.5406542664688654
745,084690.KS,084690,대상홀딩스,KOSPI,기타 금융업,1194759315.2011719,502,0.5577550455041105,0.3110906907852924,-0.11859816589622676,0.03694717949641943,0.1555453453926462,4.209938282507334,0.3951772361408633,0.009827728597925434,0.2758943376378823,0.3535169419293047,0.31052680378922093,0.039389765858566426,-0.23625507650756283,1.4152429939803814,11.467691458151709,2857.25049404539,0.0,164.5889313759602,3.652603339238865e-30,False,False,0.10565046706797454
746,109610.KQ,109610,에스와이,KOSDAQ,"구조용 금속제품, 탱크 및 증기발생기 제조업",959772477.5,502,0.5575342976347323,0.3108444930390542,-0.49080390238706134,-0.3353816558675342,0.1554222465195271,,0.3950208331937129,0.00981995091539388,0.2756759943504157,0.35323716796969085,0.31118118753088486,-0.3327730838263459,-0.9777125357075587,1.3862842653562368,11.712815573830069,2966.8835574158293,0.0,16.896978909154573,0.07667488379479298,False,True,0.45758104897625085
747,000680.KS,000680,LS네트웍스,KOSPI,상품 종합 도매업,812287870.0,502,0.5556403360606583,0.30873618305760137,-0.1545968513806146,-0.00022875985181392,0.15436809152880068,,0.3936789349782999,0.00975334687061931,0.2738062155267551,0.3508413286875805,0.30821601275050275,0.0014843063055029395,-0.3079667436232878,1.049602681046141,8.797559233919879,1674.1677942830875,0.0,21.227515890481897,0.019561771780475443,False,False,0.1841363224038628
748,058430.KS,058430,포스코스틸리온,KOSPI,1차 철강 제조업,709603614.5385742,502,0.5544305890185395,0.3073932780394446,0.06090067056402581,0.21459730958374812,0.1536966390197223,0.7162095336509384,0.39282181231058466,0.009710922888024647,0.27261524485013444,0.34931527956627156,0.3067956586563024,0.21827217489099984,0.12131800247278157,2.037754901303465,16.397561268479617,5850.155311657776,0.0,87.14294798206281,1.9702249344122195e-14,False,False,0.06414967324643572
749,047310.KQ,047310,파워로직스,KOSDAQ,"전동기, 발전기 및 전기 변환 · 공급 · 제어 장치 제조업",664132940.0,502,0.5534066804686997,0.3062589539873855,-0.3440477890631641,-0.19091831206947132,0.15312947699369275,,0.3920963588090014,0.009675088228692364,0.27160925658922064,0.34802625748390537,0.30611859417217907,-0.1891642948437118,-0.6853650401178903,1.0434749870905435,9.019141766827751,1753.9357002270494,0.0,47.428818788955546,7.889257157787794e-07,False,False,0.17457362135338172
750,297890.KQ,297890,HB솔루션,KOSDAQ,특수 목적용 기계 제조업,1021779207.2796631,502,0.5530878988205915,0.3059062238217769,-0.5349127347252557,-0.38195962281436724,0.15295311191088845,,0.39187049756104453,0.00966394505906825,0.2712964338070287,0.34762542231536536,0.30643229186508053,-0.38155978774337473,-1.0655801302860253,0.21159595360151381,2.7565332939210183,158.15798566344273,4.5334599012169066e-35,28.889537155289116,0.001298391116580754,False,False,0.5118496048667867
751,053050.KQ,053050,지에스이,KOSDAQ,연료용 가스 제조 및 배관공급업,633905216.6552734,502,0.5528896084334408,0.3056869191136835,-0.33783320758465546,-0.1849897480278137,0.15284345955684175,,0.3917300060535644,0.00965701695991508,0.2711019409180657,0.3473762090407405,0.3055308829172716,-0.18039047861497834,-0.6729851992360993,2.560533772589259,20.371489848408917,9043.997675178733,0.0,108.80512228256484,9.290625058678035e-19,False,False,0.029297748494049425
752,265520.KQ,265520,AP시스템,KOSDAQ,특수 목적용 기계 제조업,1872854603.2460938,502,0.5521772974640478,0.30489976783469946,-0.03831337492383917,0.11413650899351056,0.15244988391734973,1.3356802767291363,0.3912253237877085,0.009632149905501342,0.2704038468022055,0.3464817068224976,0.3042982228375775,0.11426709511186997,-0.0763226754435209,0.2063723823190176,3.0263005385141355,189.8285516341292,6.015251066880547e-42,33.48710205950952,0.0002255103055251074,False,False,0.5000583169455961
753,096770.KS,096770,SK이노베이션,KOSPI,석유 정제품 제조업,38565519314.234375,502,0.5519476751301119,0.3046462360815355,0.06159954268531436,0.21392266072608213,0.15232311804076776,0.712047604137695,0.39106263315852924,0.009624140532881539,0.27017899926680433,0.34619359865110155,0.3040544286236235,0.21494880548975043,0.12271020011122147,0.6530556288973907,5.992541909376737,768.7937832077372,1.1443295574167004e-167,16.853215601650923,0.07767570190390595,False,True,0.6867985721515542
754,004560.KS,004560,현대비앤지스틸,KOSPI,1차 철강 제조업,623850990.1401367,502,0.5515982260571782,0.3042606029894259,-0.15375515131533596,-0.0016248498206229978,0.15213030149471296,,0.39081504361195846,0.009611957920286912,0.26983699614787376,0.34575537328638495,0.30374831826022985,-0.00025044110667278357,-0.30629002365197877,0.8676674752955031,10.209064282858817,2194.519579413676,0.0,50.08089511875878,2.579191346737622e-07,False,False,0.14215550164696644
755,256840.KQ,256840,한국비엔씨,KOSDAQ,기초 의약물질 제조업,2284681064.421631,502,0.5514248135429763,0.3040693249909062,-0.3863734557696684,-0.2343387932742153,0.1520346624954531,,0.39069217842476395,0.009605915218554306,0.2696673590668892,0.34553800897720444,0.3040560078045614,-0.23256933766294405,-0.7696804555411649,1.0416473821916374,9.133615561949295,1796.1682205769202,0.0,7.257866825099858,0.7008970697895242,False,True,0.5195441408995058
756,323990.KQ,323990,박셀바이오,KOSDAQ,자연과학 및 공학 연구개발업,1009801950.0,502,0.5508741311851515,0.3034623084089955,-0.6564866060932433,-0.5047554518887455,0.15173115420449776,,0.39030201228658035,0.00958673883559537,0.26912901946765944,0.34484820805389244,0.3045680187390942,-0.5012705306619064,-1.3077630010270163,1.7584489957885447,14.076843834992726,4313.080806548956,0.0,23.239705899176997,0.009895540532367152,False,False,0.08277006694743039
757,001040.KS,001040,CJ,KOSPI,기타 금융업,17610328647.585938,502,0.5494885988782947,0.3019377202972315,0.10916556756313558,0.2601344277117513,0.15096886014861574,0.5803494042545598,0.38932034330479165,0.009538575265839495,0.2677769210612303,0.34311569807227876,0.30138354089814584,0.259421576762061,0.21746474173291297,-0.365577425440196,6.070093056366765,763.5814524034841,1.5502236878636537e-166,18.036229024087085,0.054355575837808943,False,True,0.7024739841008159
758,200670.KQ,200670,휴메딕스,KOSDAQ,의약품 제조업,3354949045.890625,502,0.5492584487776558,0.3016848435536368,-0.08044609611474444,0.07039632566207395,0.1508424217768184,2.1427598721687944,0.3891572787455355,0.009530586585758768,0.26755265442855813,0.3428283342400312,0.3011095585805395,0.07158680910209302,-0.16025373114921315,0.8055624910569285,5.795883052929344,739.8587945388748,2.196362762948472e-161,12.978871079789666,0.22485555924719863,False,True,0.6854810965477176
759,123690.KS,123690,한국화장품,KOSPI,생활용품 도매업,758342210.0,502,0.5488889462674836,0.30127907533462855,-0.10564458680872386,0.04499495085859041,0.15063953766731428,3.3479209287447027,0.38889548105873023,0.009517767880319496,0.26719279424201514,0.34236722773904976,0.30072320661849394,0.04819939805074243,-0.21045072451579117,1.9066228500009894,13.651574349732147,4116.681188344669,0.0,6.997221168963764,0.725707265967588,False,True,0.42289180999993403
760,053300.KQ,053300,한국정보인증,KOSDAQ,소프트웨어 개발 및 공급업,972573021.0522461,502,0.5488819332527254,0.3012713766512493,0.0827021444603953,0.23333783278601994,0.15063568832562466,0.6455690726491129,0.38889051223987053,0.009517524669664039,0.2671859665765963,0.3423584791165878,0.3006983759139007,0.23550397857618732,0.16474792269491445,1.2981506971832943,7.645082332042552,1334.736302055537,1.4645176520457884e-290,26.421752933717464,0.003212502819169825,False,False,0.21942791524586558
761,456040.KS,456040,OCI,KOSPI,기초 화학물질 제조업,2389508550.0,502,0.5487516841363282,0.30112841084245656,-0.08199278025611048,0.0685714251651178,0.15056420542122828,2.1957281047998416,0.38879822892259264,0.00951300820803656,0.26705917571370624,0.34219601576740405,0.300555231291666,0.06952644159922296,-0.163334824160982,0.6760380004566637,5.2841796832051315,607.9043192291091,9.891321471584558e-133,43.120273849840856,4.732720906658833e-06,False,False,0.36714271422532485
762,036890.KQ,036890,진성티이씨,KOSDAQ,특수 목적용 기계 제조업,1502857207.3830566,502,0.5486816302720163,0.30105153139795765,0.2371946282567557,0.38772039395573454,0.15052576569897883,0.3882327781709727,0.388748594781758,0.009510579494038763,0.2669909942989411,0.34210865157772713,0.3006750862460888,0.38928714338561676,0.47250675946385456,0.8710696671556011,4.31100133538674,442.0240478233453,1.0368061888226651e-96,27.330037098002595,0.002308765569120865,False,False,0.39793362876388993
763,045100.KQ,045100,한양이엔지,KOSDAQ,"건축기술, 엔지니어링 및 관련 기술 서비스업",1032297185.0,502,0.5484125525918246,0.3007563278402808,0.3055315298968192,0.45590969381695956,0.1503781639201404,0.3298419971313767,0.3885579494889499,0.009501253659059043,0.26672918964703074,0.3417731884409385,0.30052764623571737,0.4573434329918555,0.6086382063817588,0.7073774462527563,6.711713896064145,961.9132425001077,1.327985570890257e-209,118.87801852827593,8.545808110030082e-21,False,False,0.300814378260263
764,234690.KQ,234690,녹십자웰빙,KOSDAQ,의약품 제조업,766326667.6474609,502,0.5474814646032122,0.2997359540840783,0.07252755670207281,0.22239553374411197,0.14986797704203916,0.6738803361693274,0.3878982606507947,0.009469018826447725,0.265824259509456,0.3406136570868918,0.2991597445041786,0.22410828560775983,0.1444794978747641,1.0650703377511106,5.907757302318418,807.0220441016289,5.7199171220669684e-176,25.605736135273773,0.00430824545586423,False,False,0.3131462322122639
765,047050.KS,047050,포스코인터내셔널,KOSPI,상품 중개업,26398839127.28125,502,0.5466409289268929,0.2988163051780563,0.024472249255584118,0.17388040184461226,0.14940815258902815,0.8592581510281206,0.38730272939003224,0.009439966012842315,0.2650086583574387,0.33956858734184464,0.2982234301256384,0.17410234473944317,0.04875027431072709,0.2376663769825448,3.7454453196941593,290.4768724566173,8.389741615732278e-64,19.664080923083667,0.03259487773765939,False,False,0.46561053548159315
766,001530.KS,001530,디아이동일,KOSPI,상품 중개업,1875050041.0917969,502,0.5457959959321498,0.2978932691755673,0.008952105085194752,0.1578987396729784,0.14894663458778365,0.9433047717560297,0.3867040825677789,0.009410806196791,0.26419005332017514,0.33851966857135085,0.2973001743053725,0.15413998326564726,0.017833161717332402,-2.2710539439059034,25.24245126539156,13480.752997162139,0.0,26.053152508896375,0.0036693526314281796,False,False,0.048596403739606386
767,004020.KS,004020,현대제철,KOSPI,1차 철강 제조업,14704888158.785156,502,0.5445190348241025,0.29650097928577207,0.04613524998132113,0.19438573962420716,0.14825048964288604,0.7626613450631137,0.38579933779602804,0.00936682208678114,0.2629552851052365,0.3369374995167994,0.2959187861597681,0.19452385002903155,0.09190434718501272,0.16801584859238397,5.287253040077086,572.9070988194887,3.933726575040368e-125,111.46443817905788,2.7023453783870943e-19,False,False,0.40087255662370547
768,032190.KQ,032190,다우데이타,KOSDAQ,기계장비 및 관련 물품 도매업,1286425583.0322266,502,0.5443936457510213,0.2963644415340885,0.33559134352919096,0.4837735642962352,0.14818222076704424,0.3063049155705952,0.38571049788728695,0.009362508695198994,0.26283419503832317,0.33678234087701103,0.296220985032784,0.4858814609662513,0.6685192636970392,1.0758892398637767,8.434794027873222,1550.8219478946507,0.0,78.75957898519167,8.783526228187847e-13,False,False,0.19870831942145317
769,071050.KS,071050,한국금융지주,KOSPI,기타 금융업,25819022174.92578,502,0.54374351246032,0.29565700734268624,0.54857221745791,0.6964007211292531,0.14782850367134312,0.2122750582906216,0.38524986937480027,0.009340159999336564,0.26220679893345544,0.33597842748657997,0.29626222169154887,0.6974053089050793,1.0927906871582174,0.17802346122180643,2.629671902946555,143.12291270297783,8.341696594846658e-32,45.21430089706261,1.9894210245825986e-06,False,False,0.5197965336192847
770,025820.KS,025820,이구산업,KOSPI,1차 비철금속 제조업,1590856760.2011719,502,0.5434474965480124,0.2953351815043019,-0.035711464221050426,0.11195612653110051,0.14766759075215094,1.3189773112696077,0.3850401379684735,0.009329993134531136,0.2619213840073718,0.3356127113478802,0.2947519251583893,0.11266014209967928,-0.07113950412288617,0.5414278591717994,4.563142068837392,449.05204661286666,3.087358302528824e-98,19.313094116189333,0.036461468257579996,False,False,0.408563416290864
771,089980.KQ,089980,상아프론테크,KOSDAQ,플라스틱제품 제조업,886293573.109375,502,0.5432623527789854,0.2951339839469587,-0.23287793687947406,-0.0853109449059947,0.14756699197347936,,0.38490896102346406,0.009323637062020117,0.26174294965217637,0.3353840746599225,0.2947612745231852,-0.08418866171729762,-0.46390763616466657,0.7522596653328741,9.803211218569915,2012.6437611250687,0.0,117.89020308207512,1.3552274027729638e-20,False,False,0.1587048508088289
772,216080.KQ,216080,제테마,KOSDAQ,의료용품 및 기타 의약 관련제품 제조업,726567450.0,502,0.5430534479469941,0.29490704732711853,-0.31669302089582524,-0.16923949723226597,0.14745352366355927,,0.38476094903363406,0.009316467861607561,0.26154168831498065,0.3351261886407196,0.2947175770159393,-0.16868794941595935,-0.6308726051178741,0.4358781066605838,4.24678274268974,383.48472796417576,5.337641183317626e-84,42.738558253808996,5.537774740021171e-06,False,False,0.42983623613492283
773,032830.KS,032830,삼성생명,KOSPI,보험업,36286340084.265625,502,0.5427643820041339,0.29459317437232935,0.6314004338499798,0.7786970210361445,0.14729658718616467,0.1891577638118737,0.3845561417776841,0.009306552237947753,0.26126332649468503,0.33476950999228017,0.2955883453314047,0.7805243159955508,1.2577897531455946,0.5242131079702261,2.781223554446562,180.07978244188752,7.873577227128995e-40,108.7841007133968,9.38167621168797e-19,False,False,0.48989739951855626
774,060310.KQ,060310,3S,KOSDAQ,"측정, 시험, 항해, 제어 및 기타 정밀기기 제조업; 광학기기 제외",516625464.5,502,0.5425365323206349,0.29434588890249935,-0.400150662449575,-0.2529777179983253,0.14717294445124968,,0.384394707096086,0.009298740192921382,0.26104401854710885,0.33448849996637053,0.2943949415287508,-0.2514332872153658,-0.7971255259908201,0.9651923904498789,7.150730288930603,1122.3384242852292,1.9377946496714202e-244,24.98802277615075,0.00536825428595307,False,False,0.2638709776347976
775,001250.KS,001250,GS글로벌,KOSPI,상품 종합 도매업,1967939105.0,502,0.5420416930306208,0.2938091969835018,-0.10052920094613209,0.0463753975456188,0.1469045984917509,3.1677269903129774,0.3840441065510296,0.009281785450536473,0.2605680471796157,0.3338786145163004,0.2932640233504314,0.048390310935119814,-0.2002605510911044,1.3216094468643995,7.40512514334843,1265.920533753487,1.2848393571215057e-275,60.01254394504402,3.60454656132332e-09,False,False,0.22866207209169398
776,373220.KS,373220,LG에너지솔루션,KOSPI,일차전지 및 이차전지 제조업,107236679500.0,502,0.5415049780571445,0.2932276412606686,0.049205363661202865,0.19581918429153716,0.1466138206303343,0.7487204134813189,0.38366383649964514,0.009263413406698878,0.2600522878345014,0.3332177467796976,0.2926531302621583,0.19644758931462886,0.09802020856318983,0.48014183529307486,3.39687180841607,254.07908541716014,6.72090285603115e-56,19.436045178449646,0.0350612825634639,False,False,0.4651313129350718
777,007340.KS,007340,DN오토모티브,KOSPI,일차전지 및 이차전지 제조업,2333399530.8691406,502,0.5407636661992549,0.2924253426812591,0.669293861640926,0.8155065329815555,0.14621267134062954,0.17929061929898293,0.38313860669942973,0.009238067830870061,0.25934076016199137,0.3323060314866713,0.29362041840065045,0.818936811008497,1.3332758672370826,1.3756453332740841,8.53653676664383,1647.2910998918458,0.0,25.036196977894942,0.005277315624677119,False,False,0.17414615661608868
778,000070.KS,000070,삼양홀딩스,KOSPI,기타 금융업,793770976.9042969,502,0.5403782496857996,0.2920086527334884,-0.06799497758589342,0.07800934878085079,0.1460043263667442,1.871626012119516,0.3828655337191349,0.009224904094900217,0.2589712139153636,0.33183251376199524,0.29144530868613483,0.061426950093831506,-0.1354503124925337,-11.45787714081596,207.41973316427507,892925.0232258991,0.0,0.0722560499511452,0.9999999995022969,False,True,0.35
779,000370.KS,000370,한화손해보험,KOSPI,보험업,2128688790.0,502,0.5401743214396624,0.29178829754279967,0.134224635109813,0.2801187838812128,0.14589414877139983,0.5208295807583818,0.3827210477098569,0.00921794280974004,0.2587757893938947,0.3315821067409625,0.2912785390202212,0.2820444639338227,0.2673839953378021,1.2032879065142708,5.561722447024977,751.8940889200745,5.3490062232287576e-164,53.60516928684394,5.746980818175784e-08,False,False,0.31950329611625805
780,073240.KS,073240,금호타이어,KOSPI,고무제품 제조업,2557728412.5,502,0.5396581111629078,0.2912308769439174,0.19680200422222752,0.3424174426941862,0.1456154384719587,0.42525707021884446,0.38235530552235053,0.009200333223458692,0.258281434559534,0.33094866565345266,0.29080443031377773,0.34553719209603984,0.3920420877760247,1.7889165343455204,16.640311190098995,5935.2765235602665,0.0,178.94192917368056,3.8851019490315654e-33,False,False,0.08073889771029863
781,028050.KS,028050,삼성E&A,KOSPI,"건축기술, 엔지니어링 및 관련 기술 서비스업",20752480070.396484,502,0.5396322911325603,0.2912030096329763,0.3738501414069263,0.5194516462234144,0.14560150481648815,0.28029847604692243,0.38233701167039513,0.009199452861632396,0.2582567201160562,0.3309169978252741,0.2911775427192339,0.5205172801470627,0.7447332181995119,0.46418396728887934,4.106619007160755,361.6667475688589,2.9178544304458605e-79,70.71697118964963,3.222979984939429e-11,False,False,0.43425654685850745
782,024720.KS,024720,콜마홀딩스,KOSPI,기타 금융업,845999153.987793,502,0.5389718970327758,0.29049070579110914,0.09766201867536196,0.24290737157091652,0.14524535289555457,0.5979454306233368,0.3818691132314296,0.009176950327662449,0.2576250053059706,0.3301075506661011,0.28994988773655206,0.2468587583690084,0.19454894196441153,2.3790610587365153,16.23164562959482,5864.612194543893,0.0,20.617308875916148,0.02392592111863018,False,False,0.04139592941756565
783,002380.KS,002380,케이씨씨,KOSPI,기타 화학제품 제조업,9448582110.4375,502,0.5376460534385697,0.2890632787780694,0.2018472036311883,0.34637884302022304,0.1445316393890347,0.41726462889246485,0.38092973453582335,0.009131856193723278,0.2563590753313548,0.32848545252101263,0.2886491312818797,0.3461302755934761,0.40209244532879573,-0.14366127994765043,2.596251881154144,138.63921533011427,7.850130985909891e-31,71.68779393657472,2.091370323802355e-11,False,False,0.5235912466848869
784,010140.KS,010140,삼성중공업,KOSPI,선박 및 보트 건조업,100738501150.0,502,0.5368795362612399,0.28823963645608397,0.35156908127464737,0.49568889950268935,0.14411981822804198,0.29074651131512796,0.3803866464149119,0.009105836343428802,0.25562861871659376,0.32754948264619305,0.2881559333534551,0.4962934753238096,0.7003479317455277,0.22159651155800703,3.393775923955972,238.5604885824562,1.5748823080883413e-52,26.324308297113816,0.0033276427335693355,False,False,0.4825069826514474
785,123410.KQ,123410,코리아에프티,KOSDAQ,자동차 신품 부품 제조업,1407905609.744629,502,0.5365867788613078,0.287925371248754,0.05880431511996531,0.2027670007443423,0.143962685624377,0.7099907040884408,0.38017922371009283,0.009095908328040064,0.2553499090226455,0.3271923582501862,0.28736553674611887,0.2025008783809302,0.11714192932628009,-0.05888958516476008,2.5916089008455394,136.71961963736516,2.0498015244849304e-30,29.622442013342425,0.0009872735310527826,False,False,0.5294516271176334
786,013890.KS,013890,지누스,KOSPI,가구 제조업,1093108683.553711,502,0.5361459186794695,0.28745244611665227,-0.2469701732842464,-0.10324395022592026,0.14372622305832614,,0.379866868116741,0.009080968055048605,0.2549304899595287,0.32665493604047596,0.2871218724222048,-0.10406352856643415,-0.4919802658281416,-0.39383933742765276,5.972622737527555,741.3477502703157,1.0432333043716226e-161,41.123481746881176,1.0730065500800132e-05,False,False,0.35497602098274983
787,009540.KS,009540,HD한국조선해양,KOSPI,기타 금융업,72271462001.34375,502,0.5360301464824961,0.28732831793804625,0.42533850853665356,0.5690026675056767,0.14366415896902313,0.25248415723391987,0.37978484189897627,0.009077046696786113,0.2548204054644503,0.32651387937948334,0.2874738588932366,0.5689152767387949,0.8473013146246036,-0.2912619554289935,1.9619071667606418,85.00758991798473,3.4740525970207563e-19,15.919450186680342,0.10196156481693588,False,True,0.8922967138005049
788,005880.KS,005880,대한해운,KOSPI,해상 운송업,4610283615.0,502,0.5355229969480058,0.28678488026017374,-0.024080973310915577,0.11931146681917129,0.14339244013008687,1.201832849372414,0.3794255193738544,0.009059878847775473,0.2543384515435353,0.3258963281903889,0.28621589680193354,0.12142733500745313,-0.047970827786030235,1.3172480559312205,18.986737566063887,7526.263535419973,0.0,73.73491963889684,8.382973761411965e-12,False,False,0.1121834629379187
789,451250.KQ,451250,삐아,KOSDAQ,기타 화학제품 제조업,752199960.421875,502,0.5354627882866345,0.2867203976396972,-0.36040917549141077,-0.21704897667156217,0.1433601988198486,,0.3793828606967447,0.009057841764339363,0.2542812643939597,0.3258230514917487,0.2866646969206018,-0.21666680331038266,-0.7179579607011437,0.3112808807796207,5.695203502964208,670.2768921759756,2.826325587746742e-146,42.3643451347772,6.458006010082683e-06,False,False,0.37296378364796934
790,005380.KS,005380,현대자동차,KOSPI,자동차용 엔진 및 자동차 제조업,182225867231.46094,502,0.5351173866998399,0.28635061754846597,0.31795107215175344,0.46112638092598646,0.14317530877423298,0.31049038766058684,0.3791381388506074,0.009046159967084797,0.25395332069019794,0.32540284114502177,0.2861813602308126,0.461719442106305,0.6333787230959533,0.25089479389020153,4.112433913738459,349.9592750025257,1.0169719812408687e-76,111.55138097963128,2.5953192995721324e-19,False,False,0.4482141542890892
791,012320.KS,012320,경동인베스트,KOSPI,기타 금융업,589555074.375,502,0.5346390355222996,0.2858388983042147,-0.26300928408626084,-0.12008983493415348,0.14291944915210736,,0.37879922036341696,0.00902999414149181,0.25349949662496196,0.3248213341192171,0.2855439976461498,-0.11945478972601767,-0.5239311929019959,0.4884726213695736,8.342106882011315,1442.5603341715464,0.0,42.708586264363134,5.6064375216728265e-06,False,False,0.2420403488848526
792,034220.KS,034220,LG디스플레이,KOSPI,전자부품 제조업,19537597940.0,502,0.5345926874419067,0.2857893414663601,-0.10818913506632385,0.03470553566685619,0.14289467073318005,4.117345201205021,0.37876638210142766,0.009028428581457285,0.25345554657643815,0.32476501876717034,0.28526648796134507,0.03481279735783941,-0.21551962620354992,0.19636879697943865,5.679262732804677,661.7156154973594,2.043053786007745e-144,50.29652633133157,2.353984396834945e-07,False,False,0.381341923891827
793,009900.KS,009900,명신산업,KOSPI,자동차 신품 부품 제조업,1336650779.5083008,502,0.5338607134366709,0.2850072613511112,-0.27469519961783456,-0.13219156894227896,0.1425036306755556,,0.37824776830017626,0.009003721731197322,0.25276194988014455,0.32387627931312685,0.28473895213868666,-0.13198219303861766,-0.5472102786037816,0.23122473194418147,6.859173901946832,965.7018599870646,1.9975861671351134e-210,43.475559890039925,4.087904141597672e-06,False,False,0.3259221922827804
794,013990.KQ,013990,아가방컴퍼니,KOSDAQ,생활용품 도매업,1276553460.0,502,0.5329375621102975,0.2840224451080673,0.056042375952097566,0.19805359850613122,0.14201122255403364,0.7170342958935803,0.37759370269801523,0.008972610203137667,0.25188855432985097,0.3227571547719059,0.28346912663023055,0.19897579516634564,0.11163997114267055,0.6601180615159772,6.301055579957893,847.1761260306929,1.0915449691437592e-184,116.76681671309854,2.2888236849605103e-20,False,False,0.3224446281341631
795,088350.KS,088350,한화생명,KOSPI,보험업,4952346362.5,502,0.5323422609393511,0.28338828278202016,0.30035264357727054,0.44204678496828065,0.14169414139101008,0.32054105178296327,0.3771719235078451,0.008952576253514527,0.2513261402169182,0.3220365059938116,0.28318174726861245,0.4441483211926412,0.5983215360150389,1.1895850242362367,8.84747674110439,1718.27071939755,0.0,124.69265638233166,5.632108587767109e-22,False,False,0.1725578783678866
796,000400.KS,000400,롯데손해보험,KOSPI,보험업,662010598.0,502,0.5314962452267186,0.28248825869010014,-0.16219893411577105,-0.02095480477072098,0.14124412934505007,,0.37657250956485205,0.008924143411359541,0.25052794355577224,0.321013737476261,0.2820299318617998,-0.017740374479395454,-0.32311057510363916,2.0853819051159674,16.766245718555354,6116.99739438486,0.0,24.64075416431241,0.0060696755170971325,False,False,0.06097453965893551
797,004980.KS,004980,성신양회,KOSPI,"시멘트, 석회, 플라스터 및 그 제품 제조업",602313240.1533203,502,0.5313651151894854,0.2823488856403351,0.007177837928084523,0.14835228074825207,0.14117444282016756,0.951616261698969,0.37647960210286396,0.008919740449305298,0.25040433897232284,0.3208553568631481,0.28178664211080245,0.15241246088393207,0.014298708888485834,2.5719833579726084,19.852023641247982,8620.731782420946,0.0,69.82889486282119,4.784165225155866e-11,False,False,0.028534442801826043
798,192650.KS,192650,드림텍,KOSPI,전자부품 제조업,1237987578.4238281,502,0.5294550138789046,0.2803226117215111,-0.24534516491365524,-0.1051838590528997,0.14016130586075554,,0.3751262686588211,0.008855728022289275,0.24860731476920164,0.31855274164349767,0.28000306621559296,-0.10388670659681973,-0.48874314597878943,0.9159419595187873,10.29921798785032,2239.5443146415023,0.0,41.5377690747535,9.060149494504252e-06,False,False,0.13893720269874754
799,096530.KQ,096530,씨젠,KOSDAQ,의료용품 및 기타 의약 관련제품 제조업,5571283153.745117,502,0.5292384111151087,0.2800932957996448,0.2390673038324751,0.3791139517322975,0.1400466478998224,0.36940515446583483,0.37497280257684246,0.008848483656867747,0.24840394332078763,0.318292151835332,0.2797621393436503,0.38072740345260403,0.4762372481107242,0.9716264944047025,7.8330137647445355,1332.6455021051881,4.165873242381566e-290,80.37757393399423,4.233703986554764e-13,False,False,0.23273928095951568
800,462870.KS,462870,시프트업,KOSPI,소프트웨어 개발 및 공급업,5357359750.0,502,0.5290539297868717,0.27989806062293215,-0.33186349576893465,-0.19191446545746857,0.13994903031146608,,0.3748420949803807,0.00884231594312274,0.2482307967710571,0.31807029067177783,0.27977753198664124,-0.19239090072622272,-0.6610931542698619,-0.20194695207284746,3.2622174437632943,219.97963583154856,1.7061963699737107e-48,37.87966061244528,3.982643883094748e-05,False,False,0.4897370848924619
801,101160.KQ,101160,월덱스,KOSDAQ,전자부품 제조업,2416015861.2890625,502,0.5286935658042536,0.2795168865228167,0.11203967657253784,0.2517981198339462,0.13975844326140835,0.5550416474657361,0.3745867720679236,0.008830274195441261,0.24789274816018225,0.3176371324121227,0.2790098930280477,0.25180962716153266,0.22319014936275394,0.08233381576060966,2.9292194117420554,175.04392584395023,9.765499399400807e-39,28.77647675321014,0.001354177758551979,False,False,0.5126962054209002
802,036620.KQ,036620,감성코퍼레이션,KOSDAQ,기타 전문 도매업,2796171897.1853027,502,0.5268490849968831,0.277569958362053,0.09035903401199792,0.2291440131930244,0.1387849791810265,0.6056670529904614,0.373279931666484,0.00876876839623093,0.24616609265021985,0.3154246840491974,0.27704942997968257,0.23011754247506136,0.18000093283342444,0.7323780965579304,2.164420540685378,139.5943534223106,4.869353475253544e-31,8.026238546104553,0.6262738829417727,False,True,0.8537758692319626
803,144510.KQ,144510,지씨셀,KOSDAQ,"그외 기타 전문, 과학 및 기술 서비스업",1002708150.0,502,0.5267639575671388,0.2774802669917944,-0.4093674905449233,-0.2706273570490261,0.1387401334958972,,0.3732196176941098,0.008765934938108951,0.24608654883254122,0.3153227606555682,0.2775925243699028,-0.2704092371787388,-0.8154860327521884,0.1974757651212776,3.8051302689223183,298.2328034635018,1.7360793311516818e-65,31.06110440569634,0.0005732458032674655,False,False,0.46560408689041055
804,461300.KQ,461300,아이스크림미디어,KOSDAQ,소프트웨어 개발 및 공급업,770985574.921875,472,0.5262128932500125,0.2769000090225491,-0.008797144591844452,0.1296528599194301,0.13845000451127454,1.0678515275120906,0.38449505262758554,0.009021889810355663,0.2446780476463499,0.31596964337791034,0.2763136635632549,0.13065651383730217,-0.016477191457740403,0.7916777436355331,4.686776467167397,469.5992583877112,1.0661460155351153e-102,14.446109278880627,0.15359813609216288,False,True,0.7363165427350982
805,003030.KS,003030,세아제강지주,KOSPI,기타 금융업,1950498091.3359375,502,0.5258052520586564,0.27647116309246716,-0.3216290125158519,-0.18339343096961833,0.13823558154623358,,0.3725403614575791,0.00873405613381345,0.24519161349645033,0.3141760361307084,0.27633092063523296,-0.18266286293976086,-0.6407054138212604,0.6005312124183395,2.2886993303908216,136.26425543391818,2.573907244205106e-30,31.4347349810985,0.0004971597197424016,False,False,0.5069731159711904
806,012330.KS,012330,현대모비스,KOSPI,자동차 신품 부품 제조업,58841640727.484375,502,0.5245537470454229,0.27515663353939357,0.46746048144555524,0.6050387982152521,0.13757831676969678,0.22738759427581556,0.37165365268437733,0.008692528566244815,0.24402580792562098,0.3126822322932962,0.27547565284161457,0.6068509627388676,0.9312109590701141,0.8320900338503926,8.21394035386315,1436.8557763403396,0.0,127.3913460110741,1.5894451505589828e-22,False,False,0.22490001515279878
807,037460.KQ,037460,삼지전자,KOSDAQ,통신 및 방송 장비 제조업,540181119.5864258,502,0.5245226227457722,0.2751239817721037,0.7615888083451762,0.899150799231228,0.13756199088605184,0.15299101219024333,0.37163160068357176,0.008691497057695468,0.24399685033230173,0.312645127509184,0.27687758282912744,0.9023781417392112,1.5171332610685653,1.1607849868750368,11.121537584282262,2642.5844302612463,0.0,90.5961924222757,4.079226101199838e-15,False,False,0.1226143342083309
808,000910.KS,000910,유니온,KOSPI,"시멘트, 석회, 플라스터 및 그 제품 제조업",564618272.8779297,502,0.5226977817746993,0.2732129710721911,-0.2655678856894564,-0.12896140015336083,0.13660648553609556,,0.37033867538032605,0.00863112593421677,0.24230204863334903,0.31047349499609944,0.2729485884032511,-0.12717539513844342,-0.5290280897464568,1.25475071004343,12.499528890639292,3328.152909231004,0.0,52.36686327710249,9.758358422833172e-08,False,False,0.11634995266377135
809,000810.KS,000810,삼성화재해상보험,KOSPI,보험업,38138947620.6875,502,0.5215893221472061,0.2720554209779819,0.3045502731390594,0.44057798362805034,0.13602771048899095,0.3087483159481473,0.36955331625987103,0.0085945575363143,0.24127546209127557,0.3091580793261485,0.2718815369117533,0.4409334534591374,0.606683480618285,0.043129757354504,14.728753696852749,4440.77212038938,0.0,90.80890758992007,3.701413434982379e-15,False,False,0.19712468284303308
810,099430.KQ,099430,바이오플러스,KOSDAQ,기초 의약물질 제조업,2590643455.690674,502,0.5214277118340325,0.27188685866847484,-0.24825114343106808,-0.11230771409683066,0.13594342933423742,,0.3694388130968667,0.00858923245048324,0.24112597067893282,0.308966528649942,0.2715898094366987,-0.11228609629905882,-0.4945320396920483,0.15485719628914388,3.178566828340692,207.57697033146036,8.418478506588477e-46,27.854484536637806,0.0019046481515019782,False,False,0.49664067963872593
811,251970.KQ,251970,펌텍코리아,KOSDAQ,플라스틱제품 제조업,3026756629.6347656,502,0.5210139873221621,0.27145557498533807,0.11153355121449421,0.24726133870716324,0.13572778749266903,0.5489244222422264,0.36914568350450794,0.008575607680883474,0.2407434818111603,0.30847642691021576,0.27096419084802265,0.24791938578724343,0.22218191551458766,0.5276004552566456,2.3190712536192777,132.276005702288,1.8907334936909356e-29,37.78294689325264,4.139895349370495e-05,False,False,0.5104684299033562
812,126700.KQ,126700,하이비젼시스템,KOSDAQ,사진장비 및 광학기기 제조업,1695855184.415039,502,0.5199359172949072,0.27033335809329656,-0.33189110062407956,-0.19672442157743128,0.13516667904664828,,0.3683818558400682,0.008540155501279028,0.23974823092359993,0.3072011631507813,0.2702319553590159,-0.19653167677450792,-0.6611481448939998,0.23419653829163448,3.4983520137250217,253.76418656237882,7.866961696693238e-56,63.83951469080395,6.753653655257298e-10,False,False,0.47696105682959844
813,041830.KQ,041830,인바디,KOSDAQ,의료용 기기 제조업,751088340.8085938,502,0.5196929718980615,0.27008078504023936,0.5087762408138353,0.643816633333955,0.13504039252011968,0.209749772727715,0.368209725634824,0.008532176415147167,0.23952423362235478,0.3069141444260964,0.2705699709972418,0.6477535690248,1.0135145749545451,2.1923126707918947,13.243271075304566,3989.122377679346,0.0,43.04207508700081,4.8876199487824005e-06,False,False,0.053845821947206995
814,117580.KS,117580,대성에너지,KOSPI,연료용 가스 제조 및 배관공급업,805932605.0905762,502,0.5194884121961281,0.26986821040605424,-0.1049814860700853,0.029952619132941824,0.13493410520302712,4.504918404769047,0.3680647922302991,0.008525460927112791,0.23933570937642165,0.3066725790664286,0.2693743589026334,0.033694378267414185,-0.20912978574278895,2.521707078098309,25.94627555716559,14319.002971832964,0.0,182.94090518931418,5.74112430199936e-34,False,False,0.03188619479344601
815,004170.KS,004170,신세계,KOSPI,종합 소매업,6358478296.640625,502,0.5185760351488912,0.268921104230744,0.5215307625383432,0.6559913146537152,0.134460552115372,0.20497306764854206,0.3674183603553179,0.008495540705389434,0.2384957574310569,0.3055963074559447,0.26946474742418697,0.6570346799466813,1.0389223920406678,0.2858925615970624,3.3940075381555523,241.30630940393738,3.990255351468355e-53,164.97485535123093,3.0396119611798037e-30,False,False,0.47821015667652933
816,064550.KQ,064550,바이오니아,KOSDAQ,의료용품 및 기타 의약 관련제품 제조업,1625204965.0,502,0.5179111881004601,0.2682319987596302,-0.7973859496779625,-0.6632699502981474,0.1341159993798151,,0.3669473069400719,0.008473771035817014,0.23788461636143618,0.30481322243916087,0.2702207845797622,-0.6625533711113665,-1.588443439437846,0.049023417797426194,3.462662907574331,244.32648338375125,8.814105445888916e-54,38.32596553448045,3.32991889740612e-05,False,False,0.49091194130599336
817,003240.KS,003240,태광산업,KOSPI,화학섬유 제조업,1068471525.0,502,0.5167983979896094,0.2670805841646267,0.18509114925738965,0.318631441339703,0.13354029208231336,0.4191058218261074,0.36615887961170335,0.008437396465704293,0.23686347115701625,0.3035047790219345,0.26668449848373355,0.32008977126031524,0.36871332113972066,0.9628089021322529,11.283885595862625,2682.11906829083,0.0,152.8064720145474,9.857430754831172e-28,False,False,0.1358127398578498
818,003230.KS,003230,삼양식품,KOSPI,기타 식품 제조업,58415562306.625,502,0.5165813251260962,0.2668562654690335,0.3562869837464488,0.48971511648096555,0.13342813273451676,0.2724607189855919,0.36600508045751234,0.0084303099686633,0.236664531555885,0.30324986795698594,0.26682841108755107,0.49111063577039366,0.7097462930187195,0.7970012166790282,3.134675558100003,252.75146946065107,1.305316296686571e-55,5.155477878929952,0.8805527428486595,False,True,0.8058061854402313
819,015750.KQ,015750,성우하이텍,KOSDAQ,자동차 신품 부품 제조업,2411324970.2929688,502,0.5162366297938297,0.2665002579408916,-0.10235337187447041,0.03089675709597539,0.1332501289704458,4.312754524901352,0.36576085900256766,0.008419063263220056,0.2363488022072411,0.302845308462342,0.2660109532057955,0.03110182248978943,-0.20389441540073072,0.2763238961126177,6.195825539478523,790.3751062220688,2.3562771246635563e-172,181.18336491445388,1.3306388104852932e-33,False,False,0.3527662576492919
820,000490.KS,000490,대동,KOSPI,특수 목적용 기계 제조업,1530437362.7138672,502,0.5160158235865391,0.2662723301916942,-0.10765528841591207,0.02548087667993504,0.1331361650958471,5.224944446306489,0.3656044147221919,0.008411862751840582,0.23614666187563757,0.30258629614450727,0.26578789794193053,0.025970397077662976,-0.2144561697809042,0.47747810858576994,5.896098700182314,728.8245296317721,5.467191076379706e-159,13.415379192711024,0.20136552944619454,False,True,0.7028436845860779
821,009450.KS,009450,경동나비엔,KOSPI,가정용 기기 제조업,3766451554.6289062,502,0.5156398686534556,0.26588447414495286,0.13269643005148968,0.2656386671239661,0.13294223707247643,0.5004626717632039,0.3653380454036765,0.00839960991343897,0.23580268730396386,0.30214554466073035,0.2654246981732427,0.2658888789946335,0.2643397138327295,0.23861761584035837,2.9163780801390393,177.68280623745034,2.6101704038704168e-39,13.323981783549822,0.20611746193223207,False,True,0.8528551453377193
822,182360.KQ,182360,큐브엔터,KOSDAQ,오디오물 출판 및 원판 녹음업,844403421.4755859,502,0.5150434395336719,0.2652697446066752,-0.34915745749267274,-0.21652258518933515,0.1326348723033376,,0.36491546704600875,0.008380189868923749,0.23525750738115284,0.3014469788954323,0.2652250923528393,-0.21642785792191305,-0.695543824052864,0.16420613564314623,2.774903389516396,158.7511673253841,3.3699388274231177e-35,40.62051313712446,1.3169957946747141e-05,False,False,0.5141822717622191
823,006730.KQ,006730,서부T&D,KOSDAQ,일반 및 생활 숙박시설 운영업,3291862646.616211,502,0.5147272095848121,0.2649441002869671,0.22319207406245414,0.3556641242059377,0.13247205014348354,0.3724639094236538,0.3646914137125916,0.00836990237370662,0.23496870599122818,0.30107692351457455,0.26461400058335044,0.35700787893317454,0.44461278245774594,0.9099659272385178,5.137487207766137,607.4877108813989,1.2182030151636618e-132,13.171090713132532,0.21426267355691667,False,True,0.7081486805012893
824,099190.KQ,099190,아이센스,KOSDAQ,의료용 기기 제조업,1577616159.7626953,502,0.5134531753444725,0.26363416327132166,-0.06189046337373932,0.06992661826192151,0.13181708163566083,1.8850773126467884,0.3637887426674715,0.008328519889911805,0.2338069733647502,0.2995883385404565,0.26312419573229395,0.0706331359277302,-0.12328973259371878,0.632385332381414,5.757556792383433,710.0886763466988,6.400340811391308e-155,18.516177917515993,0.04685611583019445,False,False,0.3487509221839846
825,041510.KQ,041510,에스엠,KOSDAQ,오디오물 출판 및 원판 녹음업,14019634580.007812,502,0.5130971663809134,0.2632687021481227,0.010564369223949342,0.1421987202980107,0.13163435107406135,0.9257070021318811,0.36353650534681486,0.008316974534045238,0.23348285998719193,0.29917303617849517,0.2627447053829534,0.1425650387112932,0.021044894247708612,0.3927343003828229,3.0026067074165903,196.1970661261762,2.4908547773785e-43,5.937304663361759,0.8205028288638581,False,True,0.8387004114740653
826,041960.KQ,041960,코미팜,KOSDAQ,의약품 제조업,743368690.0,502,0.5129538389863605,0.26312164093084506,0.3942194349048369,0.5257802553702594,0.13156082046542253,0.2502201616011163,0.36343495588688757,0.008312328693544396,0.23335243706444028,0.2990059188929307,0.26321419646932204,0.5273814270241394,0.7853101441358259,0.8976313558648817,4.187384775614365,424.4527975321602,6.78025615604459e-93,34.66107995598473,0.00014262851210587054,False,False,0.4017255947063615
827,036570.KS,036570,NC,KOSPI,소프트웨어 개발 및 공급업,18862736579.0,502,0.512734622593342,0.26289679320593684,0.14028987340290516,0.2717382700058736,0.13144839660296842,0.48373163117630497,0.36327963801211777,0.008305225483831882,0.23315302828760953,0.2987504066501546,0.2624511946074654,0.27117857609933144,0.2794663351121365,-0.3465596718522764,3.964662133523067,330.3137568576741,1.8761996473204772e-72,7.119304643464945,0.7141359110537004,False,True,0.7984862258679769
828,086710.KQ,086710,선진뷰티사이언스,KOSDAQ,기타 화학제품 제조업,622290790.0,502,0.5124276128873814,0.26258205844946,-0.2888870098395993,-0.15759598061486932,0.13129102922473,,0.3630621173495117,0.00829528263482158,0.23287390216862916,0.2983927486683368,0.2623901600502527,-0.15737410628216797,-0.5754812656328525,0.2945928710419894,1.8382031850064848,75.59266512567888,3.848232754303649e-17,71.15758058666178,2.6488038471922652e-11,False,False,0.5476413319385756
829,194700.KQ,194700,노바렉스,KOSDAQ,기타 식품 제조업,1188054030.0,502,0.5122664933340588,0.2624169601927734,0.2036216053560434,0.3348300854524301,0.1312084800963867,0.39186586211061286,0.362947961896713,0.008290066982580073,0.232727482891155,0.2982051344691643,0.2620587480305622,0.3354133517386578,0.40562716622513406,0.38463221918878493,7.358496059832648,1118.8689828228646,1.098215056708727e-243,4.156263122109565,0.9400224303948668,False,True,0.6432255293616118
830,005440.KS,005440,현대지에프홀딩스,KOSPI,기타 금융업,1505501704.442871,502,0.5116045541748621,0.2617392198524594,0.5310882046319256,0.6619578145581553,0.1308696099262297,0.19770083085065288,0.3624789687615844,0.00826865635114119,0.2321264211177879,0.29743496454885865,0.26233709159176377,0.6636172451299784,1.057961423512804,0.7176315777597981,3.9906476948138545,367.3813496248267,1.6755351840516144e-80,116.50919022281269,2.580989271042937e-20,False,False,0.42257874854939004
831,011210.KS,011210,현대위아,KOSPI,자동차 신품 부품 제조업,4437827183.662109,502,0.5113883915668618,0.261518087029342,0.11800204612126973,0.24876108963594074,0.130759043514671,0.5256410627001011,0.36232581453613166,0.008261670499638513,0.2319303069441045,0.29718367384262984,0.2610523905492211,0.24839989858373135,0.23506756806697382,-0.21094091040488264,6.53108242225839,875.0426866455524,9.702750859688068e-191,77.90709657185434,1.2893898232675412e-12,False,False,0.34203856363804697
832,001780.KS,001780,알루코,KOSPI,1차 비철금속 제조업,784942272.5,502,0.5108632231928733,0.26098123281101143,-0.19370572281874612,-0.06321510641324041,0.13049061640550572,,0.36195372541167775,0.008244710630022726,0.2314541916395915,0.2965736039589989,0.26061024633368346,-0.061164441918767055,-0.3858740986309943,1.5368421369069858,14.305178727973683,4385.10785559062,0.0,15.373664651390072,0.11902092955970317,False,True,0.4475438575395343
833,045390.KQ,045390,대아티아이,KOSDAQ,기타 전기장비 제조업,2342369355.0,502,0.5102803883549025,0.26038607473963016,-0.07968172039356775,0.050511316976247334,0.13019303736981508,2.577502333408524,0.36154077879245405,0.008225908871655623,0.23092636889607226,0.2958972787985509,0.25989257252468984,0.05043622668238786,-0.15873104618083733,0.10947897374204031,2.4997461503547056,127.88391448935924,1.6996551187435214e-28,22.071161336590727,0.01474615454510399,False,False,0.5302128249845689
834,051370.KQ,051370,인터플렉스,KOSDAQ,전자부품 제조업,1138825250.0,502,0.5094813179139692,0.25957121330335503,-0.3128058900433317,-0.1830202833916542,0.12978560665167752,,0.3609746262298278,0.008200166420088164,0.2302036997102465,0.2949712873382441,0.25944242300202186,-0.18300455059536622,-0.6231291936577481,0.13694281916410597,1.7241165535595062,61.65826562850691,4.0839248034736476e-14,74.09959849493924,7.120912309223832e-12,False,False,0.5632852338122152
835,018470.KS,018470,조일알미늄,KOSPI,1차 비철금속 제조업,751750373.0,502,0.5088854804978665,0.25896443226154453,-0.32769129527508056,-0.1982090791443083,0.12948221613077227,,0.3605524671024783,0.00818099747812392,0.22966556900244892,0.2942817540777662,0.258874684259423,-0.19536447505322474,-0.652781865984486,2.055346142135658,17.625771775329223,6712.321693540965,0.0,92.38884471018832,1.79709412280111e-15,False,False,0.06297692385762277
836,004140.KS,004140,동방,KOSPI,기타 운송관련 서비스업,1608202342.836792,502,0.5085488047449892,0.2586218868075571,-0.22497292320028897,-0.09566197979651042,0.12931094340377855,,0.36031392763148623,0.008170176055773595,0.22936177864825935,0.29389249260208605,0.25830754827473196,-0.09498992119913817,-0.44816034701009944,0.6245675855227176,4.951861872732274,532.7569223067358,2.0573312515365034e-116,49.300777617852276,3.5875021144860657e-07,False,False,0.38552837669219986
837,079940.KQ,079940,가비아,KOSDAQ,소프트웨어 개발 및 공급업,615797283.3144531,502,0.508505264027899,0.2585776035440832,0.5675581019280057,0.6968469037000473,0.1292888017720416,0.1855340119695689,0.36028307842558843,0.00816877709428827,0.22932250552949862,0.2938421700294548,0.259340771411005,0.6998600187507796,1.1306117744756303,1.5827793376395491,11.37010800941101,2853.378329263829,0.0,6.656151301223517,0.7574585073157394,False,True,0.4444813774906967
838,226400.KQ,226400,오스테오닉,KOSDAQ,의료용 기기 제조업,1017454180.0,502,0.5071951008512321,0.2572468703274915,-0.044203839758124024,0.08441959540562172,0.12862343516374575,1.5236206066344211,0.3593548095247113,0.008126737633525576,0.22814232955432714,0.29232995268837747,0.2567421802493995,0.08479555454351749,-0.08805685539118357,0.4389616272494441,1.8749299241153938,87.17815170699458,1.1735588842814377e-19,17.91374818335009,0.05643613366250733,False,True,0.886364044931511
839,012030.KS,012030,DB,KOSPI,"컴퓨터 프로그래밍, 시스템 통합 및 관리업",750499070.0,502,0.506840978845738,0.2568877778373058,0.10261004883907844,0.23105393775773136,0.1284438889186529,0.5559043492837205,0.3591039091401862,0.008115393470425777,0.22782386427180645,0.29192188750751413,0.25641783023636533,0.23156551233995742,0.20440573221118008,0.45953154140683067,3.400500128456313,252.97227403777023,1.1688765756608305e-55,33.693002809357274,0.0002081618501358983,False,False,0.4663420581256772
840,293490.KQ,293490,카카오게임즈,KOSDAQ,소프트웨어 개발 및 공급업,3095146890.0,502,0.5061970369307853,0.2562354401975069,-0.3785516439476103,-0.2504339238488569,0.12811772009875344,,0.35864766730385056,0.008094785340809388,0.22724533117396833,0.29118058468374597,0.2562936671731931,-0.24878961668232996,-0.7540989097686523,1.2116884045152823,12.29308847715247,3214.4821248370863,0.0,25.10593614691227,0.00514828182180176,False,False,0.11922077303231449
841,029460.KS,029460,케이씨,KOSPI,"측정, 시험, 항해, 제어 및 기타 정밀기기 제조업; 광학기기 제외",720574341.3212891,502,0.5057801024105159,0.25581351199439195,0.3010237376901117,0.4289304936873077,0.12790675599719598,0.2981992604387801,0.3583522633757285,0.00808145612206113,0.226871139320669,0.29070111431546725,0.25566350781179836,0.429229956708517,0.5996583980969685,0.11365855174309569,3.349491200961367,229.4500753098758,1.4981289978385865e-50,84.76634627229272,5.803922534385951e-14,False,False,0.4916956591738655
842,032350.KS,032350,롯데관광개발,KOSPI,여행사 및 기타 여행보조 서비스업,7192102740.0,502,0.5043140300357548,0.25433264089090424,0.15622623028927773,0.28339255073472985,0.12716632044545212,0.44872852202980595,0.35731353063147,0.008034673625108714,0.22555781184310134,0.28901828342594454,0.2539228538903411,0.28313436875845405,0.3112125698619739,-0.14709200010605505,3.1834073124432205,208.01097515566306,6.7762693008349695e-46,25.200264779819918,0.004978559190349793,False,False,0.4969405375996514
843,003090.KS,003090,대웅,KOSPI,의약품 제조업,1606346151.5625,502,0.5030822438622393,0.25309174408946566,-0.06381840697464596,0.06272746507008688,0.12654587204473283,2.0173917741349845,0.3564407929314884,0.007995472204610443,0.2244573083203323,0.28760815430447495,0.2526037391299543,0.06440380393608135,-0.12713031865584234,1.3536191759476734,11.208801906005675,2722.8193671571667,0.0,1.6927930910865152,0.9981986295527832,False,True,0.4597587216034884
844,377450.KQ,377450,리파인,KOSDAQ,기타 정보 서비스업,562130781.6708984,502,0.5015621644390004,0.25156460479673487,0.07963923573194376,0.2054215381303112,0.12578230239836743,0.6123131174228488,0.3553637954394312,0.0079472280399834,0.2231029473698803,0.28587274521427214,0.2510886483711748,0.20470956642556729,0.1586464140374435,-0.4833482319674514,9.217103594984595,1756.7305586142681,0.0,21.45042357578269,0.018162702762508913,False,False,0.20300712276119648
845,090430.KS,090430,아모레퍼시픽,KOSPI,기타 화학제품 제조업,31540490553.953125,502,0.5006705151255954,0.25067096471612904,-0.0945368053979601,0.030798676960104424,0.12533548235806452,4.06950865195995,0.3547320494532343,0.007918996876414177,0.222310412442194,0.2848572313533985,0.25020708527432567,0.029764712466536825,-0.18832331868958718,-0.7247323908415493,16.53249546343469,5639.528476315138,0.0,5.385339113762479,0.863996819396676,False,True,0.50168450727723
846,011780.KS,011780,금호석유화학,KOSPI,기초 화학물질 제조업,10885575200.820312,502,0.5005148637185997,0.2505151288032484,-0.0750127935209558,0.050244770880668393,0.1252575644016242,2.492947270057447,0.35462176825844494,0.007914073832739243,0.22217220758027453,0.2846801426876294,0.25003842372653834,0.050092971332444614,-0.14943024741079292,0.046502620953857654,3.1449669799731765,201.4226959142669,1.8264900772942106e-44,21.466097735538895,0.01806794835592949,False,False,0.5053763111709499
847,194370.KS,194370,제이에스코퍼레이션,KOSPI,"가죽, 가방 및 유사제품 제조업",1193526744.4707031,502,0.5001702065229765,0.25017023549323697,0.27335146902662427,0.3984365867732428,0.12508511774661848,0.3139398386067558,0.3543775738238445,0.007903178238796923,0.2218663350031134,0.28428821315756436,0.24996840041700574,0.40017208920502023,0.5445334819498626,1.1950472896780295,10.04608107387601,2183.0758032296135,0.0,3.0893734472341357,0.9792418074193588,False,True,0.47033018068813137
848,271940.KS,271940,일진하이솔루스,KOSPI,그외 기타 운송장비 제조업,733537595.0,502,0.5000267836074586,0.25002678432482023,-0.321055496962772,-0.1960421048003619,0.12501339216241011,,0.35427595668597994,0.007898646444075917,0.22173911369348884,0.28412519825587484,0.24993775725594813,-0.19604726448298299,-0.6395629344258396,0.10302175930839184,3.29434899505579,221.77415720390664,6.955905108723822e-49,156.5855384822278,1.6406908496517452e-28,False,False,0.49488617793526335
849,267250.KS,267250,HD현대,KOSPI,기타 금융업,23109039522.796875,502,0.4999040470203521,0.24990405622732642,0.5704963489901473,0.6954483771038106,0.12495202811366321,0.17967117650633535,0.3541889961005813,0.007894769316057511,0.22163027087636006,0.2839857326177187,0.2506977714624548,0.6966370458474721,1.1364649491787855,0.3427226213098346,2.8967790275480425,180.38981065892466,6.7429559046129505e-40,16.604192196052065,0.08359399624223138,False,True,0.8467967690063491
850,294870.KS,294870,IPARK현대산업개발,KOSPI,건물 건설업,5523916279.96582,502,0.4993466485386072,0.24934707540673934,0.05389501215624396,0.17856854985961362,0.12467353770336967,0.6981830663987867,0.35379407149484154,0.00787717362290076,0.22113630606441093,0.2833527912850476,0.24886189456273305,0.17859743071126183,0.1073622861207717,0.1526113300609864,1.5545113876397316,50.71810435112346,9.698477751575462e-12,18.40099086671216,0.04856464257947439,False,False,0.5698728988854797
851,200880.KS,200880,서연이화,KOSPI,자동차 신품 부품 제조업,1301200058.0297852,502,0.49929126081736286,0.24929176312859186,-0.11887420121317961,0.005771680351116318,0.12464588156429593,21.59611655212122,0.35375482852111334,0.007875426241594062,0.22108725173782784,0.2832899355712605,0.24885124168816355,0.005390150782804,-0.23680495638498478,-0.13488404917197558,4.211926309740103,363.1690102925462,1.37673836802062e-79,40.690398495131895,1.2800730231144305e-05,False,False,0.45147104611689703
852,030520.KQ,030520,한컴,KOSDAQ,소프트웨어 개발 및 공급업,4767762200.0,502,0.4983995434871594,0.24840210494820894,-0.03685833555983762,0.08734271691426684,0.12420105247410447,1.4219966685489842,0.3531230343440652,0.00784732087103586,0.2202982482039025,0.2822789466583572,0.24791267105739895,0.08772245389009772,-0.0734241446469781,0.4438321500420545,3.8087775183705217,311.9399515391152,1.83273713948429e-68,5.96983547193608,0.81779113533028,False,True,0.7990162016705229
853,093320.KQ,093320,케이아이엔엑스,KOSDAQ,"자료처리, 호스팅, 포털 및 기타 인터넷 정보매개 서비스업",1408913746.6523438,502,0.49832625381576795,0.24832905524205717,0.31877610905728393,0.4429406366783125,0.12416452762102859,0.2803186642620094,0.35307110758874205,0.007845013143072656,0.2202334632363983,0.28219593450308367,0.2482376227051197,0.443773224400238,0.6350222489950657,0.5035094108561896,3.8893472204111923,329.318801265992,3.0855380870185557e-72,32.04728520414449,0.00039323643030098065,False,False,0.4414120810244171
854,340570.KQ,340570,티앤엘,KOSDAQ,의료용품 및 기타 의약 관련제품 제조업,3212446450.0,502,0.4977331378507883,0.24773827651479186,0.04735588143490874,0.17122501969230466,0.12386913825739593,0.7234289619588986,0.35265087664750544,0.007826349733446559,0.21970952436430294,0.28152458593751745,0.24725367309695945,0.17197916405923144,0.09433592254096901,0.7114029875760027,2.6622623193819503,186.09750640617318,3.88543757606671e-41,14.885907501327935,0.13627716120299063,False,True,0.832771329789412
855,211050.KQ,211050,인카금융서비스,KOSDAQ,보험 및 연금관련 서비스업,1325934545.3774414,502,0.4953148745945149,0.24533682499458,0.43338762472516723,0.5560560372224572,0.12266841249729,0.22060440726446956,0.3509375033708703,0.007750484995346741,0.2175797696137964,0.278795626753706,0.2455934428596306,0.5569615864714464,0.8633356651271189,0.41599112186178056,0.8015885053619227,27.173111775923854,1.2572850449899426e-06,17.874531510905673,0.057117360127809706,False,True,0.9361957758012615
856,058820.KQ,058820,CMG제약,KOSDAQ,의약품 제조업,1004589513.0,502,0.49418062862645284,0.2442144937096361,-0.6062769240809591,-0.48416967722614107,0.12210724685481805,,0.3501338742681384,0.007715029201933102,0.21658441727558203,0.2775202330005744,0.24518662854599746,-0.482127771864371,-1.207742126542228,1.3362914125728123,13.939442399745872,4125.566947523287,0.0,19.112893402909545,0.03885197447857607,False,False,0.11091390582847915
857,015760.KS,015760,한국전력공사,KOSPI,전기업,72708862218.04688,502,0.4919153988488984,0.2419807596246708,0.28654780917468825,0.40753818898702365,0.1209903798123354,0.29688108521331197,0.3485289273475617,0.007644462859071607,0.21460340465101588,0.2749818643955646,0.24182455817127704,0.4080139308284733,0.5708214293876726,0.27129403877042935,5.1466803555235,546.677317355039,1.952220394765727e-119,43.725883197632236,3.6865525612944555e-06,False,False,0.40031311475008047
858,034230.KS,034230,파라다이스,KOSPI,유원지 및 기타 오락관련 서비스업,7047911312.9296875,502,0.4912466759425175,0.2413232966245728,-0.10629166645594462,0.01436998185634178,0.1206616483122864,8.396785014661369,0.34805512783285025,0.007623692813166889,0.2140203260687685,0.2742347372197575,0.24088740593547456,0.013436010378338697,-0.211739748257477,-0.6022261289958398,5.4430879480704135,634.929766506651,1.338914993797899e-138,49.577725324900904,3.1912527999990593e-07,False,False,0.3649126337371088
859,021080.KQ,021080,에이티넘인베스트,KOSDAQ,신탁업 및 집합투자업,538090179.0742188,502,0.49071056457652584,0.24079685818701274,-0.013373790874191029,0.10702463821931535,0.12039842909350637,1.1249599260198888,0.3476752854457952,0.007607061990576871,0.21355344811857613,0.27363650361112557,0.24031789292579267,0.1069514695725684,-0.026641440550967843,0.09108376006513573,3.3774303956512046,232.90534657671643,2.6622362213604924e-51,61.5229902482315,1.8643692220709795e-09,False,False,0.49194338152468675
860,122870.KQ,122870,와이지엔터테인먼트,KOSDAQ,오디오물 출판 및 원판 녹음업,10708480357.695312,502,0.49040050661466833,0.24049265688792335,0.0808455263399215,0.20109185478388317,0.12024632844396167,0.5979671756133158,0.3474556050513318,0.007597451906138021,0.21328366371677038,0.27329081562954843,0.24003952435477888,0.20123402690052253,0.16104942151841506,0.23165546835577194,1.7285656592262617,64.87446119158004,8.178802932377612e-15,10.331574067743455,0.4119005093334657,False,True,0.9067708474444334
861,001360.KS,001360,삼성제약,KOSPI,의약품 제조업,524819496.0,502,0.48945325218062463,0.23956448607019015,-0.10129386803872624,0.018488374996368837,0.11978224303509508,6.478786970657,0.3467844620609008,0.007568129875105302,0.21246050480987128,0.2722360617626141,0.23912798204072744,0.020358767495515823,-0.20178381648984356,1.61841655634886,13.134369241834161,3748.396040113397,0.0,35.72730017855261,9.375791316211639e-05,False,False,0.09210556291007599
862,048870.KQ,048870,시너지이노베이션,KOSDAQ,의료용 기기 제조업,725537452.5,502,0.488862465064467,0.23898650974890726,-0.22132478446560355,-0.10183152959114992,0.11949325487445363,,0.3463658811415659,0.007549870908862188,0.21194791989796602,0.2715792615829247,0.23870482457668413,-0.10044543514942232,-0.4408930230227499,1.195666337261395,15.224985257512117,4864.029017887991,0.0,56.65564201781032,1.5468657252461063e-08,False,False,0.12028891084924032
863,086900.KQ,086900,메디톡스,KOSDAQ,기초 의약물질 제조업,5181813949.3984375,502,0.4875446098968564,0.23769974663947785,-0.34660930204289847,-0.22775942872315955,0.11884987331973892,,0.34543216235772306,0.007509220516600779,0.21080673931529822,0.27011701095020846,0.23770297929611092,-0.22785658034218426,-0.690467736609266,0.0006682926945489441,3.8883950519906234,308.0828263954526,1.2608524412338868e-67,19.203938781053832,0.037747517052492546,False,False,0.4749776698141187
864,016360.KS,016360,삼성증권,KOSPI,금융 지원 서비스업,21838130725.26172,502,0.48682156420525846,0.2369952353752546,0.4270889574300399,0.5455865751176672,0.1184976176876273,0.2171930598953444,0.3449198743913256,0.007486964159518895,0.21018193544183403,0.269316419112972,0.23724696258878059,0.5472655072566239,0.8507883199598414,1.0196884319810209,9.891827992811626,2087.79481615081,0.0,15.650470647885637,0.11008481812039796,False,True,0.4868885115247421
865,010780.KS,010780,아이에스동서,KOSPI,"시멘트, 석회, 플라스터 및 그 제품 제조업",784925890.0351562,502,0.48671641888582035,0.23689287241303736,-0.1678951060349894,-0.04944866982847071,0.11844643620651868,,0.3448453774646485,0.007483730390586076,0.2100911536778787,0.2692000959877814,0.23653283444586184,-0.049531806694756014,-0.33445771122843126,0.09780580639484074,3.3368429355052127,227.44355573899986,4.0856334360787e-50,42.31718385143088,6.5842136121223355e-06,False,False,0.4933216808092761
866,007860.KS,007860,서연,KOSPI,기타 금융업,585015792.6518555,502,0.4866512366444196,0.23682942612754287,0.03409576057335924,0.15251047363713066,0.11841471306377144,0.7764365963843013,0.3447991949366555,0.007481726046216875,0.21003488561383635,0.26912799695849776,0.23636226754047981,0.1527712727124789,0.06792091987232673,0.33180328424074823,5.5993988344849,649.2357930168915,1.0477045243323971e-141,38.725214451432876,2.8360644241940844e-05,False,False,0.3759068334987963
867,056190.KQ,056190,SFA,KOSDAQ,특수 목적용 기계 제조업,1994912651.850586,502,0.48663137777292176,0.2368100978331721,0.01514871158939776,0.1335537605059838,0.11840504891658606,0.8865721823780542,0.34478512464896444,0.007481115442180936,0.21001774409488047,0.26910603268981004,0.23633927521921821,0.13329865574460747,0.030177195309038396,-0.07131533066515555,3.4516844234727486,242.99862921192369,1.7120565739799298e-53,55.21250296051269,2.8821439677464665e-08,False,False,0.4899198455660493
868,065450.KQ,065450,빅텍,KOSDAQ,"측정, 시험, 항해, 제어 및 기타 정밀기기 제조업; 광학기기 제외",1330805495.0,502,0.4859878192555762,0.23618416046479063,-0.21656878025134174,-0.09847670001894643,0.11809208023239531,,0.3443291544551858,0.007461341328850111,0.20946262437973734,0.2683947305812483,0.23589979328213878,-0.09588132339544322,-0.43141876065941887,2.194648675483408,19.329262242891136,8051.4480508509805,0.0,29.491775213450566,0.0010368467260642373,False,False,0.05369008830110611
869,105740.KQ,105740,디케이락,KOSDAQ,일반 목적용 기계 제조업,912864640.2197266,502,0.48591866025197056,0.23611694438106998,-0.0669362589679571,0.051122213222577886,0.11805847219053499,2.3093380499104645,0.344280154335654,0.007459217892026739,0.209403013027016,0.2683183476322587,0.23566437151636854,0.05061378190651165,-0.13334127778537486,-0.2707688237144417,5.13514077932571,544.2266772666005,6.647809706635603e-119,14.60596053583949,0.14710178732166806,False,True,0.750867410016047
870,086280.KS,086280,현대글로비스,KOSPI,기타 운송관련 서비스업,29023577951.003906,502,0.4858675741506353,0.23606729961102307,0.30982117940942594,0.42785482921493745,0.11803364980551154,0.27587312739250647,0.34424395911968314,0.007457649554108635,0.2093589849948216,0.2682619323559113,0.2359779554039606,0.42830341755076545,0.6171834605695707,0.24789083998990935,2.565538342152381,138.7980267041974,7.250892253313481e-31,36.73462223034171,6.289759182432698e-05,False,False,0.5180247186038156
871,298050.KS,298050,HS효성첨단소재,KOSPI,화학섬유 제조업,2727502045.046875,502,0.4855601209887627,0.2357686310946219,-0.30826033943435516,-0.19037602388704422,0.11788431554731095,,0.34402612426237267,0.007448214256920776,0.2090941074046315,0.2679225317126385,0.23567605356562663,-0.1905880915313718,-0.6140741682382789,-0.06629220475949077,3.335862059845045,226.8797617013065,5.41608808350217e-50,33.37538624035362,0.00023550784310929137,False,False,0.49546672698967364
872,241560.KS,241560,두산밥캣,KOSPI,특수 목적용 기계 제조업,15300211104.488281,502,0.4848088538739898,0.23503962479461163,0.17493102759407042,0.2924508399913762,0.11751981239730581,0.4018446737946495,0.3434938410236775,0.007425184072235425,0.2084475798284849,0.2670941042300408,0.23469285037236526,0.2919735238284983,0.348473713699299,-0.3882956281669129,5.644192051550423,662.9230768515433,1.1170764559985547e-144,6.700957668209517,0.7533425029874892,False,True,0.7201249824691034
873,161890.KS,161890,한국콜마,KOSPI,기타 화학제품 제조업,15762441062.28125,502,0.4842761454411958,0.23452338504338224,0.4280720052435991,0.5453336977652903,0.11726169252169112,0.21502740982670787,0.34311640966229884,0.007408875438397054,0.20798974669992604,0.26650746019483595,0.23478337223026205,0.545929623878582,0.8527466136201856,0.15432237440010316,6.164971381327863,778.2012369435103,1.0369277391636502e-169,10.087732952842426,0.43283020657072685,False,True,0.7122881295469059
874,010950.KS,010950,S-Oil,KOSPI,석유 정제품 제조업,16708037676.46875,502,0.4842695160455787,0.234516964171019,0.38787051928453953,0.505129001370049,0.1172584820855095,0.23213571536671265,0.3431117126429561,0.007408672595326475,0.2079840522758234,0.2665001636500353,0.23464679707727804,0.5069810676456624,0.7726627011144398,1.2505918204742323,10.114685106086753,2222.697681645424,0.0,35.86438529619503,8.88143377331569e-05,False,False,0.11662721196838455
875,035420.KS,035420,NAVER,KOSPI,"자료처리, 호스팅, 포털 및 기타 인터넷 정보매개 서비스업",168370244990.3672,502,0.4840309199737504,0.23428593149063517,0.14079571925709924,0.25793868500241685,0.11714296574531759,0.45415043402357413,0.34294266399520434,0.007401373995441238,0.20777915830048038,0.266237622953466,0.23389789087068677,0.25856280575746327,0.2804740121708882,0.5749897116042403,4.916933342141645,520.7605996550373,8.284619917144489e-114,86.03853228596505,3.2562248802504426e-14,False,False,0.39040535216334327
876,069960.KS,069960,현대백화점,KOSPI,종합 소매업,5191878371.527344,502,0.4838347417070341,0.23409605728271243,0.3998558547861089,0.5169038834274651,0.11704802864135622,0.22644060606633276,0.34280366895453773,0.007395375641139796,0.20761076618724447,0.2660218538825026,0.23426419358889516,0.5177226748112231,0.7965382504072487,0.40837450437917133,4.261616983443895,384.1340901094462,3.8578219276768197e-84,82.91378556150501,1.3445328811440903e-13,False,False,0.43100226878641323
877,035720.KS,035720,카카오,KOSPI,"자료처리, 호스팅, 포털 및 기타 인터넷 정보매개 서비스업",84107910813.25977,502,0.48363805601174975,0.2339057692228244,-0.012768358910235693,0.1041845257011765,0.1169528846114122,1.1225552338440172,0.3426643143936468,0.0073893642127576585,0.20744200704465912,0.2658056145188384,0.23344046842373864,0.1041465796707287,-0.025435381638644117,0.11754260202154805,3.9448389185578137,318.26921499919604,7.739592285987482e-70,52.600606172320845,8.831626669307152e-08,False,False,0.46464607519679524
878,007070.KS,007070,GS리테일,KOSPI,종합 소매업,2944211890.116699,502,0.4824740733871393,0.2327812314907787,0.04207463234793261,0.15846524809332196,0.11639061574538935,0.7344866912198037,0.34183961645461913,0.007353838715029733,0.2064446978935933,0.26452771340545755,0.2323245487578794,0.15313265988655814,0.0838153390423102,-4.868738143670864,68.33577843339702,97683.19939592016,0.0,0.15964481777241968,0.9999999747313649,False,True,0.35
879,285130.KS,285130,SK케미칼,KOSPI,합성고무 및 플라스틱 물질 제조업,2253440806.3085938,502,0.4820154459566339,0.23233889014077266,0.03155409854104216,0.14772354361142848,0.11616944507038633,0.7863976332436085,0.34151467251755135,0.007339864620451314,0.20605240240747094,0.2640250459648207,0.23188001470263764,0.14815237716162216,0.06285776772858398,0.49336933631197566,4.567660383966514,445.75972866018276,1.60141832600546e-97,17.950215802446106,0.05580925931553958,False,True,0.7615639936340418
880,071320.KS,071320,지역난방공사,KOSPI,"증기, 냉·온수 및 공기조절 공급업",1370752803.8671875,502,0.4816071040491196,0.23194540267057953,0.33823825611438346,0.4542109574496732,0.11597270133528977,0.25532783706156975,0.3412253565755214,0.007327433878618505,0.20570343354349208,0.2635778950494428,0.23193734859887,0.454430027454955,0.6737920816246845,0.01034470184512367,3.308761021905582,222.84441823380064,4.073328342413742e-49,17.255980302712594,0.0688882355347647,False,True,0.850416107224574
881,001500.KS,001500,현대차증권,KOSPI,금융 지원 서비스업,970330623.4282227,502,0.48142815062132144,0.23177306421066576,-0.010627133199310706,0.10525939890602218,0.11588653210533288,1.1009613707636583,0.3410985655736914,0.00732198949966026,0.20555059320896643,0.2633820532350455,0.23131181303814038,0.10604593979039145,-0.021169924071642754,0.7522568666180993,13.18428609062454,3604.533773808235,0.0,60.32837763648304,3.1409734538076563e-09,False,False,0.1498495422254601
882,118990.KQ,118990,모트렉스,KOSDAQ,자동차 신품 부품 제조업,924154234.565918,502,0.4809570928681908,0.23131972518022154,-0.3995286625696217,-0.283868799979511,0.11565986259011077,,0.34076481457951324,0.007307667975146602,0.20514854430414678,0.2628668882608211,0.2314923541221234,-0.28415413192447325,-0.7958864627378972,-0.21990533567306722,4.661695462026406,447.2855396368158,7.467567386280649e-98,29.44308930688112,0.0010559296578093122,False,False,0.42556334849727395
883,082640.KS,082640,동양생명,KOSPI,보험업,1331368300.0,502,0.4789772356967783,0.22941919231572713,0.039218305722423144,0.1539279018802867,0.11470959615786357,0.7452163951865977,0.3393620581342617,0.007247627859074534,0.2034630349933889,0.2607071625403369,0.22896828544668993,0.15364427268762518,0.07812535505022389,-0.15280298007518187,8.650929160503226,1532.1028970730213,0.0,7.784239592795502,0.6499027911146468,False,True,0.6005213224390094
884,195940.KQ,195940,HK이노엔,KOSDAQ,의약품 제조업,7608375744.5,502,0.47849483781589375,0.22895730981645845,0.013545799268194977,0.12802445417642422,0.11447865490822923,0.8941936573341825,0.33902027250125877,0.007233036436118464,0.203053409215515,0.2601822889471736,0.22850194768753382,0.1294725045889714,0.026984092192991582,1.3354376171473705,13.04608246882821,3631.531252456507,0.0,14.2026311553003,0.16394800294949607,False,True,0.46097082552350865
885,004830.KS,004830,덕성,KOSPI,플라스틱제품 제조업,729296176.4199219,502,0.4780056666388086,0.2284894173388118,-0.4092580160171243,-0.2950133073477184,0.1142447086694059,,0.3386736878933409,0.007218255150726367,0.2026384534195694,0.259650585740524,0.22869891042136334,-0.29480075499290315,-0.8152679525420492,0.17221530460084977,8.328177918105665,1420.4288438853614,3.612397908727724e-309,95.03244020675598,5.351075434479588e-16,False,False,0.2637509733785217
886,460860.KS,460860,동국제강,KOSPI,1차 철강 제조업,1392993599.4667969,502,0.4775417461629686,0.22804611932837712,0.05238883830951877,0.16641189797370734,0.11402305966418856,0.6851857412395111,0.3383449937597613,0.007204250834095886,0.20224530950820283,0.25914683117102333,0.22760273542193718,0.1670249498945893,0.10436189218800962,0.64166961993241,6.431623651760521,879.2005119149107,1.213485508739925e-191,30.9059150087362,0.0006080873766655425,False,False,0.31779896100861593
887,059210.KQ,059210,메타바이오메드,KOSDAQ,의료용품 및 기타 의약 관련제품 제조업,950467037.2592773,502,0.47634537636979996,0.2269049175888864,-0.03443271878659793,0.07901974000784527,0.1134524587944432,1.435748317865629,0.33749734905967704,0.007168198900356294,0.20123322169151756,0.2578499934287856,0.2264576205710321,0.08016609593249194,-0.06859216202727048,1.1362506774939114,8.992312165973127,1760.859467492461,0.0,1.9770922256459023,0.9965127246947548,False,True,0.5195959073649485
888,023530.KS,023530,롯데쇼핑,KOSPI,종합 소매업,4604232835.5,502,0.4763055718571815,0.22686699778219668,0.30660648322780465,0.420039982118903,0.11343349889109834,0.27005405132835214,0.33746914700680586,0.00716700096811444,0.20119959207719637,0.25780690215509416,0.226788117267815,0.42016425493322807,0.610779581668087,-0.030001691327086286,4.094809296920619,341.84184704650534,5.888247712629852e-75,30.81537865795687,0.0006293588354643832,False,False,0.46373346888343303
889,000100.KS,000100,유한양행,KOSPI,의약품 제조업,45526950853.36719,502,0.47578336878748445,0.22636981401476744,-0.0707281304249604,0.04245677658242332,0.11318490700738372,2.66588554568321,0.33709915884183883,0.007151294335693989,0.20075865896584888,0.25724191294055093,0.2259387291954878,0.043630719903206334,-0.14089492648146873,1.1811816081620308,7.965180726218369,1412.9102137443313,1.5504057595172329e-307,8.52131441060168,0.5780524659217476,False,True,0.562821426776038
890,069620.KS,069620,대웅제약,KOSPI,의약품 제조업,4828718298.53125,502,0.4751122321285411,0.22573163311816472,0.026417970240713705,0.13928378679979606,0.11286581655908236,0.8103298966254673,0.33662364914974036,0.00713113343459997,0.20019268093765108,0.2565166975430886,0.22528473799112006,0.1395798428193934,0.052626274050945554,0.41533074466475817,2.118197350427698,105.29580297923853,1.3655477760105278e-23,28.92115365015771,0.0012831943417122443,False,False,0.5269924029197697
891,005490.KS,005490,POSCO홀딩스,KOSPI,1차 철강 제조업,102998565309.11719,502,0.4746098831883048,0.22525454122001634,-0.0200030712714774,0.09262419933853078,0.11262727061000817,1.2159594513564265,0.33626772791266496,0.007116061528464061,0.19976956653040287,0.25597454030775985,0.22480741478360658,0.09239109220431155,-0.039847388009054185,-0.04534555744292685,3.0523798886004476,189.69496661822978,6.430746298725021e-42,25.059299568632824,0.005234230649005973,False,False,0.509619867850118
892,383220.KS,383220,F&F,KOSPI,봉제의복 제조업,4969921795.6796875,502,0.47378322440316295,0.22447054372585787,0.01589107023087448,0.1281263420938034,0.11223527186292893,0.8759734339466246,0.33568202862302665,0.007091294105901227,0.1990742693846908,0.25508362198450335,0.2240243933360667,0.1266416400504081,0.03165602085674202,-1.2681978270594445,14.512764210936552,4444.988249381225,0.0,0.9605997104765883,0.9998569210959873,False,True,0.465453478196037
893,206650.KQ,206650,유바이오로직스,KOSDAQ,의약품 제조업,2220105920.0,502,0.4733616010014159,0.22407120530262367,-0.09943381396714175,0.012601788684170084,0.11203560265131184,8.890452415857991,0.3353833025569198,0.0070786785254338,0.1987201115360794,0.2546298221686996,0.22366408277772712,0.014019624160903956,-0.19807847068057605,1.4001456042605267,10.688326429804647,2500.0585327940125,0.0,4.238949836572966,0.9359243541881808,False,True,0.45665695971596487
894,003550.KS,003550,LG,KOSPI,기타 금융업,17546111965.546875,502,0.4733179320908379,0.22402986483874704,0.23863210065064452,0.35064703307001804,0.11201493241937352,0.3194521038397211,0.33535236252414624,0.007077372530522585,0.19868344827280368,0.25458284373186274,0.22380956353878836,0.3517646494765185,0.47537029574056966,0.8902800994257639,13.154647476161259,3607.397231232687,0.0,253.32787701989056,1.08336224841357e-48,False,False,0.1406479933716157
895,214180.KQ,214180,헥토이노베이션,KOSDAQ,기타 정보 서비스업,568151783.9594727,502,0.4728848243828772,0.2236200571316246,0.08175137596740013,0.19356140453321244,0.1118100285658123,0.5776462969745979,0.33504549966676317,0.007064426212801632,0.19832000562001958,0.25411714684123804,0.22320111983251992,0.19470041680623318,0.16285393149061456,1.1101759668120645,7.401869150400524,1222.1724365350685,4.0609481014734966e-266,105.75836116267367,3.812902310107966e-18,False,False,0.24290415711117208
896,003470.KS,003470,유안타증권,KOSPI,금융 지원 서비스업,1160298650.0,502,0.47256981332847586,0.22332222846931052,0.292538358436224,0.40419947267087925,0.11166111423465526,0.2762524985419159,0.334822309937086,0.007055017447613199,0.19805587286403356,0.25377870059055024,0.2232169614531397,0.40631960211527246,0.5827549838689858,1.7167037763366484,14.740253702847639,4692.659271286016,0.0,43.98301591806772,3.314867177697157e-06,False,False,0.08555308157755681
897,237880.KQ,237880,클리오,KOSDAQ,기타 화학제품 제조업,1260517774.7167969,502,0.47203783239086305,0.22281971520826455,-0.4545662675477202,-0.343156409943588,0.11140985760413227,,0.3344453940161992,0.007039142450087714,0.19761021323030886,0.2532076550511435,0.22319581350196932,-0.3428986525220533,-0.9055248663053792,0.15180592551043134,9.719561346532169,1934.0545668294756,0.0,3.449114366558893,0.9687979761160563,False,True,0.5524993443720236
898,352820.KS,352820,하이브,KOSPI,오디오물 출판 및 원판 녹음업,52234101490.03125,502,0.47198662901235006,0.22277137796644175,-0.014288535430198217,0.09709715355302266,0.11138568898322088,1.14715709891944,0.33440911570771065,0.007037615418556787,0.1975673447944766,0.25315272562247,0.2223284204488875,0.09617887975627876,-0.02846366978555359,-0.6841145778746708,4.571871964305117,465.2261180672631,9.493624345346073e-102,21.399025166419293,0.0184767058534645,False,False,0.39865812308129167
899,026890.KS,026890,스틱인베스트먼트,KOSPI,신탁업 및 집합투자업,704961920.0,502,0.4715675609852987,0.2223759645736234,-0.022061141231996265,0.08912684105481544,0.1111879822868117,1.2475252232762077,0.33411220016024934,0.007025123834514866,0.1972166679039873,0.25270338612897963,0.22193491588972078,0.08888213015451321,-0.04394719404151637,-0.05151412103132997,2.2024856632204006,98.59551186459149,3.8927510309321736e-22,17.72714968071388,0.05974439703123815,False,True,0.89745387041966
900,005010.KS,005010,휴스틸,KOSPI,1차 철강 제조업,1560720405.0,502,0.47153962703863606,0.222349619867736,-0.08088635335640026,0.03028845657746773,0.111174809933868,3.6705340085428273,0.3340924085690739,0.007024291573611141,0.1971933038002183,0.2526734485572772,0.22193265504510032,0.03093027066885789,-0.16113075152743228,0.7561659191863904,4.1596602489690095,400.2643342735145,1.2125625786127711e-87,93.15932881955608,1.2628898947128609e-15,False,False,0.4124042275173019
901,036460.KS,036460,한국가스공사,KOSPI,연료용 가스 제조 및 배관공급업,16050055854.240234,502,0.4712460981957097,0.22207288506468045,-0.026170039583139057,0.08486640294920117,0.11103644253234023,1.3083674890616463,0.3338844392861238,0.007015549188774214,0.19694787837460487,0.2523589729262172,0.22163322654156287,0.08386975822591082,-0.052132380439427806,-0.7784363236563646,7.74239426778975,1275.6329505204044,9.995955809478793e-278,28.218871163309487,0.0016651430973467275,False,False,0.249696503039037
902,026150.KQ,026150,특수건설,KOSDAQ,토목 건설업,507367911.15405273,502,0.4710795089325817,0.22191590373616232,-0.2908924997356743,-0.17993454786759316,0.11095795186808116,,0.33376640846756955,0.007010589960043443,0.19680865768772512,0.2521805826341206,0.2218096276686271,-0.17905400368406793,-0.5794763288385258,0.9164175977545729,4.669221639938099,514.5452745319513,1.853161592451979e-112,26.96288346061853,0.0026397827729840863,False,False,0.378790519685814
903,123860.KQ,123860,아나패스,KOSDAQ,반도체 제조업,696901236.9189453,502,0.47007726245985687,0.22097263268175318,-0.35726300315375326,-0.24677668681287668,0.11048631634087659,,0.3330563028500303,0.006980790894396024,0.19597210696320083,0.25110866917466157,0.22103894360458773,-0.24673320642573754,-0.7116905856475562,0.04905437620726205,11.37198277092988,2646.102534856885,0.0,34.41031009212154,0.000157345541586518,False,False,0.1967297082528492
904,326030.KS,326030,에스케이바이오팜,KOSPI,자연과학 및 공학 연구개발업,19974934050.0,502,0.4697563179079993,0.2206709982144813,0.005783382307879829,0.11611888141512047,0.11033549910724065,0.9501942988306574,0.33282890915457225,0.006971261899257517,0.195704598985554,0.25076589808697247,0.22023154728091737,0.11650498621729079,0.01152086475617331,0.5042681127370244,4.171742800465654,375.9167443408138,2.348097568797458e-82,28.321222552570983,0.001603298840693193,False,False,0.4286536997965773
905,236200.KQ,236200,슈프리마,KOSDAQ,통신 및 방송 장비 제조업,1159577465.0625,502,0.4692975055896897,0.2202401487527048,0.43232986503790266,0.542449939414255,0.1101200743763524,0.20300504502823172,0.3325038342219141,0.0069576508472321,0.19532249521196182,0.25027628978730065,0.22054312618298827,0.5448108082997861,0.8612285406707425,1.7473405914001543,13.005071931989285,3715.2523612153645,0.0,4.494081326602818,0.9223185907607446,False,True,0.4335106272399897
906,005430.KS,005430,한국공항,KOSPI,기타 운송관련 서비스업,591053700.6679688,502,0.4692224323412421,0.22016969101223152,0.11058552181604855,0.22067036732216433,0.11008484550611576,0.4988655560870983,0.3324506437773475,0.006955425002578097,0.1952600089588686,0.2501962230875081,0.21977963437368928,0.22082860712420582,0.22029338076054117,0.22965761333867016,4.194631639198922,363.06994807270786,1.446646776194924e-79,38.41915507345772,3.2075650472377046e-05,False,False,0.4459310686801372
907,086890.KQ,086890,이수앱지스,KOSDAQ,의료용품 및 기타 의약 관련제품 제조업,614426540.0,502,0.46837797466285525,0.21937792714927826,-0.32703500001626135,-0.2173460364416222,0.10968896357463913,,0.3318523337233681,0.006930412231096226,0.1945578241201527,0.2492964792255018,0.2193653315930798,-0.21670858329479273,-0.6514744841593778,0.6803817852536084,4.158511664231467,391.0148260958259,1.2365433383553271e-85,15.459759986043455,0.1161771598052737,False,True,0.7675081894260101
908,016610.KS,016610,DB증권,KOSPI,금융 지원 서비스업,756221677.9936523,502,0.468359024581027,0.21936017590649107,0.4519435265915064,0.561623614544752,0.10968008795324553,0.19529109017638338,0.33183890732584487,0.006929851448014135,0.19454208122743333,0.2492763070851856,0.21973373102876392,0.5628398202357061,0.9003001997973659,0.7093003713227867,5.830852158474091,736.0499106463038,1.4750023100046574e-160,43.664172987932496,3.7817182626319206e-06,False,False,0.34032496144714675
909,012800.KS,012800,대창,KOSPI,1차 비철금속 제조업,881205918.0,502,0.4681831037953176,0.2191954186794171,-0.06692822359175536,0.04266948574795319,0.10959770933970855,2.568526604400566,0.33171426499327117,0.006924646569307729,0.19439596439597215,0.24908908042491845,0.21877654976478664,0.04171184927027836,-0.13332527080579837,-0.7403754678818523,6.61255851739546,938.8470542870325,1.3550411559551867e-204,28.835880977438624,0.0013245823405478078,False,False,0.30307650219174753
910,126720.KS,126720,수산인더스트리,KOSPI,전기 및 통신 공사업,802475215.9716797,502,0.4663931235201318,0.21752254566686494,0.035216861032375146,0.1439781338658076,0.10876127283343247,0.755401323195379,0.33044603897972563,0.006871798501419051,0.19291235782907262,0.2471880625894421,0.21709415535981572,0.1441824464166864,0.07015422316766795,0.33567214963048136,3.180434761309492,215.1960890410164,1.8653614666461182e-47,28.805382630775043,0.001339697422334405,False,False,0.4845022924323741
911,418470.KQ,418470,KT밀리의서재,KOSDAQ,"서적, 잡지 및 기타 인쇄물 출판업",563483462.46875,502,0.4654708353310229,0.21666309854376026,-0.2447270073634068,-0.13639545809152667,0.10833154927188013,,0.3297925849223661,0.006844647534449197,0.19215014731687374,0.24621140488894017,0.21646916266702718,-0.13627746946022834,-0.4875117368905961,0.20927924942417814,9.952600432788744,2029.6600019999573,0.0,49.909281154750886,2.77359232955066e-07,False,False,0.1881810305628946
912,000270.KS,000270,기아,KOSPI,자동차용 엔진 및 자동차 제조업,109732720499.64453,502,0.4652815617498759,0.21648693170440356,0.13958919386524585,0.2478326597174476,0.10824346585220178,0.4367602961434116,0.3296584819478165,0.006839082212385777,0.19199391174024694,0.2460112125843697,0.21613300483267267,0.24746273879092837,0.2780705369855294,-0.293868288377458,4.398155367323585,401.6219120305965,6.150492550833003e-88,83.43867508702391,1.0599364321388661e-13,False,False,0.43249178924527487
913,000240.KS,000240,한국앤컴퍼니,KOSPI,기타 금융업,1914037178.0332031,502,0.4648521335194613,0.21608750603759508,0.3115910073385877,0.41963476035738523,0.10804375301879754,0.25747093240507823,0.3293542260516413,0.006826463875789044,0.1916396765186737,0.24555731362679636,0.21604232647265934,0.42027680011434954,0.6207090701744882,0.4393502383994169,6.104237233478113,777.0260189163307,1.866138379113152e-169,25.836037623945597,0.003967077882385353,False,False,0.3460193086001906
914,081150.KQ,081150,티플랙스,KOSDAQ,1차 비철금속 제조업,514806819.7747803,502,0.4647182706804569,0.2159630711042344,-0.0392808874164537,0.06870064813566351,0.1079815355521172,1.5717688039694404,0.32925938236144764,0.006822532826775386,0.19152931997463218,0.2454159083761288,0.21553898875202482,0.07021862196365052,-0.07825002175817364,1.5174223071589663,16.99202598803563,6102.980187172266,0.0,40.15374452737884,1.59202746869185e-05,False,False,0.09883851285606893
915,286940.KS,286940,롯데이노베이트,KOSPI,"컴퓨터 프로그래밍, 시스템 통합 및 관리업",521570003.4248047,502,0.4634183723376477,0.2147565878200747,-0.14921609341157102,-0.04183779950153367,0.10737829391003735,,0.3283383862386584,0.0067844185706247935,0.19045933647331248,0.24404488605454053,0.21441714078299218,-0.04024497525250972,-0.2972479321135264,1.6181713785797867,15.698451694371379,5262.861068565776,0.0,5.86471784856619,0.8264980615325923,False,True,0.4421219080946809
916,012630.KS,012630,HDC,KOSPI,기타 금융업,2167714408.2333984,502,0.4612001174071264,0.2127055482963472,0.4869936282463192,0.5933464023944928,0.1063527741481736,0.1792423004824487,0.32676672165298537,0.006719623768401913,0.1886403486101929,0.24171412772045484,0.21322295426290544,0.5939817044780376,0.9701222276970327,0.12149678302634806,3.223031333910556,212.62438010348274,6.748426178640384e-47,19.796016764702102,0.031242141450485275,False,False,0.4968638044389351
917,137310.KS,137310,에스디바이오센서,KOSPI,의료용 기기 제조업,1189984977.3632812,502,0.4609474608260477,0.21247256164198078,-0.14436502689185976,-0.03812874607086937,0.10623628082099039,,0.3265877109381415,0.0067122634401314924,0.18843372173067227,0.24144936656879826,0.21213201294378106,-0.037741240194154854,-0.28758429960203813,0.5489704757299849,4.760460129812186,487.3586557529828,1.4839270426137112e-106,101.73700864627992,2.4461652554999696e-17,False,False,0.39918126244311924
918,151860.KQ,151860,KG에코솔루션,KOSDAQ,자동차 차체나 트레일러 제조업,556339649.298584,502,0.4602917733416361,0.2118685166059881,-0.12078433250125753,-0.01485007419826348,0.10593425830299405,,0.32612314720187313,0.006693180931877469,0.18789801748093096,0.24076294244799715,0.21150436004978537,-0.014845130005937669,-0.24061005918901301,0.18359387864209323,3.962978889994517,322.8556199438077,7.812551684630893e-71,7.690491330500994,0.6590400579125918,False,True,0.8094263580407739
919,013310.KQ,013310,아진산업,KOSDAQ,자동차 신품 부품 제조업,514102890.19921875,502,0.4602448020119729,0.2118252777790401,-0.03427172353717437,0.07164091535234568,0.10591263888952004,1.478381988401719,0.3260898673590751,0.006691814965396553,0.18785967063265033,0.2407138067511472,0.21140797599110342,0.07146143920962171,-0.06827144926849815,-0.01464334776333742,5.024981041599547,515.2535299831454,1.300521611698468e-112,25.116579726580806,0.005128856857983163,False,False,0.42289962994379793
920,108320.KS,108320,LX세미콘,KOSPI,반도체 제조업,2666763681.0234375,502,0.459632802178441,0.21126231283840585,-0.2885152595655767,-0.1828841031463738,0.10563115641920293,,0.3256562569333456,0.006674030226699506,0.18736039873538604,0.24007406518985508,0.2111717932246057,-0.18304183655258646,-0.5747407154838076,-0.04092038710900364,3.8061230542792064,295.28326696618745,7.58670642795395e-65,85.86714195891805,3.5200727115808674e-14,False,False,0.4759964367501688
921,023590.KS,023590,다우기술,KOSPI,"자료처리, 호스팅, 포털 및 기타 인터넷 정보매개 서비스업",1726718294.9570312,502,0.4593689960799365,0.21101987455948867,0.43362534463529157,0.5391352819150359,0.10550993727974434,0.1957021564327374,0.32546934662975546,0.00666637131025642,0.18714538957451696,0.23979856341012307,0.2113456707654985,0.5398097400396616,0.8638092182814141,0.2752677509712556,3.9877211990647217,330.37523472137445,1.8194046549012377e-72,66.27038560927294,2.3146595995413198e-10,False,False,0.4522013626440038
922,035900.KQ,035900,JYP Ent.,KOSDAQ,오디오물 출판 및 원판 녹음업,21858921344.26953,502,0.4593420396841188,0.2109951094211666,-0.16193227430536034,-0.05643471959477704,0.1054975547105833,,0.32545024764700053,0.006665588949789429,0.1871234263283117,0.23977042082590116,0.2106788562377071,-0.05687848170070699,-0.32257937183051943,-0.25292395106115684,2.2037618941096495,103.80971490925953,2.870825687055835e-23,5.505582576683696,0.854953015888721,False,True,0.8839691180276553
923,145720.KS,145720,덴티움,KOSPI,의료용 기기 제조업,2399933283.3671875,502,0.459122794378945,0.21079374031833098,-0.45879704854196435,-0.35340017838279886,0.10539687015916549,,0.3252949092875651,0.006659227457950247,0.18694483983603408,0.23954158919724075,0.211209129023658,-0.3535053962634664,-0.913952850666929,-0.17862958478545068,5.169944811659512,548.1194236729458,9.492474462254928e-120,15.248005458320183,0.12327823078618982,False,True,0.7554438444896252
924,072130.KS,072130,유엔젤,KOSPI,"자료처리, 호스팅, 포털 및 기타 인터넷 정보매개 서비스업",530730773.1628418,502,0.45910396875257237,0.21077645412436297,0.21097923298615803,0.3163674600483395,0.10538822706218148,0.33311968002675957,0.3252815710684696,0.006658681366318962,0.18692950937717964,0.23952194552865733,0.2105332165698973,0.3161503402057305,0.42028402761528305,-0.2550105689415847,7.252756923833992,1080.348621300641,2.5425975177786982e-235,50.44129675304219,2.2138434008414058e-07,False,False,0.30662523383136475
925,005810.KS,005810,풍산홀딩스,KOSPI,기타 금융업,968381345.9863281,502,0.4586199741314276,0.2103322806723113,0.23567239835797377,0.3408385386941294,0.10516614033615565,0.3085512006332488,0.32493865412270145,0.006644649393436237,0.18653558907040096,0.23901719612564845,0.21013369476121893,0.34256887308577433,0.4694743808559636,1.5600038493269868,18.33072391785361,7082.742671282671,0.0,61.786461320748785,1.6614514502815821e-09,False,False,0.09599974337820083
926,034120.KS,034120,SBS,KOSPI,텔레비전 방송업,698492629.2724609,502,0.45842004093969074,0.21014893393514772,-0.16841451592642592,-0.06334004895885206,0.10507446696757386,,0.3247969986652381,0.006638857249776745,0.18637298591927445,0.238808844735669,0.20984286393051588,-0.060357986267083864,-0.3354924087105786,2.955377266458685,28.245551203657204,17070.15090436597,0.0,119.88966111771946,5.327748544161521e-21,False,False,0.0029748489027543457
927,083930.KQ,083930,아바코,KOSDAQ,특수 목적용 기계 제조업,968907447.2246094,502,0.4571678222668994,0.2090024177162593,-0.10729793502738962,-0.0027967261692599665,0.10450120885812965,,0.32390978425427674,0.006602637425249332,0.1853561848957439,0.23750596773041166,0.20863176413897958,-0.0029800122919903583,-0.21374429914186344,0.0025238063226359396,3.151307637226438,202.0587852893076,1.328899886683224e-44,51.000305085015235,1.74620182333037e-07,False,False,0.5080229025699678
928,067160.KQ,067160,SOOP,KOSDAQ,소프트웨어 개발 및 공급업,4381298814.46875,502,0.45561414155099933,0.20758424598125405,-0.5175203016152704,-0.4137281786246434,0.10379212299062703,,0.3228089797772866,0.006557835676660526,0.18409846307032265,0.23589438708933214,0.2082335381445839,-0.4126871915187514,-1.030933299249467,0.8231223616686092,13.403001023415218,3732.9374835024037,0.0,39.05266581875914,2.4855024449144324e-05,False,False,0.1451251758887594
929,139480.KS,139480,이마트,KOSPI,종합 소매업,12332997161.015625,502,0.4554876832793685,0.20746902961920632,0.18346302790908242,0.2871975427186856,0.10373451480960316,0.36119569069994695,0.3227193823264468,0.006554195853387811,0.18399628212169974,0.23576345762992432,0.2071893109004778,0.2869250999275763,0.36547000004110863,-0.2572510068102468,3.564688627526113,264.28024382589837,4.095191500602356e-58,47.92301961995936,6.41082507416866e-07,False,False,0.47243894464064184
930,006280.KS,006280,녹십자,KOSPI,의약품 제조업,5809790203.1484375,502,0.454432056784196,0.20650849423311476,0.014893354600287035,0.11814760171684442,0.10325424711655738,0.8739428106549226,0.3219714562178048,0.006523851386764968,0.18314442032713907,0.23467192534572512,0.20609800293705224,0.11796815356273417,0.029668507973587666,-0.021634151526554995,2.9000759516934425,171.05026480068634,7.192948228895018e-38,35.55074558237079,0.00010052479364907071,False,False,0.5180543054053581
931,051600.KS,051600,한전KPS,KOSPI,전기 및 통신 공사업,8179454030.785156,502,0.45436863715425124,0.2064508584294116,0.13130100284491922,0.23452643205962503,0.1032254292147058,0.4401441164144014,0.3219265225246349,0.006522030602494991,0.1830933053553385,0.2346064292261873,0.20610801425259923,0.23578255773047452,0.2615599342386883,1.2509929627780132,17.668346919437518,6521.930201957023,0.0,53.92983498291869,5.000475853473347e-08,False,False,0.11660046914813249
932,251270.KS,251270,넷마블,KOSPI,소프트웨어 개발 및 공급업,8150740559.5,502,0.45382376378047734,0.2059560085718785,-0.20656087300778467,-0.10358286872184541,0.10297800428593926,,0.3215404721327463,0.006506397701091607,0.18265444209867962,0.23404409221794173,0.20571505269504667,-0.1036956026817647,-0.41148237400757104,0.05240395348755071,2.8913804110302834,170.21148755526235,1.0940699735464023e-37,10.207252569782908,0.4225024552949216,False,True,0.8663942846044672
933,225570.KQ,225570,넥슨게임즈,KOSDAQ,소프트웨어 개발 및 공급업,2527209805.0,502,0.4536570892247557,0.20580475460387795,-0.3423633026089068,-0.23946092530696783,0.10290237730193898,,0.32142238088319863,0.006501619406559178,0.1825203007869892,0.23387221037831724,0.20585991446118215,-0.23982508500112276,-0.6820094361494888,-0.3822716523272767,14.609085256791552,4380.846871774166,0.0,15.878582030671657,0.10316128157406773,False,True,0.5245152231781816
934,005940.KS,005940,NH투자증권,KOSPI,금융 지원 서비스업,11176006791.310547,502,0.45322756145164844,0.20541522245940774,0.430004913685225,0.5327125249149288,0.10270761122970387,0.19280119468958554,0.321118054459636,0.006489313618217015,0.182174839748872,0.2334295542122048,0.20573977571692162,0.5334837610563231,0.8565970899602497,0.3896523245344864,4.813123070009854,485.23304643530855,4.2951936413405073e-106,143.5609105006216,7.84319479892979e-26,False,False,0.4074326402139241
935,001390.KS,001390,KG케미칼,KOSPI,기초 화학물질 제조업,997780485.5856934,502,0.4531380444105574,0.2053340872922243,-0.018118613081790254,0.0845484305643219,0.10266704364611215,1.2142986328765282,0.3210546303863425,0.0064867504608277235,0.18210288409776362,0.23333735390845026,0.20492635796066672,0.08462843648763012,-0.03609342764705836,0.25843284888198065,2.8431166769929828,169.8868190028564,1.2869034924377145e-37,31.24139340420758,0.0005352110244096297,False,False,0.5048308929431837
936,302440.KS,302440,SK바이오사이언스,KOSPI,기초 의약물질 제조업,5275715100.0,502,0.4530213419882512,0.2052283362968361,-0.19660377003428076,-0.09398960188586271,0.10261416814841805,,0.32097194509094334,0.006483409659857394,0.18200909761783549,0.23321718069336228,0.20497289999864649,-0.09338382814645908,-0.39164719268733705,0.7748145993358672,5.895702773174843,759.696427068693,1.0814760377512124e-165,24.911143973003927,0.005516498258729844,False,False,0.33303906858474086
937,004430.KS,004430,송원산업,KOSPI,기타 화학제품 제조업,519521215.20410156,502,0.45197216429186177,0.2042788372946697,0.027460219505362083,0.12959963815269693,0.10213941864733485,0.7881149986467717,0.32022858804626597,0.006453413845859435,0.1811670235666022,0.23213818992458204,0.20387489965599181,0.13135479894147548,0.054702500760681616,1.8764470756304128,16.386113793493475,5789.955377252513,0.0,8.273771778620803,0.6021144900658377,False,True,0.42490352829130584
938,136490.KS,136490,선진,KOSPI,동물용 사료 및 조제식품 제조업,607095767.2011719,502,0.4518431730452865,0.20416225302763272,0.22914527794310086,0.3312264044569172,0.10208112651381636,0.3081913915685249,0.32013719594731704,0.006449730808825009,0.1810636294757923,0.23200570600660964,0.2039639186394367,0.3325089627556237,0.456471942569193,1.2517369320407588,8.860680488148788,1735.6773005659793,0.0,10.146539173629328,0.42773241035818954,False,True,0.5178202492305872
939,086450.KQ,086450,동국제약,KOSDAQ,의약품 제조업,3045665081.6367188,502,0.4509134269316145,0.20332291858721246,0.020827221106485033,0.12248868040009127,0.10166145929360623,0.8299661565586633,0.31947845784629003,0.006423215225660114,0.18031925612629782,0.23105190393723785,0.20291961417495522,0.12369378781810028,0.04148914680736304,1.36667268485108,10.015474306713372,2207.0664353500983,0.0,69.72780348500223,5.00399967108418e-11,False,False,0.10888848767659465
940,036530.KS,036530,SNT홀딩스,KOSPI,기타 금융업,803925548.921875,502,0.44948659777278505,0.20203820157735344,0.4659602112818821,0.5669793120705588,0.10101910078867672,0.17817069977344288,0.3184675294683642,0.006382629472141869,0.179179890150439,0.22959197844919624,0.2024973180502589,0.5674468648995742,0.9282223256488287,0.02033890015067146,1.7822723059142707,64.28522828912133,1.0980953262047345e-14,28.385122454458216,0.001565823845862707,False,False,0.5684418195571463
941,323410.KS,323410,카카오뱅크,KOSPI,은행 및 저축기관,15406841603.586914,502,0.4485620943375156,0.20120795247645823,0.03280529190647978,0.13340926814470888,0.10060397623822911,0.7541003532760865,0.3178125058781745,0.006356400905765701,0.17844357423822796,0.22864850076927234,0.20081141040615869,0.1340486704285403,0.06535022435338433,0.7820617799863084,10.097171063356972,2136.2435082404236,0.0,75.05311297273983,4.64587391014116e-12,False,False,0.1478625480009128
942,028670.KS,028670,팬오션,KOSPI,해상 운송업,6343811124.0147705,502,0.44593030501834896,0.19885383693375772,0.24466595265398974,0.3440928711208686,0.09942691846687886,0.28895372968059374,0.3159478464051018,0.006282031568054512,0.1763557999408458,0.22597333319835294,0.19869525910336114,0.3442510138731723,0.4873901120329478,0.07756988760853782,7.73696648601133,1224.017269652618,1.614458990430249e-266,156.48431464820396,1.721466575122921e-28,False,False,0.296665182288921
943,053800.KQ,053800,안랩,KOSDAQ,소프트웨어 개발 및 공급업,2423570351.466797,502,0.4455987215589961,0.19855822065501175,0.015037018561367,0.11431612888887288,0.09927911032750587,0.8684610937448333,0.31571291489516157,0.006272692694720468,0.17609362926253422,0.2256374010539902,0.19816358362047057,0.11568181192498372,0.029954695705580292,1.5377354877414908,17.709949445475864,6618.591080994008,0.0,125.24322237768651,4.3515524265901595e-22,False,False,0.09748430081723392
944,079960.KQ,079960,동양이엔피,KOSDAQ,"전동기, 발전기 및 전기 변환 · 공급 · 제어 장치 제조업",555168255.0878906,502,0.44558870999937,0.19854929847890268,0.0716029135265761,0.17087756276602745,0.09927464923945134,0.5809694826662659,0.31570582156540256,0.00627241083246004,0.17608571652859262,0.22562726208002903,0.1981741270957885,0.16951625328913508,0.14263754996167144,-1.4291376029747556,15.996473397236777,5408.474803899067,0.0,5.845648515899841,0.8280601254540031,False,True,0.4547241598016829
945,018250.KS,018250,애경산업,KOSPI,기타 화학제품 제조업,668004753.1333008,502,0.44551925179072926,0.19848740371617124,-0.24801739501253142,-0.1487736931544458,0.09924370185808562,,0.31565660945492646,0.006270455502558583,0.17603082445026025,0.2255569261687003,0.19833610821274356,-0.14866064847792068,-0.49406639800115393,0.2512091020423161,5.453080630961118,612.2428980385375,1.1301703221578765e-133,69.13385714442755,6.514516207118926e-11,False,False,0.38786409813726197
946,253450.KQ,253450,스튜디오드래곤,KOSDAQ,"영화, 비디오물, 방송프로그램 제작 및 배급업",3233211225.0,502,0.4450847425695281,0.19810042806818312,-0.26799511860939834,-0.16894490457530678,0.09905021403409156,,0.3153487536058471,0.006258230477011102,0.17568763067029158,0.22511717515161733,0.1979908111919835,-0.16847283382807068,-0.5338632918330077,0.6323200971028615,4.805611611158958,504.3807813875558,2.9861040234519244e-110,3.356223775689981,0.9717561688929821,False,True,0.7415928043576561
947,006880.KS,006880,신송홀딩스,KOSPI,산업용 농·축산물 및 동·식물 도매업,502830414.2687988,502,0.4438776315269851,0.19702735177000597,-0.2329051086760605,-0.13439143279105753,0.09851367588500298,,0.3144934985806306,0.006224330707793545,0.17473596068051092,0.22389775373328172,0.19685012410729927,-0.13334706620928483,-0.4639617641086602,1.2297243489473322,12.67924317172841,3415.6697949544014,0.0,19.466611836854515,0.034720966236067685,False,False,0.11801837673684457
948,017810.KS,017810,풀무원,KOSPI,기타 식품 제조업,1124509922.9296875,502,0.44374775012656786,0.19691206574239092,-0.20741383392156787,-0.10895780105037241,0.09845603287119546,,0.3144014757952578,0.006220688683701878,0.1746337179481827,0.22376674510738304,0.19669052689524733,-0.10726547323289898,-0.4131815263040757,1.9409170881749729,14.680628973064934,4724.925922736352,0.0,22.256673195315766,0.013849094398145778,False,False,0.07060552745500182
949,026960.KS,026960,동서,KOSPI,음·식료품 및 담배 도매업,2033849159.805664,502,0.442578540325503,0.19587576435665288,0.19901456285271643,0.2969524450310429,0.09793788217832644,0.3298099874816258,0.31357307432873943,0.006187950678141574,0.17371466221016083,0.22258911392890443,0.19564274341730156,0.2985342116103066,0.3964496450478716,1.6164660846447687,21.34541924274418,9548.59033125847,0.0,128.72177292409393,8.513434932831991e-23,False,False,0.09223559435701545
950,001750.KS,001750,한양증권,KOSPI,금융 지원 서비스업,528759792.29003906,502,0.4421235828240229,0.19547326248915065,0.191853404645552,0.28959003589012733,0.09773663124457532,0.3374999797356886,0.31325073058761926,0.0061752351606698536,0.17335769882481422,0.22213171924132627,0.19522993593621576,0.2897413493108924,0.3821841632224885,0.16789549595145956,4.5512777266783635,424.8052280065605,5.6848210274396134e-93,81.46181744595349,2.5939039025754767e-13,False,False,0.43399946923604305
951,205100.KQ,205100,엑셈,KOSDAQ,소프트웨어 개발 및 공급업,871080464.5148315,502,0.4416081038341582,0.19501771737200066,-0.2116921269832018,-0.11418326829720148,0.09750885868600033,,0.31288550652708336,0.006160843943227252,0.1729536934267645,0.22161404731639925,0.19480706743720688,-0.11415081395552286,-0.4217041577205052,0.19624640959015008,3.9572853218369346,322.33354459814626,1.0142852837398772e-70,47.83961392172057,6.639503201344058e-07,False,False,0.45883906654466133
952,009270.KS,009270,신원,KOSPI,봉제의복 제조업,886784994.2263184,502,0.4408073723787764,0.1943111395434812,-0.08180015474133664,0.015355415030403954,0.0971555697717406,6.3271210566025795,0.31231817711253207,0.0061385223008969345,0.17232705679711513,0.22081110707880258,0.19395061820046852,0.015561121416624742,-0.1629511019053611,0.4193236452479971,3.837049845562918,314.5987003943838,4.850206199455319e-69,25.681935158784434,0.004192356043072521,False,False,0.4493778472664689
953,248070.KS,248070,솔루엠,KOSPI,전자부품 제조업,2909260275.6064453,502,0.4405928981145313,0.19412210186896173,-0.14203099411226164,-0.044969943177780775,0.09706105093448086,,0.3121662191021996,0.006132550373690529,0.17215940657309686,0.2205962886268687,0.1938154552615806,-0.04468880550139091,-0.2829347581125212,0.5005834253278133,3.829955602986126,319.70385570370786,3.7773724834397557e-70,22.7107274514291,0.011866190759117011,False,False,0.4442797695104368
954,030610.KS,030610,교보증권,KOSPI,금융 지원 서비스업,746750157.5029297,502,0.4401260706484725,0.19371095806446417,0.42364206394233317,0.5204975429745653,0.09685547903223209,0.1860824903777981,0.3118354653254677,0.006119561847048601,0.17179477898707224,0.22012907342318563,0.19403727251250613,0.5209950177356627,0.8439218892819493,0.14800617084467163,3.4382039070419808,242.49982993161436,2.1970047663412364e-53,189.99801673492468,1.957028967679279e-35,False,False,0.48541374612679944
955,161390.KS,161390,한국타이어앤테크놀로지,KOSPI,고무제품 제조업,14710759652.09961,502,0.43986279071329265,0.1934792746540859,0.31921762816591237,0.4159572654929553,0.09673963732704295,0.2325710964860676,0.31164892781593845,0.006112242689821196,0.17158930790439006,0.21986579325068697,0.19349822243155826,0.4163145849616615,0.6359017830924127,0.1887262544510567,6.332158841147017,821.9388786091187,3.297921235589628e-179,9.676747225476447,0.4692962339608162,False,True,0.7024711018516472
956,111770.KS,111770,영원무역,KOSPI,상품 종합 도매업,3425256969.9882812,502,0.4396042453532165,0.193251892532571,0.4198830610572596,0.5165090073235451,0.0966259462662855,0.18707504592607865,0.311465744818966,0.006105059415475609,0.1713876514689381,0.21960740097271672,0.19356653886101213,0.5168382294707655,0.8364337168680329,-0.028141089263486505,2.8757178670252763,168.20469270541224,2.9841116207920454e-37,20.514888827374236,0.024742081917800085,False,False,0.5187166233662968
957,310200.KQ,310200,애니플러스,KOSDAQ,"영화, 비디오물, 방송프로그램 제작 및 배급업",662344674.0806885,502,0.43889280493368715,0.19262689422255957,-0.02519664671506345,0.07111680039621635,0.09631344711127979,1.3542994984966168,0.31096167934984165,0.006085314968126673,0.1708333645684522,0.21889716599040823,0.19224569463915325,0.071178636119098,-0.05019332004349941,0.26762514553178285,1.2525504097056546,37.507991985136066,7.165442689574132e-09,51.927596167830366,1.1768773252641228e-07,False,False,0.5757935551944601
958,013030.KQ,013030,하이록코리아,KOSDAQ,1차 철강 제조업,1660759400.0,502,0.4386241040611594,0.19239110466345483,0.14400562105102258,0.24020117338275,0.09619555233172741,0.4004791108095215,0.31077130103052375,0.006077866092728775,0.1706242519008024,0.21862921967654347,0.1920901475894472,0.2403482704524752,0.28686834034767195,0.24082011277717727,2.02667863916513,88.04039154138214,7.625562491806173e-20,44.2788442282292,2.9329200754838464e-06,False,False,0.542744787052424
959,005860.KQ,005860,한일사료,KOSDAQ,동물용 사료 및 조제식품 제조업,929551870.3625488,502,0.4385048709851829,0.19228652187773193,-0.2996429585863723,-0.20349969764750633,0.09614326093886597,,0.3106868227316706,0.006074562196905003,0.17053150146097884,0.2185103739904386,0.19225977426190372,-0.20240547969693645,-0.5969077984538051,1.2987854607094322,9.984799444136987,2179.453631945497,0.0,150.79256067846907,2.56060886065677e-27,False,False,0.11409832763320671
960,006120.KS,006120,SK디스커버리,KOSPI,기타 금융업,1073318978.0957031,502,0.4384406390680034,0.1922301939863592,0.20131519124716016,0.2974302882403398,0.0961150969931796,0.3231516788751299,0.3106413135216551,0.006072782731156584,0.17048154642618954,0.21844636415506508,0.19200808994096408,0.29780450877950915,0.4010326428812476,0.41960811697598777,3.448811110408734,256.81384284850395,1.7123107659519374e-56,32.30843745427738,0.0003556875618647146,False,False,0.4668296255665412
961,006620.KQ,006620,동구바이오제약,KOSDAQ,의약품 제조업,576277784.904541,502,0.4378975532821008,0.1917542671704503,-0.27295220159794925,-0.1770750680127241,0.09587713358522515,,0.3102565296607285,0.006057747631368093,0.17005946528545263,0.21790553089477832,0.19166793300441876,-0.17676343232734318,-0.543738115881629,0.44427594245597224,8.459823593889492,1479.6263381132744,0.0,69.92560599315092,4.582867265076891e-11,False,False,0.23968954211124138
962,018670.KS,018670,SK가스,KOSPI,기타 전문 도매업,2496602087.859375,502,0.4365025077168099,0.19053443924306365,0.1889128517916579,0.28418007141318974,0.09526721962153183,0.3352353989770662,0.3092681204025317,0.0060192118019086385,0.1689776469346399,0.21651934400027137,0.19029650787510627,0.2838531883295935,0.37632639523576294,-0.39763903225441144,8.325477130917646,1430.1915083413335,2.740690101314e-311,49.76060694380299,2.953711335228755e-07,False,False,0.24884426029174522
963,002790.KS,002790,아모레퍼시픽홀딩스,KOSPI,기타 화학제품 제조업,3554103480.6035156,502,0.43577236068798025,0.18989755033957514,-0.08036061303475306,0.014588162135034513,0.09494877516978757,6.508618035013561,0.3087508010395691,0.005999091716429014,0.16841281472531433,0.21579559679670957,0.18954489466887967,0.014153929101431475,-0.16008344342637315,-0.33930112853260547,8.279497640704218,1410.984775749533,4.060213970853277e-307,13.021376284574396,0.22247910052496483,False,True,0.6048025309328031
964,003540.KS,003540,대신증권,KOSPI,금융 지원 서비스업,2650507762.6796875,502,0.4348009000636293,0.18905182269614215,0.2833215012158842,0.37784741256395526,0.09452591134807108,0.25016953459241015,0.30806250762538095,0.0059723741643015575,0.1676627714905972,0.21483452962540722,0.18899376144394683,0.3784509668875699,0.5643944190887851,0.5595278177859807,4.791752328462534,494.44509535661314,4.291525933073106e-108,200.29343367120615,1.4018044599364928e-37,False,False,0.39706929070012054
965,004490.KS,004490,세방전지,KOSPI,일차전지 및 이차전지 제조업,3274013070.3398438,502,0.43452333001663257,0.1888105243287434,-0.2119511498523422,-0.1175458876879705,0.0944052621643717,,0.30786584537213585,0.005964751259032579,0.16744877327329746,0.21456032321723728,0.1886126747699221,-0.11796581057901473,-0.42222014772172933,-0.31745772199153954,2.145334132811099,101.68983316903605,8.285778026749059e-23,53.18108897697676,6.891020349800613e-08,False,False,0.5322961158907312
966,064960.KS,064960,SNT모티브,KOSPI,자동차 신품 부품 제조업,1539163297.4648438,502,0.4334532785599297,0.18788174469435204,0.1848652205573714,0.2788060929045474,0.09394087234717602,0.336939811352465,0.3071076989768735,0.00593540999475033,0.16662507443038094,0.21350487750381072,0.18764309394435547,0.27902548156533574,0.3682632568246049,0.2816962832412603,2.239983263482875,108.37128594539041,2.9340955896373084e-24,11.23105806565571,0.3398021646165116,False,True,0.8804210009271866
967,014820.KS,014820,동원시스템즈,KOSPI,플라스틱제품 제조업,841508978.34375,502,0.43307931999377414,0.1875576974062698,-0.33303314339951007,-0.23925429469637516,0.0937788487031349,,0.3068427441121963,0.0059251729516805835,0.16633768938622184,0.21313663695622587,0.18762419980701686,-0.2394028800616197,-0.6634231666133097,-0.120806607203328,4.74895288394167,461.2705695599185,6.860700926819357e-101,25.781282167700567,0.004045756159895283,False,False,0.4282433464090697
968,035760.KQ,035760,CJ ENM,KOSDAQ,텔레비전 방송업,3914098000.0,502,0.4324635139590569,0.18702469090581542,-0.40447950614249284,-0.31096716068958513,0.09351234545290771,,0.30640643693979147,0.005908334636094307,0.1658649864743207,0.2125309395385583,0.187301352676812,-0.31072776666425,-0.805748857474331,0.2639065012853791,1.9683154164152228,84.25776731801554,5.054268369031791e-19,9.785476912367509,0.4595115831218147,False,True,0.8938320395089564
969,030960.KQ,030960,양지사,KOSDAQ,인쇄 및 인쇄관련 산업,516068492.5,502,0.4323217580275359,0.18690210246401934,-0.3439120312872011,-0.25046098005519146,0.09345105123200967,,0.3063060008833603,0.005904461919967144,0.165756267512445,0.21239163260221047,0.18699913468261822,-0.24926027566471307,-0.6850946020086308,1.4224836601639361,10.961781924280086,2626.553360645989,0.0,16.607585355738113,0.08351074922966081,False,True,0.4551677559890709
970,241590.KS,241590,화승엔터프라이즈,KOSPI,신발 및 신발 부분품 제조업,1165679039.831543,502,0.43211689795964625,0.18672501350226733,-0.46025026860234797,-0.3668877618512143,0.09336250675113367,,0.3061608546653622,0.005898867466949621,0.16559921414102385,0.21219039241707355,0.18719364779123202,-0.36662305615099194,-0.9168477572951534,0.20437884779778986,2.062942937668458,89.71398284592523,3.3026013206160424e-20,8.621107401990024,0.5683990029283914,False,True,0.8935423112850667
971,259960.KS,259960,크래프톤,KOSPI,소프트웨어 개발 및 공급업,34162345920.0,502,0.4319541854942882,0.18658441836603396,-0.06278648487363293,0.030505724309384044,0.09329220918301698,3.0581869893290428,0.306045570612149,0.005894425897715896,0.16547452573621077,0.2120306230505075,0.18622837968107947,0.030201177700093364,-0.12507466431176084,-0.16569020864625308,3.36608949579014,232.93614222142028,2.6215575660345183e-51,8.46895622829873,0.5831294598261152,False,True,0.8374799587796935
972,200130.KQ,200130,콜마비앤에이치,KOSDAQ,기초 의약물질 제조업,917623315.546875,502,0.4296776448108634,0.18462287845021047,-0.254266514388195,-0.16195507516308974,0.09231143922510524,,0.30443260975686,0.005832458495611873,0.16373491162413215,0.20980157019532975,0.18451165720598728,-0.16044424203171495,-0.5065150405669598,1.8531952480266163,18.814922652412385,7534.498806777356,0.0,2.104327701905497,0.995476197805811,False,True,0.4264536501315589
973,051160.KQ,051160,지어소프트,KOSDAQ,소프트웨어 개발 및 공급업,525218970.0,502,0.4295862073070243,0.18454430950843365,-0.009088241182129512,0.0831839135720873,0.09227215475421682,1.109254792084934,0.30436782500889936,0.005829976408365676,0.16366523185938026,0.20971228609635062,0.18417701912441437,0.0840062753804876,-0.018104353465988154,1.16234335633593,5.395453779151055,706.5672098397937,3.722886845958083e-154,18.28012673723953,0.050418185236098735,False,True,0.6797150228491405
974,004990.KS,004990,롯데지주,KOSPI,기타 금융업,4472907599.378906,502,0.4272690031437557,0.18255880104745872,0.034342630228437185,0.12562203075216655,0.09127940052372936,0.7266193674564133,0.3027260535104686,0.005767251811129774,0.16190436096886182,0.20745599588873695,0.1821998183203833,0.12620512907081308,0.06841269989950582,0.8545071076087687,6.80205110775578,1006.0106006808519,3.5283665328175594e-219,11.068125181259088,0.3522351217247725,False,True,0.6369405596437386
975,353810.KQ,353810,이지바이오,KOSDAQ,동물용 사료 및 조제식품 제조업,829805659.7365723,502,0.4252568271929633,0.18084336907422588,0.2287008519595175,0.31912253649663047,0.09042168453711294,0.2833447162014134,0.3013003987588481,0.005713059254552207,0.16038301050085774,0.20550661494218983,0.1806906791908718,0.31931548241089264,0.4555866177923722,0.1964261501796639,2.5024094128676477,130.36778523084004,4.909023692517969e-29,42.0243848824661,7.424131228872985e-06,False,False,0.5242964997423116
976,097520.KS,097520,엠씨넥스,KOSPI,영상 및 음향기기 제조업,1151402746.8378906,502,0.4237349449219099,0.17955130354797402,-0.004265468734006497,0.08551018303998051,0.08977565177398701,1.0498825821950606,0.30022212392394615,0.005672241352574218,0.15923712740917745,0.20403833875411165,0.1791937038278554,0.08512245331797436,-0.008497084541552624,-0.30031164257094595,2.939604755646041,183.22527331687553,1.6335687869327829e-40,32.91355940233987,0.00028164732144851987,False,False,0.4976970098245318
977,031430.KS,031430,신세계인터내셔날,KOSPI,"섬유, 의복, 신발 및 가죽제품 소매업",878181091.9169922,502,0.4234409282950898,0.17930221975540736,-0.11817991885752036,-0.028528808979816675,0.08965110987770368,,0.3000138090392978,0.005664372496372486,0.15901622459851145,0.20375528515192887,0.1790004666109903,-0.028327637124539562,-0.23542190185109213,0.4533011414986396,3.591518168201274,279.7890441050519,1.756228514188112e-61,41.85282654227443,7.96456194959842e-06,False,False,0.4581616063310334
978,068760.KQ,068760,셀트리온제약,KOSDAQ,의약품 제조업,5551621647.966797,502,0.4231954181900957,0.17909436197709,-0.3460791011683406,-0.25653192017979565,0.089547180988545,,0.29983986170252647,0.0056578060194807656,0.15883188355015998,0.20351907992842483,0.17921288103105704,-0.25680427820905477,-0.6894115428035992,-0.32018148371042154,5.510829717813978,628.473728001256,3.378033513880718e-137,52.2773966980406,1.0138076154324608e-07,False,False,0.3806672304510095
979,014830.KS,014830,유니드,KOSPI,기초 화학물질 제조업,2105506998.671875,502,0.4231875405249701,0.1790876944555732,-0.17895377997035097,-0.08940993274256437,0.0895438472277866,,0.2998342802668108,0.005657595384467155,0.1588259703824341,0.20351150309669475,0.17885802723232944,-0.08912605279652558,-0.35648729184569916,0.5533731854575847,1.69420719038599,83.48469149082194,7.439257321444327e-19,11.121387539935691,0.34813936784818295,False,True,0.8868691307354581
980,086980.KQ,086980,쇼박스,KOSDAQ,"영화, 비디오물, 방송프로그램 제작 및 배급업",620226315.625,502,0.4230987473631656,0.17901255002027983,-0.24788907967743018,-0.15838280466729027,0.08950627501013991,,0.29977136907209734,0.00565522148149422,0.1587593276804294,0.20342611053512094,0.17889979653658128,-0.15914855618575388,-0.49381078570662673,-0.8777203468659471,10.96926993783606,2525.7028988244815,0.0,7.222715045676888,0.7042652810262235,False,True,0.4914853102089368
981,080160.KQ,080160,모두투어,KOSDAQ,여행사 및 기타 여행보조 서비스업,786059705.0,502,0.4227197763499872,0.17869200931738322,-0.18721549977402727,-0.09786949511533566,0.08934600465869161,,0.29950286281872945,0.005645095215662529,0.1584750524914535,0.20306185479745864,0.17847513502579204,-0.09634479044613461,-0.3729451622482607,1.9859228853046775,21.82568883927893,10084.151409128433,0.0,16.01239537944098,0.09927811792583033,False,True,0.41760514097968815
982,243070.KQ,243070,휴온스,KOSDAQ,의약품 제조업,571535675.1894531,502,0.4220328805716142,0.17811175228357437,-0.08271069006495368,0.0063451860768335006,0.08905587614178719,14.035187473371876,0.2990161875705138,0.005626764198971173,0.1579604449035559,0.20240246286384833,0.17778409505270862,0.006719883405731659,-0.16476494608177283,0.6608849106221685,6.399354646454171,872.80882382636,2.9646404362074593e-190,123.11924008237803,1.1766345443358508e-21,False,False,0.3179700468680844
983,001060.KS,001060,JW중외제약,KOSPI,의약품 제조업,1670226168.0175781,502,0.4211776193095012,0.1773905870072191,-0.05263788029348892,0.03605741321012063,0.08869529350360955,2.4598351797104088,0.29841022302664366,0.005603981721641567,0.1573208712289299,0.20158294575621916,0.17704821432958015,0.03598490248255191,-0.1048579996322676,0.1026207683490737,4.2395878651458005,367.3113468712816,1.7352196483921813e-80,43.17110821219362,4.634639707485244e-06,False,False,0.45237716151183405
984,069080.KQ,069080,웹젠,KOSDAQ,소프트웨어 개발 및 공급업,934426215.0,502,0.420847096670824,0.17711227877626184,-0.1168434290815654,-0.028287289693434484,0.08855613938813092,,0.29817604312296137,0.005595189630327255,0.1570740503907837,0.20126668211466373,0.17681364161049629,-0.02798319674059618,-0.23275952936089617,0.5652778687206952,7.589251954084087,1203.7475756101976,4.069444726620306e-262,88.37135284685924,1.1259246200369831e-14,False,False,0.27079847081816966
985,078340.KQ,078340,컴투스,KOSDAQ,소프트웨어 개발 및 공급업,1691506560.7890625,502,0.41990099960145993,0.17631684946630524,-0.05796844005270202,0.0301899846804506,0.08815842473315262,2.9201215458131466,0.29750572014156307,0.005570061062971686,0.15636861480846437,0.20036277291549429,0.17597895536521474,0.03017847442876156,-0.11547681312085878,0.19276442513841663,2.636796765686576,144.34330415763705,4.5315810533010014e-32,28.820060511793912,0.0013324022296177741,False,False,0.5184931838682096
986,011760.KS,011760,현대코퍼레이션,KOSPI,상품 종합 도매업,1101632241.6464844,502,0.4191649643863772,0.17569926736903285,0.13244189531789588,0.2202915290024123,0.08784963368451643,0.39878806998318317,0.2969842289164396,0.005550550902691385,0.1558209050610789,0.19966096556193155,0.17541887539843878,0.22055738658703355,0.2638326644824751,0.4262029180281124,3.3269036967299517,240.40210774762298,6.271126821672247e-53,3.1551294412447697,0.977533865977364,False,True,0.8218758057786113
987,206640.KQ,206640,바디텍메드,KOSDAQ,의료용품 및 기타 의약 관련제품 제조업,1123374563.338379,502,0.4187183715481163,0.1753250746719064,-0.22200228729044386,-0.13433974995449066,0.0876625373359532,,0.29666781165598305,0.0055387297059162535,0.15548904798730398,0.19923574082233395,0.17517139699368986,-0.13431032035172744,-0.44224265166588417,0.19486505600814094,3.800387017351648,297.4103085483388,2.6192205419655004e-65,55.51486956298159,2.5303394770176726e-08,False,False,0.46599158048529976
988,009970.KS,009970,영원무역홀딩스,KOSPI,기타 금융업,1824009266.390625,502,0.4182251918507677,0.17491231109861144,0.46137516465931355,0.5488313202086192,0.08745615554930572,0.15934978986997733,0.2963183869554985,0.005525690008832382,0.1551229838907931,0.19876668494733268,0.17540859068637532,0.5492302890504059,0.9190886216626009,-0.052520887586671096,3.143045643303112,201.2255010849386,2.0157544642576816e-44,31.023658115392752,0.0005814701922148806,False,False,0.5050615535455819
989,008060.KS,008060,대덕,KOSPI,기타 금융업,767266670.4882812,502,0.4168440465374132,0.17375895913368508,0.5614690313252401,0.6483485108920826,0.08687947956684254,0.13400120167979163,0.29533982621984967,0.005489254234876666,0.15410012050769586,0.19745603994352473,0.17466380778521579,0.6496775673982669,1.118481959227264,0.828334615234303,7.977339681887834,1357.9089347470322,1.3608847772527127e-295,154.7148777979187,3.986872541548894e-28,False,False,0.2357974066327606
990,005830.KS,005830,DB손해보험,KOSPI,보험업,20358886707.35547,502,0.4162816400158558,0.1732904038142906,0.31861163982712454,0.40525684173426985,0.0866452019071453,0.2138031810551375,0.2949413533479893,0.0054744520095175615,0.15368457686296408,0.1969235834974031,0.17334803466793583,0.40535044041359497,0.6346946158460973,-0.08805117152218972,1.4182771466355124,41.18951251791938,1.1371323126772442e-09,33.383861385378815,0.000234734417339496,False,False,0.5803074502999226
991,078930.KS,078930,GS,KOSPI,기타 금융업,10315177812.480469,502,0.41544469384483773,0.17259429364383097,0.49513421517489303,0.5814313619968086,0.08629714682191549,0.14842189889025828,0.2943483653018432,0.005452461053078899,0.15306722359560285,0.19613253848707,0.17322332908383486,0.5822981383931387,0.9863387937214139,0.4615453095197802,4.451182720830453,421.75138448362287,2.6172818401481643e-92,67.15300867938234,1.567050572283183e-10,False,False,0.4189270902613109
992,005250.KS,005250,녹십자홀딩스,KOSPI,회사 본부 및 경영 컨설팅 서비스업,1022683135.7333984,502,0.41467031456096015,0.17195146977808562,-0.17228316489086953,-0.08630743000182672,0.08597573488904281,,0.2937997067686857,0.005432153475012622,0.15249712789711078,0.19540204691677002,0.17172672065589295,-0.08640457494098831,-0.34319900307625595,0.055508150846129395,3.728405665762466,283.4327046541753,2.8403390775311588e-62,129.74373457301664,5.2687443471556104e-23,False,False,0.478521201650947
993,105630.KS,105630,한세실업,KOSPI,봉제의복 제조업,1089387647.3896484,502,0.41421245264886625,0.17157195592938929,-0.3721014117131606,-0.2863154337484659,0.08578597796469464,,0.29347530521209936,0.005420164176667735,0.15216055169919832,0.19497077533203608,0.17177962142871306,-0.2866312479724422,-0.7412496376190738,-0.4550546494391381,6.225559320762327,808.8045458408307,2.3459805196134756e-176,3.9141411605773015,0.9511371008817565,False,True,0.6895128539364195
994,008770.KS,008770,호텔신라,KOSPI,기타 상품 전문 소매업,7864982200.0,502,0.41303189976582066,0.17059535022416292,-0.07293997662683184,0.012357698485249619,0.08529767511208146,6.902391672194816,0.29263886701364533,0.005389312029360073,0.1512944377582872,0.1938609810739346,0.1702766309134617,0.012532736265128214,-0.14530106455027614,0.4496741762145642,2.926908239227777,191.02072733123686,3.314180025104795e-42,23.04455158090925,0.010583320263001,False,False,0.4883108508204458
995,175330.KS,175330,JB금융지주,KOSPI,기타 금융업,8243589219.1640625,502,0.41164862507567174,0.16945459052669096,0.3751672637327922,0.4598945589961377,0.08472729526334548,0.1842320018925404,0.29165879758481106,0.005353274060258826,0.15028274197162272,0.19256464565898376,0.16967556521545338,0.460150070308121,0.747357009499451,-0.0005482687051077489,1.1056041964238474,24.519111662211397,4.739609398153281e-06,54.787127763910014,3.4607606773070376e-08,False,False,0.6002112599139198
996,001450.KS,001450,현대해상,KOSPI,보험업,11322932550.0,502,0.4104985400594686,0.16850905139095515,0.14018871562169588,0.22444324131717347,0.08425452569547758,0.37539346340312707,0.29084394629535404,0.005323403343197922,0.14944417977322966,0.19149015479943404,0.16825136359290357,0.22468580710219718,0.2792648223892513,0.4090640306570714,3.2183356256077573,224.69549168651142,1.6143359787428142e-49,35.00213550033802,0.00012476052104347173,False,False,0.47790396147051284
997,051500.KQ,051500,CJ프레시웨이,KOSDAQ,음·식료품 및 담배 도매업,626163192.1171875,502,0.4094730073960136,0.16766814378593584,0.12493072858005523,0.20876480047302315,0.08383407189296792,0.4015718727631053,0.2901173420866014,0.005296838061873689,0.14869841124471533,0.19053456501877844,0.16739607876515863,0.20912534321182866,0.24886994344122115,0.5970194397601146,2.8290871558823314,192.35101692872016,1.7041482765734525e-42,45.116602086650836,2.0718783419213526e-06,False,False,0.4828897820012874
998,004000.KS,004000,롯데정밀화학,KOSPI,기초 화학물질 제조업,2449288061.685547,502,0.4085962187414233,0.16695086996978906,0.02039062940912389,0.10386606439401842,0.08347543498489453,0.8036834308868048,0.28949612508463324,0.005274178520446414,0.148062288756089,0.1897194700849825,0.1666199484274426,0.10363328118454541,0.04061942842611188,-0.1503462225181729,4.316581990809851,381.78438773442247,1.2490319999786767e-83,26.530758089932785,0.0030882543087338422,False,False,0.4457307289123451
999,306200.KS,306200,세아제강,KOSPI,1차 철강 제조업,1095765720.5859375,502,0.40821634251460376,0.1666405822960003,0.018669001944953013,0.10198929309295315,0.08332029114800014,0.8169513546099583,0.2892269774747636,0.0052643761601199775,0.14778710658326008,0.18936686567474034,0.1663100120068512,0.1020002692125921,0.03718983720780322,0.19718174857284307,3.6178909939382695,269.8186148716882,2.568219997083467e-59,24.74380005682546,0.005852867729256347,False,False,0.47404945536792165
1000,179290.KQ,179290,엠아이텍,KOSDAQ,의료용 기기 제조업,679914665.4863281,502,0.4066869265139908,0.16539425619739617,-0.12337890163070933,-0.040681773532011245,0.08269712809869809,,0.28814336488729597,0.005225003221602681,0.146681788026195,0.18795056681374586,0.16512519173167803,-0.04070519209764167,-0.24577860562942888,0.1845597852521723,1.9269080275714288,78.0117967843063,1.148030871108864e-17,38.17776602031451,3.534031581816502e-05,False,False,0.5509851530758076
1001,002720.KS,002720,국제약품,KOSPI,의약품 제조업,622347272.2324219,502,0.404587380184773,0.1636909482047781,-0.2581040285942465,-0.17625855449185748,0.08184547410238904,,0.28665580700284854,0.005171193676135823,0.14517118984908328,0.18601496330470457,0.163629226529731,-0.1762582353793131,-0.5141596125171102,0.05963501638764455,13.942219977256851,3978.9399761050518,0.0,195.1709094131055,1.6386542595638564e-36,False,False,0.19602433224082372
1002,017800.KS,017800,현대엘리베이터,KOSPI,일반 목적용 기계 제조업,10979504730.890625,502,0.40450127777249284,0.1636212837195794,0.3605744384459371,0.4423850803057268,0.0818106418597897,0.18493083402191454,0.2865948022417366,0.005168992891368787,0.1451094071035043,0.18593579804358296,0.16381127318381997,0.4426124488380319,0.7182871749994462,-0.02042615624743692,3.756864273898393,287.56469808872737,3.598481008230347e-63,8.100686618096754,0.6190025552989581,False,True,0.8295793639247432
1003,900140.KS,900140,엘브이엠씨,KOSPI,자동차 판매업,846865585.0,502,0.4037485728009514,0.16301291003880516,-0.3507847711672935,-0.26927831614789094,0.08150645501940258,,0.2860615002614481,0.005149773636026631,0.1445698639456238,0.18524445494156125,0.16317647660130935,-0.26911858542875444,-0.6987855362142117,0.24554515826045728,2.2507213680369844,107.76948631101436,3.964180207069017e-24,41.62672285727749,8.736564775528244e-06,False,False,0.5323478612209719
1004,017670.KS,017670,SK텔레콤,KOSPI,전기 통신업,36840665480.73047,502,0.40294205788003284,0.16236230200859575,0.34903071573405153,0.43021186673834944,0.08118115100429787,0.1887003992236956,0.2854900731808255,0.005129220146854748,0.14399286477183496,0.18450511760988575,0.16252229351113953,0.4303774664668353,0.6952913464225947,-0.12942676159419267,11.454297404918826,2685.7791580299236,0.0,108.17136383231531,1.246549488169005e-18,False,False,0.1913715492270538
1005,021240.KS,021240,코웨이,KOSPI,그외 기타 개인 서비스업,14671983427.105469,502,0.40209778005747226,0.16168262472714734,0.2516405105206734,0.33248182288424705,0.08084131236357367,0.24314505876526799,0.2848918905572098,0.0051077483251188134,0.14339008520006646,0.18373274659026467,0.16161182931932927,0.33270603903643814,0.5012838741324526,0.23180253769495052,2.0175349943094627,86.93227296493528,1.327078997426067e-19,5.050810987277127,0.8877580307022348,False,True,0.8937574227430775
1006,105560.KS,105560,KB금융,KOSPI,기타 금융업,118663058250.8125,502,0.40156469715069576,0.16125420599773002,0.381215001722583,0.461842104721448,0.08062710299886501,0.17457720327923293,0.28451419387578675,0.00509421406284837,0.14301013714927174,0.18324590052390852,0.16150966850178386,0.46177791200521934,0.7594044875584789,-0.501245677520369,3.0145427190596568,205.73150736201873,2.1182187086504263e-45,14.693612322620291,0.14363786141762436,False,True,0.8309291991409575
1007,025540.KS,025540,한국단자공업,KOSPI,"전동기, 발전기 및 전기 변환 · 공급 · 제어 장치 제조업",1716265934.3691406,502,0.4008027835866862,0.16064287133083602,0.0416814072216642,0.12200284288708221,0.08032143566541801,0.6583570822178155,0.2839743674791803,0.005074901266398013,0.1424679680069807,0.1825511926193094,0.16032975981624392,0.1222214385439384,0.08303200962410884,0.4903135650009034,4.618601604490519,455.0792449452585,1.5163433318583288e-99,23.709228155667677,0.008410745590455562,False,False,0.4094753567978664
1008,011200.KS,011200,HMM,KOSPI,해상 운송업,30039593499.427734,502,0.39895182404558577,0.15916255790930003,0.11382651997561956,0.19340779893026958,0.07958127895465002,0.4114688207756395,0.2826629368044484,0.00502813638728833,0.14115513511603114,0.18086899546787008,0.1588969156109145,0.19306178754797687,0.22674965487206755,-0.44190717088507225,7.7506284055460135,1244.089393269283,7.070021823967405e-271,67.9247967388338,1.1135800353459005e-10,False,False,0.2717612436914245
1009,003960.KS,003960,사조대림,KOSPI,수산물 가공 및 저장 처리업,747999191.0625,502,0.39791320184610773,0.15833491620342127,-0.47108845317428827,-0.3919209950725776,0.07916745810171064,,0.28192705847669014,0.005001990191652684,0.14042113160191605,0.17992848077700346,0.15890016010982136,-0.3917935393412815,-0.9384381091011615,-0.047360689197112185,2.8238188852184383,162.2861613929902,5.7545028419418666e-36,87.17483096112748,1.9418368664267726e-14,False,False,0.5197707708853628
1010,303810.KQ,303810,동국생명과학,KOSDAQ,의약품 제조업,515621900.0,363,0.39743617357123606,0.1579555120629457,-0.8148517587012069,-0.735874002669734,0.07897775603147285,,0.33114206350978126,0.005870370374193061,0.1372519785690129,0.18375074048870102,0.16015522762815573,-0.7351418984388607,-1.1737745571767384,-0.20897884476507192,2.966297303234743,130.62229072573646,4.32244983933746e-29,49.961966741467904,2.7124138986801967e-07,False,False,0.5025846983700984
1011,023410.KQ,023410,유진기업,KOSDAQ,"시멘트, 석회, 플라스터 및 그 제품 제조업",549738203.1291504,502,0.3939300395785265,0.15518087608233946,0.019462358919624737,0.09705279696079447,0.07759043804116973,0.7994662747588123,0.2791049324041583,0.004902350275656762,0.1376239350419915,0.17634429567807766,0.15487325393996798,0.0980774872934061,0.038770254673220705,1.6191540787762397,31.28932940002715,20275.690069485216,0.0,184.22205967937737,3.110184175952549e-34,False,False,0.09205639474825067
1012,095660.KQ,095660,네오위즈,KOSDAQ,소프트웨어 개발 및 공급업,1504178250.0,502,0.3937305659143759,0.1550237585352547,-0.029338172815483368,0.048173706452143986,0.07751187926762736,1.6090080040784918,0.2789636025284049,0.004897386743617848,0.13748459354811773,0.17616575059005649,0.15471836185608223,0.04792672256701979,-0.058443502989574014,-0.1976781594576837,7.370744904249523,1113.508045188342,1.6025080134419452e-242,53.489550990763775,6.038723188035541e-08,False,False,0.30513793534492595
1013,000120.KS,000120,CJ대한통운,KOSPI,도로 화물 운송업,5475271492.09375,502,0.3919254829529299,0.15360558418788736,-0.07244435629169199,0.0043584358022516895,0.07680279209394368,17.62164124438066,0.2776846760508067,0.004852584912501385,0.13622686940589326,0.1745541669803434,0.1533204230983837,0.004404147845421662,-0.14431375737471974,0.2794737215863181,5.987030286678815,738.4693479536668,4.39965441242098e-161,30.739415887961847,0.000647764609652168,False,False,0.3619520556603655
1014,031210.KS,031210,서울보증보험,KOSPI,보험업,3344824824.2578125,346,0.3918198554259572,0.15352279910601802,0.35357353200854175,0.4303349315615508,0.07676139955300901,0.17837594376655855,0.3343864425937604,0.005844513077168894,0.1329614142621877,0.1792788704646044,0.1535751798581866,0.4311661090501782,0.48546207172601363,1.0571511332549575,5.833884680738471,537.6636876814038,1.7693496321524952e-117,15.408828739144832,0.11785232523385726,False,True,0.6669984471497716
1015,020000.KS,020000,한섬,KOSPI,봉제의복 제조업,781949940.6860352,502,0.3912102731026695,0.15304547778106523,0.0027075828104725455,0.07923032170100516,0.07652273889053261,0.9658264316950489,0.2771779398873872,0.004834890478321076,0.1357301326320385,0.17391767379697315,0.15274063540267016,0.07948541076081318,0.005393676868481023,0.5944489913819986,6.121086450738616,794.5761723645093,2.8838750859729867e-173,87.70622406195777,1.5244991107241984e-14,False,False,0.3349211769579623
1016,001790.KS,001790,대한제당,KOSPI,"곡물가공품, 전분 및 전분제품 제조업",610811775.0,502,0.3893538912948891,0.15159645266647231,0.0039611205776444005,0.07975934691088056,0.07579822633323616,0.9503365971380084,0.27586266746101623,0.004789114034410623,0.13444504813400324,0.17227103202188002,0.15129452996479584,0.08129695026814619,0.00789080369038686,2.5300629448343983,29.88405261165245,18828.14830733189,0.0,58.3221579237193,7.517372900806179e-09,False,False,0.03132913701104012
1017,025860.KS,025860,남해화학,KOSPI,"비료, 농약 및 살균, 살충제 제조업",588331104.864502,502,0.3868004450390246,0.1496145842823875,-0.08307140111196984,-0.00826410897077609,0.07480729214119375,,0.27405351514198206,0.004726504431576068,0.13268740548731306,0.1700188783213645,0.14934393161778844,-0.007068324933552737,-0.16548350538971768,2.0884476524043905,22.12421087161349,10387.747338400153,0.0,41.565744170863205,8.957129650100544e-06,False,False,0.06077015650637396
1018,009240.KS,009240,한샘,KOSPI,생활용품 도매업,1417457435.1503906,502,0.38670198291951313,0.14953842359388345,-0.13509429120670144,-0.060325079409759716,0.07476921179694172,,0.27398375335575215,0.004724098423943504,0.13261986150952373,0.16993233091093823,0.14931296077806494,-0.060408670736385624,-0.269116405499064,0.07201401611793042,4.010743486968877,328.2689327212456,5.215632338809024e-72,21.025764335008155,0.020914623757668994,False,False,0.46471560867853845
1019,282330.KS,282330,BGF리테일,KOSPI,종합 소매업,4957510827.7421875,502,0.38651480688655543,0.14939369594255125,0.18856659898209982,0.26326344695337545,0.07469684797127563,0.2837342169439292,0.27385113652337695,0.004719526303593913,0.1324915081364241,0.16976786544081304,0.14923719958253748,0.2636027341227287,0.3756366376548179,0.5468332800395164,5.681854118614027,683.9801413672589,2.989506048196745e-149,27.344670006857587,0.0022964411945101825,False,False,0.35786101265973436
1020,079160.KS,079160,CJ CGV,KOSPI,"영화, 비디오물, 방송프로그램 제작 및 배급업",1593101395.0,502,0.3853787027915227,0.14851674456527678,-0.029563826598293777,0.04469454568434461,0.07425837228263839,1.661463857516047,0.27304619091174637,0.004691822356209069,0.13171377377618654,0.16877131627268405,0.14822436280921217,0.04467718146297635,-0.05889301965215665,0.17941390529472437,5.427595786251722,603.9988555777524,6.971319277951418e-132,30.37964495830117,0.0007423105435314586,False,False,0.39379726259902426
1021,003850.KS,003850,보령,KOSPI,의약품 제조업,1250847425.0,502,0.38404655163146095,0.1474917538200164,-0.07008983235462375,0.003656044555384444,0.0737458769100082,20.17094589326021,0.27210234321767623,0.004659441667367574,0.13080474900905276,0.1676065382690234,0.14721743992880587,0.003783468597780413,-0.1396233961984965,0.42701068631079986,6.1499830958084125,787.6080155978511,9.399233994891134e-172,39.3415315510829,2.2119479673915943e-05,False,False,0.3447833816012348
1022,002310.KS,002310,아세아제지,KOSPI,"골판지, 종이 상자 및 종이용기 제조업",961529821.109375,502,0.3821044820005948,0.1460038351649429,-0.009776332010881213,0.06322558557159023,0.07300191758247145,1.1546261995440357,0.2707263597724254,0.0046124365297951836,0.12948517132974552,0.16591569868956402,0.14571337014427613,0.06363833163064735,-0.01947507408516813,0.8761950295719225,11.359990014595644,2704.1675438002003,0.0,127.5699087265054,1.4617229537152657e-22,False,False,0.14158699802853847
1023,054950.KQ,054950,제이브이엠,KOSDAQ,일반 목적용 기계 제조업,1215812572.0761719,502,0.3782480813667217,0.14307161105760613,-0.024397415864592837,0.04713838966421023,0.07153580552880306,1.5175699899463588,0.26799404608700017,0.004519804048114499,0.12688469483892745,0.16258358066037967,0.14278896988761725,0.047097311031229175,-0.04860120144454605,0.14426673287574174,4.700503376810818,452.4248761309962,5.717239825351231e-99,5.7465060141235424,0.836092027138494,False,True,0.778859565851797
1024,086790.KS,086790,하나금융지주,KOSPI,기타 금융업,63265849465.859375,502,0.3768709268554761,0.1420316955089056,0.4359858459565335,0.5070016937109862,0.0710158477544528,0.14007023770404803,0.2670183128903581,0.004486951866804949,0.12596243383914044,0.16140184242284727,0.14250306407420565,0.5070737521168852,0.8685114867864279,-0.5504785358656143,3.567853354774659,284.43947253619046,1.7169328934313936e-62,10.674044317387054,0.38347026130497885,False,True,0.8027480299774328
1025,081660.KS,081660,미스토홀딩스,KOSPI,생활용품 도매업,4524623500.462891,502,0.3761427560123414,0.14148337290055976,0.05605089974569737,0.12679258619597725,0.07074168645027988,0.5579323568724897,0.2665023936825484,0.004469629696972974,0.12547614766175733,0.16077874010112944,0.14121400058914615,0.12657231208509018,0.1116569510807146,-0.2356422015112174,6.165617088478879,781.0015431232047,2.55664089732072e-170,25.88078474921035,0.003903875605067976,False,False,0.35683775091770265
1026,003490.KS,003490,대한항공,KOSPI,항공 여객 운송업,27927408792.777344,502,0.37545506234867765,0.1409665038432494,0.11852216967560446,0.18900542159722916,0.0704832519216247,0.3729165614721075,0.26601515312146556,0.004453301182599596,0.12501775642590202,0.16019138093568164,0.14074143814092552,0.18917306622173882,0.23610368721092634,0.40575573492641537,4.001502388022631,340.0165187188482,1.4667330639923491e-74,131.64741037408177,2.1539419942499276e-23,False,False,0.44288201021055396
1027,001120.KS,001120,LX인터내셔널,KOSPI,상품 중개업,4013130595.6992188,502,0.3729871527203422,0.1391194160944279,0.15020843925621946,0.21976814730343341,0.06955970804721395,0.3165140576590156,0.26426660469714863,0.004394949461928857,0.12337964552732848,0.15809238912467583,0.13893181981214867,0.21954276133690329,0.2992247480421515,-0.3666519232953108,5.1560664206470825,553.7147009207048,5.7860265310300306e-121,40.945453597855234,1.1537844931304721e-05,False,False,0.39353354951786057
1028,272450.KS,272450,진에어,KOSPI,항공 여객 운송업,998623785.0,502,0.3728192198079589,0.13899417065821518,-0.38082376036801246,-0.3113266750389049,0.06949708532910759,,0.2641476218843392,0.004390992808156542,0.12326857017956139,0.1579500628355517,0.13929279276263457,-0.3109661691804563,-0.7586251099394534,0.5504077801523128,2.9294419668072145,199.7021086781332,4.3175570847766576e-44,42.76482644780268,5.478280867981145e-06,False,False,0.48148125948352116
1029,006040.KS,006040,동원산업,KOSPI,기타 금융업,1627646926.5,502,0.3714373883559853,0.13796573346871505,0.12128538166415259,0.19026824839851011,0.06898286673435752,0.3625558510943736,0.2631685750099001,0.004358503242001713,0.12235648889393036,0.15678136836487927,0.13774927491686062,0.19036828411643275,0.24160818093414527,0.2957954272728358,2.3943229217237203,123.63727091021732,1.4207175426770338e-27,12.422895967445013,0.2577498694441742,False,True,0.8725357733709103
1030,068270.KS,068270,셀트리온,KOSPI,기초 의약물질 제조업,95715791414.125,502,0.3714279189216063,0.13795869895443535,0.1065706588882624,0.17555000836548007,0.06897934947721768,0.39293276098061236,0.2631618657834469,0.004358281013245897,0.12235025025447474,0.15677337449026393,0.1377289495009959,0.17561631804603392,0.21229551889645926,0.24355086553050684,3.9963760836007225,330.4192222668195,1.7798259206992487e-72,28.901648804876572,0.0012925489953423944,False,False,0.4539263518692671
1031,016380.KS,016380,KG스틸,KOSPI,1차 철강 제조업,966128287.6748047,502,0.37106314333511653,0.13768785634173725,-0.042314528368925006,0.026529399801943618,0.06884392817086862,2.5950051145079023,0.26290341718805965,0.004349724769779945,0.1221100503852796,0.156465594620852,0.1374206829788084,0.026296175321446714,-0.08429322714762044,-0.20087595114506607,3.1461255009025475,204.7475942326292,3.464374401444451e-45,22.375420347217403,0.013302220429759653,False,False,0.4950326223830477
1032,207940.KS,207940,삼성바이오로직스,KOSPI,기초 의약물질 제조업,76894673000.0,502,0.37001003982754777,0.1369074295731835,0.08498807733683152,0.15344179212342327,0.06845371478659175,0.4461217106453628,0.2621572786513564,0.00432507015072805,0.12141791997841501,0.15557873399534614,0.1366633682023086,0.15346601879073274,0.16930164612337073,0.1987176242402319,2.9009991185782757,174.40484187419528,1.3442182222631886e-38,20.038398222678705,0.02889159015919735,False,False,0.5062071980479621
1033,003220.KS,003220,대원제약,KOSPI,의약품 제조업,516411507.3149414,502,0.3680313574840433,0.13544708009154768,-0.36710328660564207,-0.2993797465598682,0.06772354004577384,,0.26075535458807864,0.004278935956460105,0.12012279233593018,0.1539192234468539,0.13571204623476324,-0.2979226738762333,-0.7312930550636203,2.4863182479315866,39.276466140073424,32123.827921020777,0.0,88.43363802819849,1.0944081103568151e-14,False,False,0.03424545013789426
1034,004370.KS,004370,농심,KOSPI,기타 식품 제조업,9812229142.5,502,0.3679325051104017,0.13537432831681578,-0.007155252415177671,0.06053191174323022,0.06768716415840789,1.1182062850671142,0.26068531630134945,0.004276637640508324,0.12005827159231365,0.15383654985460257,0.13510486150531573,0.06116090759153999,-0.014253717112774567,1.3992894027930838,9.510564129774126,2012.679788469885,0.0,4.761467858438037,0.9065319852412368,False,True,0.47873865397395876
1035,108670.KS,108670,LX하우시스,KOSPI,플라스틱제품 제조업,697492350.0,502,0.36494110723826445,0.13318201175229044,-0.1476356127047085,-0.08104460682856329,0.06659100587614522,,0.25856586914827095,0.004207379726867438,0.11811399056951788,0.15134524725189355,0.1330032020913789,-0.0809099316861503,-0.29409951419747493,0.454226211634604,8.173922334201611,1383.005814467089,4.831735682482119e-301,35.40752598947284,0.00010636450500394971,False,False,0.25189174751862065
1036,051900.KS,051900,LG생활건강,KOSPI,기타 화학제품 제조업,14672916532.859375,502,0.3647164467508686,0.1330180865305792,-0.05919039807102257,0.007318645194267032,0.0665090432652896,9.087616833425484,0.2584066940566339,0.004202201132209828,0.11796861161152976,0.15115896606508541,0.1327670130531606,0.0073891882228007,-0.11791103107798939,0.3720469379069905,5.046350817305399,531.1497724666712,4.5950725931466075e-116,25.779658036397926,0.004048112648253379,False,False,0.39811108402745776
1037,055550.KS,055550,신한지주,KOSPI,기타 금융업,80200637009.28516,502,0.3644567594202833,0.13282872948713428,0.3783359629256242,0.44475032766919137,0.06641436474356714,0.14932954651574004,0.25822270195761354,0.004196219115755448,0.11780067815152676,0.1509437846889972,0.13313213876108895,0.4448841799283602,0.7536692594788228,-0.26186245184379925,2.188142810838799,102.7936472769256,4.7713701192716355e-23,47.243386460411884,8.527221556270549e-07,False,False,0.5340760767226674
1038,475560.KS,475560,더본코리아,KOSPI,상품 종합 도매업,605426474.4140625,430,0.36315326038705564,0.13188029052974864,-0.6684320691788802,-0.6024919239140059,0.06594014526487432,,0.2780071657663415,0.004502318883262951,0.11586908384481054,0.15147429288800784,0.13334661373169046,-0.6017141143520771,-1.14057853074174,0.3699557264909197,9.440471268860243,1565.0681177415752,0.0,114.49954097767248,6.584023952198056e-20,False,False,0.20051507780189448
1039,017940.KS,017940,E1,KOSPI,기타 전문 도매업,913153334.515625,502,0.362813043053957,0.13163330421007247,0.13093961423093686,0.1967562663359731,0.06581665210503623,0.33450854364480753,0.25705810596537604,0.004158454195331738,0.11674050157029252,0.1495853284549482,0.1314391229113917,0.19662845586056535,0.2608400251743266,-0.16637504804796585,3.4100565953882587,239.0418074373622,1.2380296414754754e-52,63.67385345484267,7.263534836162529e-10,False,False,0.4854557833376639
1040,280360.KS,280360,롯데웰푸드,KOSPI,기타 식품 제조업,1745462323.65625,502,0.36135493289307824,0.13057738752616108,-0.14125774722934947,-0.07596905346626893,0.06528869376308054,,0.2560250145608076,0.004125096518940628,0.11580404978070943,0.14838540686267493,0.1303964547605716,-0.07576467301530815,-0.28139440122672,0.6368328798518695,3.3739792496139582,265.46823540543835,2.2610237352878068e-58,71.32559241916937,2.457774869521494e-11,False,False,0.4557154084439139
1041,215200.KQ,215200,메가스터디교육,KOSDAQ,일반 교습 학원,1131388251.7617188,502,0.36111512855893485,0.13040413607413606,-0.12374181687942439,-0.058539748842356354,0.06520206803706803,,0.255855109842338,0.004119623297464922,0.11565039974868635,0.14818852754317458,0.1302051289313273,-0.05848552575457224,-0.2465015558471073,0.34738502532749715,2.3949111760563895,126.4543429843621,3.473668053736948e-28,34.08447877204538,0.00017870990985193027,False,False,0.5190699953889627
1042,138930.KS,138930,BNK금융지주,KOSPI,기타 금융업,12392536978.911133,502,0.3609127597702559,0.13025802016498242,0.34313492243168997,0.4082639325141812,0.06512901008249121,0.1595267298813591,0.25571172873043957,0.004115007320383203,0.11552081518325773,0.14802248448595284,0.130465770509355,0.40810566827134115,0.6835465518282078,-0.757823059241198,4.867037921814793,531.0424341569438,4.84842402496347e-116,7.053891945000132,0.7203476185066964,False,True,0.7304617562355877
1043,001800.KS,001800,오리온홀딩스,KOSPI,기타 금융업,1916520380.28125,502,0.3602080034988664,0.12974980578463935,0.3405409172734408,0.4054158201657605,0.06487490289231967,0.16002064957848605,0.2552123990735847,0.004098952217651049,0.11507009944667028,0.14744496031404705,0.12995153097391132,0.4063238793676301,0.6783791288542353,1.3968912328683227,10.225398634740865,2301.0273295580923,0.0,33.57998629576403,0.00021751557008600856,False,False,0.10687391780877853
1044,183190.KS,183190,아세아시멘트,KOSPI,"시멘트, 석회, 플라스터 및 그 제품 제조업",632003582.4799805,502,0.3582056396576434,0.1283112802825415,-0.03989580929610731,0.024259830845163435,0.06415564014127074,2.644521330372802,0.2537936963385736,0.004053507469111243,0.11379432665007953,0.14581025007856802,0.1280619962956296,0.02459762388055202,-0.07947498518510265,0.9108654613017575,10.0143884241304,2120.283837886898,0.0,55.88205813459695,2.1600195087255174e-08,False,False,0.13927563591321623
1045,089590.KS,089590,제주항공,KOSPI,항공 여객 운송업,884788055.0,502,0.35726179157991733,0.12763598772289228,-0.4303267960623477,-0.36650880220090154,0.06381799386144614,,0.25312496679914737,0.004032174166003787,0.11319543571899475,0.14504286176491524,0.12811657860619466,-0.3659644857806169,-0.8572383000924546,0.7994489919708145,9.229698144851273,1795.2114839651997,0.0,27.2483414268849,0.0023787566400442885,False,False,0.18136698401697182
1046,012750.KS,012750,에스원,KOSPI,"경비, 경호 및 탐정업",2721219486.4648438,502,0.3550035629453349,0.12602752970388237,0.1822946911297565,0.24530845598169768,0.06301376485194118,0.25687563276107617,0.25152498028610404,0.003981361045135132,0.11176895632595064,0.14321504377824815,0.1259083493019227,0.24524386361328013,0.3631425989965784,-0.1845927491485138,10.736593695305457,2361.0301730855826,0.0,164.030760587065,4.764090558179086e-30,False,False,0.18769381672343244
1047,002350.KS,002350,넥센타이어,KOSPI,고무제품 제조업,675060826.2419434,502,0.35465048919076436,0.12577696948324846,-0.04469466971967178,0.01819381502195245,0.06288848474162423,3.456585914814661,0.2512748226019921,0.003973445546797298,0.11154674412816455,0.14293031239414908,0.12553434478891387,0.018147832274850232,-0.08903461983839378,0.15228761659874307,3.024377767747618,187.97768874337493,1.517621704004982e-41,20.445665431582746,0.02530832974229762,False,False,0.5037504926781077
1048,138040.KS,138040,메리츠금융지주,KOSPI,기타 금융업,27766729396.5,502,0.35384072256333154,0.12520325694414056,0.1907179644743841,0.2533195929464544,0.06260162847207028,0.24712509499927524,0.25070109164190946,0.003955321278554664,0.11103794060025389,0.1422783574871734,0.12509818672438977,0.25336969245677377,0.3799222943100826,0.09067036464628951,2.213167471822037,100.02033820871704,1.9092355789625043e-22,10.945085099160792,0.3618123770295306,False,True,0.894362772791589
1049,058850.KS,058850,KTcs,KOSPI,기타 정보 서비스업,622901835.0750732,502,0.35306293038621434,0.12465343281290084,-0.13864217485797498,-0.07631545845152456,0.06232671640645042,,0.2501500150262468,0.003937951673810871,0.11055032278011666,0.1416535488663042,0.12448139560112194,-0.07653434772492353,-0.2761840149948549,-0.2848250702799129,9.795499217778913,1969.2317992495773,0.0,13.475762065536097,0.19827379499262876,False,True,0.5402141971812882
1050,011150.KS,011150,CJ씨푸드,KOSPI,기타 식품 제조업,705856747.5,502,0.3510274155084373,0.12322024643853309,-0.3765792383166285,-0.3149691150973619,0.061610123219266545,,0.24870782431904034,0.0038926755947293144,0.10927928505002679,0.14002490590369332,0.12353753350541255,-0.3149460043941934,-0.7501697525196329,-0.14751776361354027,6.2741853724921,805.83070653106,1.0377324626682285e-175,46.82741849252953,1.015024050129876e-06,False,False,0.35782714066361954
1051,348950.KS,348950,제이알글로벌리츠,KOSPI,부동산 임대 및 공급업,1147235372.574463,502,0.3505733959255885,0.12290170593079944,-0.5267207917085962,-0.4652699387431965,0.06145085296539972,,0.24838614510636403,0.0038826125174654166,0.10899678375701104,0.13966292314589895,0.12375781353134438,-0.46649224405214545,-1.0492612596734734,-3.559931465618267,28.750827719107896,17987.95515556111,0.0,102.84383832022415,1.467426819605225e-17,False,False,0.0
1052,114090.KS,114090,GKL,KOSPI,유원지 및 기타 오락관련 서비스업,2367665602.458008,502,0.3504296400897364,0.12280093265342219,-0.10118359404145433,-0.03978312771474323,0.061400466326711096,,0.24828429208979508,0.003879428968586191,0.1089074118232402,0.13954840650524777,0.1225969367407421,-0.04008069789555364,-0.20156414368575426,-0.4127897471653193,2.8541629489859535,179.78845833604245,9.108194945520502e-40,5.19059545759755,0.8780876501129309,False,True,0.8440433508179441
1053,030190.KS,030190,NICE평가정보,KOSPI,기타 정보 서비스업,959200943.1674805,502,0.34674527636717895,0.12023228668295129,0.23905622870006182,0.29917237204153746,0.06011614334147564,0.20094149379919696,0.24567386895771567,0.0037982823569720054,0.10662937876201174,0.13662945105181495,0.12021955743926734,0.2993598326807041,0.47621518574377397,0.29279034930899506,0.9236480661630058,24.168066307686182,5.648993592783885e-06,15.355808452473712,0.11961812756873096,False,True,0.9389164804020651
1054,300720.KS,300720,한일시멘트,KOSPI,"시멘트, 석회, 플라스터 및 그 제품 제조업",1469739516.2373047,502,0.34293364430956347,0.11760348439943819,0.06968133057517609,0.12848307277489518,0.05880174219971909,0.4576613940634879,0.2429732744335496,0.003715235335170237,0.10429799538644374,0.13364213522485013,0.11738848231904836,0.12852781257837909,0.13880963471721586,0.2970010830735697,1.8312162581581353,75.18894274041915,4.708998302065735e-17,11.657910455353205,0.30860341756872883,False,True,0.8977951961779793
1055,170900.KS,170900,동아에스티,KOSPI,의약품 제조업,916870427.8007812,502,0.34108616451989837,0.11633977162689518,-0.26293335068663426,-0.20476346487318667,0.05816988581344759,,0.24166430921128776,0.0036753131307386807,0.10317725725871264,0.1322060785119389,0.11638236015291396,-0.2048693080448795,-0.5237799287487714,-0.18697435262417955,1.8932989422171715,75.47052597685848,4.0905670049755256e-17,11.535707421180994,0.3173302808782597,False,True,0.9023365907586153
1056,002030.KS,002030,아세아,KOSPI,회사 본부 및 경영 컨설팅 서비스업,507674218.1875,502,0.33996514100876774,0.11557629710111134,-0.13898184695551483,-0.08119369840495916,0.05778814855055567,,0.24087004840388057,0.0036511940533985876,0.10250016114226244,0.13133848205987309,0.1154227160438299,-0.08156198696638894,-0.27686066337963666,-0.6724386210003183,4.336404598060418,421.01742881035017,3.77769543444228e-92,121.4323762302815,2.5904683441241465e-21,False,False,0.41003255168725994
1057,185750.KS,185750,종근당,KOSPI,의약품 제조업,2552977917.65625,502,0.339429883527547,0.11521264583152413,-0.20329818730786872,-0.14569186439210666,0.057606322915762065,,0.24049081100610614,0.0036397058729815764,0.10217765285408233,0.13092523637762954,0.11514714711241418,-0.14561189125097163,-0.40498289693869083,0.3294453646420295,8.346107613377528,1433.109620791263,0.0,59.639547744243934,4.240335541130483e-09,False,False,0.2524621330885426
1058,316140.KS,316140,우리금융지주,KOSPI,기타 금융업,40559143563.26514,502,0.3378681143800014,0.11415486271469773,0.4649095663648806,0.5219869977222295,0.057077431357348864,0.10934646189735571,0.23938427576237864,0.0036062892337327588,0.10123954579711875,0.12972319381010378,0.11478516459332988,0.5223792536780096,0.926129374266548,-0.10676553520853586,3.898484312316998,310.6366275272429,3.516522446621584e-68,21.995835847393487,0.015125828431864295,False,False,0.4674505035984994
1059,039840.KQ,039840,디오,KOSDAQ,의료용 기기 제조업,549796660.0,502,0.3330585354681585,0.11092798804819458,-0.2278574441558914,-0.1723934501317941,0.05546399402409729,,0.23597662196040248,0.0035043483869595534,0.09837775508744497,0.12605624106004973,0.11091304379718431,-0.17272309847788625,-0.45390649589784715,-0.7564704987960278,6.761448682990132,981.6043479314583,7.03597261679483e-214,69.85392125103677,4.73124495512208e-11,False,False,0.2953034426790422
1060,035150.KS,035150,백산,KOSPI,플라스틱제품 제조업,576763662.3969727,502,0.33299019581501416,0.11088247050892146,-0.09634647866360586,-0.040905243409145135,0.05544123525446073,,0.23592820236211093,0.003502910433219143,0.09833738733707299,0.12600451588226522,0.110698424982259,-0.04085651520705303,-0.19192830273464345,0.3925606137474135,2.3015768042130826,120.29305782571514,7.563004999959727e-27,32.71760182878103,0.0003037989248612192,False,False,0.5202583362272504
1061,002960.KS,002960,한국쉘석유,KOSPI,석유 정제품 제조업,804923487.046875,502,0.3329759320553345,0.11087297132811871,0.3280978597153454,0.38353434537940473,0.05543648566405936,0.14454112475694914,0.2359180962892522,0.0035026103426873552,0.09832896287991852,0.1259937212122616,0.11107928425428162,0.38390423015413,0.6535917681631087,0.37651799440435124,21.364414187969263,9359.692593797525,0.0,109.76204384664545,5.959023090727861e-19,False,False,0.17489880037304328
1062,003920.KS,003920,남양유업,KOSPI,동·식물성 유지 및 낙농제품 제조업,535797528.8183594,502,0.33058841522670607,0.10928870028210504,-0.09329837886504978,-0.038654028723997265,0.05464435014105252,,0.23422650728583147,0.0034525613173485683,0.09692393398054688,0.12419338879485588,0.10910553572172217,-0.0385553295290077,-0.18585629440577378,0.5169975506348373,4.936204496760255,519.3775667190108,1.6542242185686072e-113,12.987046284316808,0.22439697570442207,False,True,0.7434042942701327
1063,060980.KS,060980,HL홀딩스,KOSPI,기타 금융업,610023649.7246094,502,0.329372960339809,0.10848654700300939,0.16465875441027059,0.21890202791177527,0.054243273501504694,0.24779703513467002,0.23336534053040792,0.0034272203317311976,0.09621253516928227,0.12328183861806141,0.10837802765079935,0.21893744088991307,0.3280106933093485,0.08819638586611918,8.146626453511157,1357.3732339035726,1.778882719330095e-295,56.528347700010464,1.6343089052848935e-08,False,False,0.2775220505342566
1064,139130.KS,139130,iM금융지주,KOSPI,기타 금융업,6073753361.142822,502,0.3288773224753812,0.10816029323857587,0.43260627774787447,0.4866864243671624,0.054080146619287936,0.11111907772978928,0.23301417418423115,0.003416913583423139,0.09592319328633157,0.12291109067698892,0.10868748604086205,0.48687167452555496,0.8617791723390198,-0.4908887527224947,2.9242808615573583,193.93078415626155,7.735088462515242e-43,40.357737235638666,1.4654779044927519e-05,False,False,0.48568144438175254
1065,192080.KS,192080,더블유게임즈,KOSPI,소프트웨어 개발 및 공급업,2339703394.5234375,502,0.32853766329716294,0.10793699620476002,0.17421444373226244,0.22818294183464244,0.05396849810238001,0.23651416564472824,0.23277352091473566,0.003409859361904892,0.09572515975763415,0.1226573406070746,0.10784242144430725,0.22833012597009097,0.3470462331491895,0.3838880866045463,4.83821708274107,489.81551109746147,4.3442337960295914e-107,27.377529738380453,0.0022689969050772685,False,False,0.40668769216968204
1066,097950.KS,097950,CJ제일제당,KOSPI,기타 식품 제조업,12736031804.398438,502,0.325489847013233,0.10594364050869783,-0.3346299661098634,-0.28165814585551446,0.05297182025434891,,0.23061410052928677,0.003346886861086638,0.09395732945691537,0.12039213296595098,0.1061769514247921,-0.2815784757080025,-0.6666041388379025,0.06111075775404908,3.1571288325244,203.11890132727913,7.821516965421366e-45,15.396451129527836,0.11826254403561258,False,True,0.8538551520194654
1067,033780.KS,033780,케이티앤지,KOSPI,담배 제조업,36053878962.96484,502,0.3229541577234049,0.10429938799083388,0.37553900169761417,0.42768869569303114,0.05214969399541694,0.12193376752900388,0.22881752926858112,0.0032949429490035367,0.0924991053031152,0.11852363886087987,0.10465126132454604,0.42801186415263304,0.748097535127787,0.14473235607696774,7.427245590462757,1129.1150560142448,6.543059499206363e-246,56.210654971127404,1.8745653097419506e-08,False,False,0.3061251246907114
1068,039130.KS,039130,하나투어,KOSPI,여행사 및 기타 여행보조 서비스업,2694179747.4648438,502,0.3228378004407625,0.10422424539342957,-0.23278135226448174,-0.18066922956776696,0.05211212269671479,,0.22873508850945193,0.0032925691040917252,0.09243246423106345,0.11843824838784471,0.104231655779329,-0.18085552437811817,-0.46371523347924537,-0.4390231288113005,3.8717913194639326,321.4789079280777,1.5550419854317546e-70,91.39918828085077,2.82610087591163e-15,False,False,0.44650118203670297
1069,381970.KS,381970,케이카,KOSPI,자동차 판매업,897812654.2207031,502,0.31584823793806643,0.09976010940858143,-0.18741172812700094,-0.13753167342271022,0.049880054704290716,,0.2237828859002352,0.003151541686098045,0.08847339416838787,0.11336529780312506,0.09970076169357232,-0.13787627013530734,-0.37333606158632726,-0.9231787868935911,12.96313245095728,3509.8975821851104,0.0,15.621174611913379,0.11100242256581681,False,True,0.4884547475404273
1070,020560.KS,020560,아시아나항공,KOSPI,항공 여객 운송업,825511225.0,502,0.31044263212270135,0.09637462783927088,-0.18190239058255994,-0.1337150766629245,0.04818731391963544,,0.2199529387164276,0.003044590256749662,0.08547094111268123,0.10951810749241689,0.0963139499997854,-0.1333264025482271,-0.3623611113985916,1.3719101203380515,13.587718297672915,3935.2517110797435,0.0,18.216759461740885,0.05141545550429262,False,True,0.45853932531079655
1071,000640.KS,000640,동아쏘시오홀딩스,KOSPI,기타 금융업,1165830522.5078125,502,0.3088073674589984,0.09536199019695685,-0.03604813281365541,0.011632862284823013,0.047680995098478424,4.0988188401994705,0.21879433087348665,0.003012599817268546,0.08457287183620056,0.10836736729607835,0.09517718269162738,0.011606938808900591,-0.07181016933513895,0.21877931368999326,1.065483758837673,26.73371239277083,1.5662032236253202e-06,5.151278836602714,0.8808459099505089,False,True,0.9374679432729718
1072,093050.KS,093050,LF,KOSPI,봉제의복 제조업,721578243.6435547,502,0.3074511806039528,0.09452622845476441,0.28570616519779585,0.33296927942517807,0.047263114227382205,0.14194436888885048,0.2178334535539761,0.0029861970999321237,0.0838316669749969,0.10741762516610477,0.09466184988073577,0.33315103982437544,0.5691448211479901,0.1707957498534583,2.8178872343542265,163.84249280894556,2.6427418118382614e-36,18.878526961274094,0.041832978256457334,False,False,0.511808691130496
1073,004360.KS,004360,세방,KOSPI,도로 화물 운송업,549425286.953125,502,0.30733180568435153,0.094452838785204,0.028041158081287983,0.07526757747388998,0.047226419392602,0.6274470492820717,0.21774887475693458,0.0029838786321164826,0.08376658050705496,0.10733422668353783,0.09426780598396842,0.07507848644228256,0.05585976728891495,-0.3818119375563197,6.6102565124996175,904.7597331765586,3.4191662388660536e-197,13.32019802039694,0.2063160700989314,False,True,0.6770843277670959
1074,003690.KS,003690,코리안리,KOSPI,재 보험업,2469357766.7160645,502,0.3066975223904606,0.09406337024044709,0.45043877655591524,0.4974704616761388,0.04703168512022354,0.09454166376383151,0.217299476188458,0.0029715748529656576,0.08342117587307103,0.10689164279080683,0.09468113226057964,0.497977742705628,0.8973026421867836,0.3518694194253234,2.5340941809101416,140.7122732325987,2.784313284563869e-31,69.10424154621828,6.600723208959081e-11,False,False,0.5125078005640221
1075,089860.KS,089860,롯데렌탈,KOSPI,운송장비 임대업,1295560218.2490234,502,0.3061078466501012,0.09370201378076189,0.2181076409481946,0.26495864783857553,0.04685100689038094,0.17682384505118942,0.2168816826943912,0.002960159168349931,0.08310070276330248,0.10648100488244694,0.09370412996628424,0.26513142363020414,0.43448426887299085,0.38604312654080963,7.792883380289972,1253.6881496359895,5.822068257855979e-273,20.535544901256483,0.024575417070177793,False,False,0.27358403945089727
1076,383800.KS,383800,LX홀딩스,KOSPI,기타 금융업,913392334.7958984,502,0.3058478282541439,0.09354289404777631,0.12357047523375349,0.17034192225764164,0.046771447023888156,0.27457390643476765,0.21669745603093304,0.002955132384853424,0.08295958560795991,0.10630018455232498,0.09341714751959862,0.17041150123927046,0.2461602324100962,0.3319167861021304,4.249391695209406,377.29944520512083,1.1761601509103907e-82,103.62762791825887,1.0216041004603661e-17,False,False,0.43664958797543474
1077,001680.KS,001680,대상,KOSPI,기타 식품 제조업,2227130545.8515625,502,0.3050304968388637,0.09304360400176404,-0.13742657973890193,-0.09090477773801992,0.04652180200088202,,0.21611836531305414,0.002939359212562515,0.08251678451935768,0.10573280180693827,0.09293320287872096,-0.09098292239309623,-0.2737624723370189,-0.018913684323951963,2.6402593572637283,141.65565579796385,1.7372614322217954e-31,7.827612361646243,0.6456710789138816,False,True,0.8799274166348687
1078,035600.KQ,035600,KG이니시스,KOSDAQ,소프트웨어 개발 및 공급업,696169181.9902344,502,0.30458125231055644,0.09276973925906683,0.014672146554404417,0.06105701618393783,0.046384869629533414,0.7596976159102876,0.21580006929318146,0.0029307074963797683,0.08227390443960318,0.10542158765232575,0.09258579323516831,0.06104023061615638,0.029227847501234194,0.20793008277814598,4.943973317551731,502.3138063263403,8.393495546364263e-110,88.35973731319848,1.1319015199709316e-14,False,False,0.4136591951916291
1079,004690.KS,004690,삼천리,KOSPI,연료용 가스 제조 및 배관공급업,1051926439.2226562,502,0.3045296819062927,0.09273832716194781,0.1877825191790591,0.234151682760033,0.046369163580973906,0.1980304520317912,0.21576353094182477,0.0029297151505001855,0.0822460462619554,0.10538589160341774,0.09269351911918888,0.23429633841336484,0.37407470090431616,0.4102325847389974,5.202502961546561,566.3699371755512,1.0335483176185647e-123,28.220073121045218,0.0016644035891253016,False,False,0.38853852774780495
1080,192400.KS,192400,쿠쿠홀딩스,KOSPI,기타 금융업,540493194.3945312,502,0.3037945102577586,0.09229110446275139,0.12367590482030191,0.16982145705167762,0.046145552231375696,0.2717298098398328,0.21524265156565658,0.002915586848237462,0.08184942169546658,0.10487767709985224,0.09216795498013275,0.16991043748945034,0.24637025484044273,0.4150252941663593,1.590967047727311,65.43941321164829,6.1661199892003255e-15,31.850915209039858,0.0004239963188227645,False,False,0.5507381299078471
1081,005300.KS,005300,롯데칠성음료,KOSPI,비알코올음료 및 얼음 제조업,2072773902.21875,502,0.30290175463900676,0.09174947296338906,-0.11242244638981692,-0.0665477099081224,0.04587473648169453,,0.21461012174667715,0.002898476058575504,0.08136906960462399,0.10426217841416735,0.09161685908281822,-0.06654570043639778,-0.22395265114161944,0.2774790510250164,3.020667792338358,191.99433930786347,2.036849500946162e-42,30.24381198402944,0.0007813966455607612,False,False,0.49557134594310615
1082,069260.KS,069260,티케이지휴켐스,KOSPI,기타 화학제품 제조업,984641984.4658203,502,0.30142763623787805,0.09085861988795452,-0.03327687505575865,0.012152434888218606,0.04542930994397726,3.738288693734908,0.21356568828041256,0.0028703329398473373,0.08057900636435393,0.1032498316475671,0.09068202086891798,0.0119655751625351,-0.06628964792853509,-0.3904466486686446,11.21010346237805,2583.710053862256,0.0,87.29354648628556,1.8396765404759568e-14,False,False,0.17397022342209034
1083,451800.KS,451800,한화리츠,KOSPI,부동산 임대 및 공급업,716651642.4755859,502,0.3005421777464937,0.09032560060460501,0.11154765822303299,0.1567104585253355,0.045162800302302505,0.2881926370919335,0.21293832857804273,0.0028534942204340484,0.080106292115796,0.10264411970368535,0.09019504563745197,0.15671501052425868,0.22221001757128,0.1114959910771718,10.632420061858532,2313.639669473124,0.0,519.8135721715544,2.5685364105098938e-105,False,False,0.19256693392818858
1084,030200.KS,030200,케이티,KOSPI,전기 통신업,20185538257.476562,502,0.30051327094485786,0.09030822601397756,0.21662637814256483,0.2617804911495536,0.04515411300698878,0.1724884570607384,0.21291784770553748,0.0028529453362461108,0.08009088326135297,0.10262437558299056,0.09031454735459503,0.26161813344338386,0.43153349931574425,-0.767689863804782,7.156124855504032,1095.4543921581715,1.3338320679800088e-238,21.508257571092184,0.01781538128219862,False,False,0.2767950572486664
1085,395400.KS,395400,SK리츠,KOSPI,부동산 임대 및 공급업,1545726237.7424316,502,0.29451812206783046,0.08674092422636148,0.13338734246502829,0.17675780457820903,0.04337046211318074,0.24536660328336934,0.2086702010323722,0.0027402499878025873,0.07692718086523069,0.09857056858634418,0.08663873744196067,0.17678074698052695,0.26571605522795316,0.1399509640504729,8.154913447297117,1361.120944279713,2.7311298454485893e-296,330.5233838153706,5.3803644091549e-65,False,False,0.27369883060159816
1086,032640.KS,032640,LG유플러스,KOSPI,전기 통신업,11387626245.03955,502,0.2914996761046039,0.084972061169089,0.2690654184494793,0.31155144903402376,0.0424860305845445,0.13636922799195422,0.20653158992915877,0.0026843694790998416,0.07535844442915669,0.09656046967557261,0.08509008062054423,0.3116418916662975,0.5359953970699944,-0.08370192684030434,3.5747033870689,260.8200987391553,2.3101233724231902e-57,36.00158017620288,8.412348176267714e-05,False,False,0.48355821912587926
1087,271560.KS,271560,오리온,KOSPI,기타 식품 제조업,13210105657.554688,502,0.2906759742380772,0.0844925219992553,0.22112593594595165,0.2633721969455793,0.04224626099962765,0.16040516610930278,0.2059479856576386,0.002669220260711778,0.07493315963102046,0.09601553141198461,0.0845182446450947,0.2635109647260339,0.4404969041463005,0.3224745749713732,2.2310656531253397,109.60719614931348,1.5816113311387212e-24,17.199789488585463,0.0700584018866414,False,True,0.8781037406112682
1088,215000.KQ,215000,골프존,KOSDAQ,소프트웨어 개발 및 공급업,987699250.0,502,0.29061491559815184,0.08445702916812092,-0.31854452034778885,-0.2763160057637284,0.04222851458406046,,0.2059047247588575,0.002668098999542952,0.07490168240773233,0.09597519810245562,0.08469144923068275,-0.27619268012465886,-0.6345609095817064,0.19304495499040078,5.615971229653457,646.9816398530845,3.2338655475091054e-141,16.173260951670994,0.09477886382632375,False,True,0.7344116309995677
1089,091700.KQ,091700,파트론,KOSDAQ,전자부품 제조업,1071602262.9970703,502,0.2896700674293054,0.08390874796449833,-0.09689680090917108,-0.05494242692692191,0.04195437398224917,,0.2052352866409109,0.0026507781377359185,0.07441543295060164,0.09535214283219762,0.08377885696110095,-0.0551077650423073,-0.1930245795889043,-0.37553151720379485,6.538639233251931,885.0918945097085,6.378772578266972e-193,71.1150943245387,2.6994096484917148e-11,False,False,0.3307258000234101
1090,029780.KS,029780,삼성카드,KOSPI,기타 금융업,3080832001.8671875,502,0.28584553112939903,0.08170766766664822,0.16136857781263494,0.20222241164595905,0.04085383383332411,0.2020242637836254,0.20252554928093525,0.002581243367232479,0.07246337971065987,0.09285088130658721,0.08164823599916302,0.2022084398186508,0.32145645262675693,-0.07326781960858739,3.8549659099364577,303.238420042296,1.4210643263518254e-66,16.044801408750708,0.09835707097519267,False,True,0.8216420127456203
1091,095570.KS,095570,AJ네트웍스,KOSPI,산업용 기계 및 장비 임대업,587618355.0153809,502,0.28524763735812814,0.08136621461839418,0.09812559516351549,0.13880870247271257,0.04068310730919709,0.2930875844559868,0.20210193319724187,0.002570456455291449,0.07216055816899085,0.09246286121789057,0.08124233938436295,0.13882605940448084,0.19547241576224117,0.2334747932347866,3.371808455948325,235.97365223085242,5.740800842875137e-52,7.208406504204607,0.7056345069549935,False,True,0.8327036332666728
1092,453340.KS,453340,현대그린푸드,KOSPI,종합 소매업,591706305.378418,502,0.27967929458247887,0.07822050781815298,0.24547536750080262,0.2845856214098791,0.03911025390907649,0.1374287770243575,0.1981566846052239,0.0024710797989107034,0.06937075210997727,0.08888814593013866,0.078303809740359,0.28480237291440735,0.4890025177992179,0.5798374465354352,1.4723475887541602,71.6843029029887,2.7161353327266046e-16,68.00899570146147,1.0728104647830499e-10,False,False,0.5450885287370338
1093,033270.KS,033270,유나이티드,KOSPI,의약품 제조업,566302235.6992188,502,0.26911946118539626,0.07242528438871801,-0.10730524655635695,-0.07109260436199795,0.036212642194359004,,0.19067489522545156,0.002288001729666472,0.06423119192098081,0.08230257546707108,0.07232670304058024,-0.07113132951262495,-0.21375886417179046,0.10158609184492037,3.188264116495856,207.7019230103523,7.908615798121415e-46,31.428455519162178,0.0004983530009869309,False,False,0.49975570863469176
1094,145990.KS,145990,삼양사,KOSPI,기타 식품 제조업,593440488.1367188,502,0.2688453091375331,0.07227780024525574,-0.004741228775449011,0.03139767134717886,0.03613890012262787,1.1510057457135279,0.1904806546723087,0.0022833425284194465,0.06410039392130458,0.08213497757705314,0.0721339097668665,0.03119713603901714,-0.00944482875109287,-0.6700065147953627,6.450683085429201,887.3164612661376,2.0973870640397977e-193,28.84853987009584,0.0013183572939122026,False,False,0.31505216016932847
1095,330590.KS,330590,롯데리츠,KOSPI,부동산 임대 및 공급업,1086192510.4233398,502,0.2652460155985577,0.07035544879091031,0.10317007722252274,0.13834780161797788,0.035177724395455155,0.2542702087351702,0.18793050495289848,0.0022226131368859236,0.062395534544558075,0.07995045766828292,0.07025753684703036,0.13817227628411002,0.20552134430835878,-0.749937842038929,3.4260553796776394,285.7478962541033,8.925503419072023e-63,125.91035189712544,3.183142805280255e-22,False,False,0.44583165177857764
1096,365550.KS,365550,ESR켄달스퀘어리츠,KOSPI,부동산 임대 및 공급업,1138354230.1374512,502,0.26448450301852855,0.06995205233695803,-0.12969704391936626,-0.09472101775088725,0.034976026168479016,,0.18739096265904,0.0022098693583536863,0.062037777784985204,0.07949204639140946,0.06987945690170067,-0.094835942959235,-0.2583647462203249,-0.3334466802563503,1.628570342397646,62.824943205602146,2.2789611407650493e-14,75.66284085605443,3.5345181260298244e-12,False,False,0.5544845559083492
1097,024110.KS,024110,기업은행,KOSPI,은행 및 저축기관,16295167128.042969,502,0.26378919225386654,0.06958473794994738,0.25315502139724666,0.28794739037222034,0.03479236897497369,0.12082890881559549,0.18689832527556322,0.002198265455657204,0.0617120208192163,0.07907463801928859,0.06970043827085148,0.2879346947168262,0.5043008759580072,-0.5867119172849429,5.96320948816475,754.7774254025675,1.2652156092360907e-164,89.67628594928927,6.2088905067453805e-15,False,False,0.34254144521359
1098,136480.KQ,136480,하림,KOSDAQ,"도축, 육류 가공 및 저장 처리업",1170318200.0,502,0.26209163694666315,0.0686920261573815,-0.0599909243820745,-0.025644911303383748,0.03434601307869075,,0.1856955836421091,0.002170063617822204,0.060920309154396744,0.07806017904549073,0.06856947084477845,-0.02485491108686066,-0.11950573031667222,4.24667480541561,74.08713405405845,114003.47028354382,0.0,34.89803553343492,0.00012996762452642746,False,False,0.0
1099,344820.KS,344820,케이씨씨글라스,KOSPI,유리 및 유리제품 제조업,684463218.0253906,502,0.24819040259811742,0.06159847594181561,-0.2129681989929436,-0.1821689610220358,0.030799237970907806,,0.17584636504142456,0.0019459698458795017,0.05462931300377476,0.06999921722982662,0.06165575177389505,-0.18219696234323637,-0.42424617418435595,-0.21162765070883463,1.9959035135271428,84.41891465858669,4.663001957375506e-19,56.57130696608124,1.604262819959789e-08,False,False,0.546075831844023
1100,007310.KS,007310,오뚜기,KOSPI,기타 식품 제조업,1654370826.78125,502,0.23437769460811364,0.05493290372981418,-0.10602683891683103,-0.07856038705192393,0.02746645186490709,,0.1660598686016173,0.0017353964131481593,0.048717874041183495,0.062424600648895164,0.054868085517951914,-0.0785689890793765,-0.2112121949851158,0.23815611044659474,3.798570800428317,298.68727738216967,1.3831899001057682e-65,24.28735254081482,0.006873127721068781,False,False,0.4631872399509528
1101,030000.KS,030000,제일기획,KOSPI,광고업,4895454315.233398,502,0.22932809648595406,0.05259137583787105,0.09033323778864297,0.11662892570757849,0.026295687918935527,0.22546454714730213,0.16248215783840306,0.0016614247344444344,0.046641263245863554,0.059763737420515196,0.05251899346578199,0.1165453396047557,0.17994954511864591,-0.47735851407739,4.33401171457343,401.93865469423605,5.249647000578974e-88,31.563328092474872,0.00047332786046066453,False,False,0.423145571905703
1102,035250.KS,035250,강원랜드,KOSPI,유원지 및 기타 오락관련 서비스업,7802537415.0,502,0.2283301309721499,0.052134648709759125,0.07775634299284089,0.10382366734772044,0.026067324354879563,0.25107304548948683,0.16177508534002236,0.0016469961758557368,0.04623620956787143,0.05924472228310076,0.05205478708531012,0.10376836712690803,0.15489557215240524,-0.2136073213420083,4.0951235354512185,345.61435114195444,8.928884727668147e-76,8.337984165679925,0.5958599267432788,False,True,0.801478952815228
1103,214320.KS,214320,이노션,KOSPI,광고업,1279407228.0498047,502,0.21678091061819513,0.0469939632084539,0.03336379266847532,0.056860774272702266,0.02349698160422695,0.4132371024625211,0.1535923014892145,0.0014845957459792075,0.0416771338275879,0.05340295500535212,0.04690476696870973,0.0567892358839425,0.06646279333164529,-0.3012300220329344,2.5144142174001276,135.93436359993325,3.0354843194561287e-30,25.966723647072037,0.0037851994092701906,False,False,0.5167693587481319
1104,000080.KS,000080,하이트진로,KOSPI,알코올음료 제조업,2781304181.0722656,502,0.21024945792856994,0.0442048345592575,-0.11305126842740924,-0.0909488511477805,0.02210241727962875,,0.14896467607788708,0.0013964838217046269,0.03920356318066688,0.05023344765615329,0.04416749374407518,-0.09095043909338116,-0.22520530456571208,0.2544982767956566,4.226184415879433,369.5022976515333,5.802238009024358e-81,34.02941097209526,0.0001825913731009,False,False,0.4428551494990485
1105,293940.KS,293940,신한알파리츠,KOSPI,부동산 임대 및 공급업,1026404472.1213379,502,0.19442881531569378,0.037802564225064166,-0.03078636686944628,-0.011885084756914199,0.018901282112532083,,0.13775552992650064,0.0011942284115662785,0.03352563650027635,0.04295804181152511,0.037731021424904206,-0.011920828683620438,-0.06132839749389696,0.010157954042601778,3.6264965217172467,267.8675659256347,6.8123526052679585e-59,49.27053409341103,3.6336245285087884e-07,False,False,0.48613045958655043
1106,088980.KS,088980,맥쿼리인프라,KOSPI,신탁업 및 집합투자업,10770357446.69336,503,0.12494986055741054,0.015612467653316338,-0.04217907573638045,-0.034372841909722285,0.007806233826658169,,0.08844067603881271,0.0004927251100659382,0.013847701900675934,0.017739347786293578,0.015588488769394804,-0.03439167444305452,-0.08419077418809273,-0.2854927948010394,3.8574433889892488,310.59455639002385,3.5912780020616084e-68,73.74397085518589,8.349102732013382e-12,False,False,0.45738219450874784
